offset,offset_fin,largo_original,encoding,texto,ruido_probable,palabra_reconocible,traduccion
0x94,0xC2,46,ascii,I've got some time till that client\ngets here.,,si,
0xD4,0x102,46,ascii,This place is full of all sorts of\nmementos.  ,,si,
0x128,0x162,58,ascii,"There's some newspaper clippings\nand photos on the walls, ",,si,
0x174,0x19A,38,ascii,and a couple other photos on my\ndesk. ,,si,
0x1AC,0x1D6,42,ascii,They keep the blanks in my\nmemory filled. ,,si,
0x1F92,0x1FA0,14,ascii,2CC3D33D3CD3DE,si,,
0x8DF2,0x8DFC,10,ascii,UTdUVUeFWU,si,,
0xB2D2,0xB2DD,11,ascii,5DDCTSTEDUC,si,,
0x10115,0x10121,12,ascii,"5-""AM""FBD3c+",,si,
0x10F53,0x10F5D,10,ascii,0Tp.RbUD2S,si,,
0x1F043,0x1F04F,12,ascii,EQ2!S42dCRP%,si,,
0x1F772,0x1F77D,11,ascii,R5wfG4UTVUd,si,,
0x22C87,0x22C91,10,ascii,"""4&2""2""12'",si,,
0x26A92,0x26A9D,11,ascii,"QR""1BC2""2B2",si,,
0x2BE02,0x2BE0E,12,ascii,E33CUsQ5EDm4,si,,
0x2DE84,0x2DE91,13,ascii,"DC!""C3BbRCR0,",si,,
0x2E555,0x2E561,12,ascii,"ETECDRFUp2c,",si,,
0x2E887,0x2E891,10,ascii,6SeRBe %'+,,,
0x2EC46,0x2EC51,11,ascii,"o64DQC3tA0,",si,,
0x2F617,0x2F621,10,ascii,"F4EScbQC ,",,,
0x2FA12,0x2FA21,15,ascii,EqQVo04QfCToc7+,si,,
0x33624,0x3362E,10,ascii,E5D1 6To!b,,si,
0x366F2,0x36700,14,ascii,2RC12CDR144UP4,,si,
0x38D24,0x38D2E,10,ascii,5VDUVc5B5R,si,,
0x38EB3,0x38EBE,11,ascii,O/5% 13!0-0,,,
0x3A454,0x3A45E,10,ascii,"4Rl""32""Q!A",si,,
0x3BBE7,0x3BBF1,10,ascii,T2OcS544DK,si,,
0x41DD4,0x41DE1,13,ascii,"5A""TT4F%eRUd&",si,,
0x46870,0x4687E,14,ascii,Ed Brown....  ,,,
0x46890,0x468C6,54,ascii,"The one guy I'd trust with my life,\nmy best friend... ",,si,
0x468D8,0x468EE,22,ascii,and a good partner.   ,,si,
0x4A277,0x4A281,10,ascii,"BSCAc3""""3G",si,,
0x4A3F7,0x4A401,10,ascii,04C1D3!2B',si,,
0x58AB7,0x58AC1,10,ascii,"1""T231""C5)",si,,
0x59123,0x59131,14,ascii,"SSd0""dEE!FS%dI",si,,
0x599C2,0x599CD,11,ascii,&d6u%W362'd,si,,
0x65C32,0x65C3C,10,ascii,"!eF2AL240,",si,,
0x66BB3,0x66BBE,11,ascii,EUQ256cb43%,si,,
0x72880,0x7288E,14,ascii,Lorraine....  ,si,,
0x728A0,0x728AA,10,ascii,My wife.  ,,si,
0x728BC,0x728DA,30,ascii,"No, that was a long time ago. ",,si,
0x728EC,0x72922,54,ascii,She moved to Beyond and\nremarried after my accident.  ,,si,
0x72934,0x72952,30,ascii,She's someone else's wife now.,,,
0x72964,0x72972,14,ascii,She's a Nisei ,,,
0x72974,0x72992,30,ascii," half Japanese,\nhalf American.",,,
0x729A4,0x729D6,50,ascii,There was something kinda\nmysterious about her.   ,,si,
0x74A02,0x74A10,14,ascii,EEUTUdeeUFTeUT,si,,
0x97076,0x97081,11,ascii,? 21PPAEe28,,,
0xA8AB2,0xA8AC0,14,ascii,"MBRDcbR&Db/""/3",si,,
0xBCBD2,0xBCBE0,14,ascii,"4C3232""""SSTTFE",si,,
0xBCCC2,0xBCCD0,14,ascii,"STTDFDC3""CDDEE",si,,
0xBCDB2,0xBCDC0,14,ascii,TFTEDDTTDDEDDd,si,,
0xBCDE2,0xBCDF0,14,ascii,42C33B23343CD3,si,,
0xBDAE2,0xBDAF0,14,ascii,"""2""""""""""""2""1""""""",si,,
0xBDB96,0xBDBA0,10,ascii,"""!""""""""""""""""",si,,
0xBDC25,0xBDC30,11,ascii,"""""""""""""""""!""""",si,,
0xBDC42,0xBDC50,14,ascii,"""""""""""""""""""""""""""""",si,,
0xBDC92,0xBDC9D,11,ascii,"""""""""!""""""2""""",si,,
0xBDCB2,0xBDCC0,14,ascii,"""!""""!2""""""""""""""""",si,,
0xBDCC2,0xBDCD0,14,ascii,"2""""""""""""2""""""""""""",si,,
0xBDCD2,0xBDCE0,14,ascii,"""""2""""""""!!1!1!""",si,,
0xBDCF2,0xBDCFE,12,ascii,"""""""""""!1!""""""""",si,,
0xBDD03,0xBDD0E,11,ascii,"""""""""""!!!""""""",si,,
0xBDE52,0xBDE60,14,ascii,"""!""!""""""""""!""!""!",si,,
0xBDE92,0xBDEA0,14,ascii,"!""!""""!""!""!""!""""",si,,
0xBDEA2,0xBDEAD,11,ascii,"!""!""!""""!""!""",si,,
0xBDFD6,0xBDFE0,10,ascii,"!!""""""""""""""""",si,,
0xBDFF2,0xBDFFF,13,ascii,"""""""""""""""""""""""""""",si,,
0xBE022,0xBE02F,13,ascii,"""""""""""""""""""""""""""",si,,
0xBE362,0xBE36E,12,ascii,"!!!!!""!!!!!!",si,,
0xBFA78,0xBFA86,14,ascii,Wrong number. ,,,
0xBFA98,0xBFAB6,30,ascii,Thank you for wasting my time.,,si,
0xBFAC8,0xBFB06,62,ascii,"Hello, Mr. Ingram, this is the\nDepartment of Water and Power. ",,si,
0xBFB18,0xBFB4E,54,ascii,This is your final notice regarding\nyour water bill.  ,,si,
0xBFB60,0xBFB96,54,ascii,Maybe if you gave me something I\ncould actually drink.,,si,
0xBFBA8,0xBFBBE,22,ascii,"Jon, where you been?  ",,si,
0xBFBD0,0xBFC16,70,ascii,"I feel like crap too, you know. \nThat's why I'm in a bar.  Call me!   ",,si,
0xBFC28,0xBFC36,14,ascii,"Yeah, yeah.   ",,,
0xBFC48,0xBFC5A,18,ascii,Maybe next time.  ,,,
0xBFC6C,0xBFC8A,30,ascii,You piece of shit detective!  ,,si,
0xBFC9C,0xBFCBA,30,ascii,"Remember me, you little punk? ",,si,
0xBFCCC,0xBFCDF,19,ascii,I got news for you ,,si,
0xBFCE1,0xBFD06,37,ascii, this ain't\nover! Watch your back!   ,,si,
0xBFD18,0xBFD2E,22,ascii,That wasn't very nice.,,si,
0xBFD40,0xBFD62,34,ascii,"Hi, Tom Olsen, we talked before.  ",,si,
0xBFD74,0xBFDB2,62,ascii,"Listen, I'm not going to be needing\nyour services after all.  ",,si,
0xBFDC4,0xBFDD2,14,ascii,Thanks anyway.,,,
0xBFDE4,0xBFDFA,22,ascii,There goes another.   ,,si,
0xBFE0C,0xBFE56,74,ascii,"The signboard! The\nSIGNBOARD! It's got an extra pair\nof legs, god dammit! ",,si,
0xBFE68,0xBFE96,46,ascii,This is why some people shouldn't\nhave kids.  ,,si,
0xBFEA8,0xBFEBA,18,ascii,Still no offers.  ,,si,
0xBFECC,0xBFEFA,46,ascii,When's someone gonna call with\nan actual case?,,si,
0xE7225,0xE7230,11,ascii, CTUEDDTUUD,si,,
0xE9112,0xE9120,14,ascii,4DC3DC4DC4C4DC,si,,
0xE9122,0xE9130,14,ascii,4DC4DC4D3DC4DC,si,,
0xE9132,0xE9140,14,ascii,4DC4DC4D4DC4DC,si,,
0xE9142,0xE9150,14,ascii,4D4TCE4D4ETDTE,si,,
0xE9152,0xE9160,14,ascii,DTDDUUTEdTfUTE,si,,
0xE9162,0xE9170,14,ascii,UUUUEUffffffVU,si,,
0xE9172,0xE9180,14,ascii,UUUUUUUUUUUeff,si,,
0xE9182,0xE9190,14,ascii,ffffffffffVUUU,si,,
0xE9192,0xE91A0,14,ascii,33333C33CC343D,si,,
0x101F67,0x101F71,10,ascii,"!""2C44""!""H",si,,
0x104A02,0x104A0C,10,ascii," 31D&T6""CS",,,
0x106744,0x10674E,10,ascii,/!0TUTTD!R,si,,
0x10A8F6,0x10A900,10,ascii,"""""""""""""""""""""",si,,
0x10A932,0x10A940,14,ascii,4DC4DC4DC4D3DC,si,,
0x10A942,0x10A950,14,ascii,4DC4DC4DC4D4DC,si,,
0x10A952,0x10A960,14,ascii,4DC4DC4DC4C4DC,si,,
0x10A962,0x10A970,14,ascii,TDSD4T4D4ETDTE,si,,
0x10A972,0x10A980,14,ascii,DDEDUeEUdDFVEU,si,,
0x10A982,0x10A990,14,ascii,TEUUUffffVUUUU,si,,
0x10A992,0x10A9A0,14,ascii,UUUUUUUUefffff,si,,
0x10A9A2,0x10A9B0,14,ascii,3333333333333C,si,,
0x10A9B2,0x10A9C0,14,ascii,3333333333333C,si,,
0x10A9C2,0x10A9D0,14,ascii,343433333CD3DC,si,,
0x12BC56,0x12BC61,11,ascii,"!!""Uf4212BH",si,,
0x13AEE2,0x13AEF0,14,ascii,"""""2""""3BB4DCTEd",si,,
0x13AEF2,0x13AF00,14,ascii,UUDTfffVeeffff,si,,
0x13AF32,0x13AF40,14,ascii,"3223""333333343",si,,
0x13AF76,0x13AF80,10,ascii,"""3DU5324Ud",si,,
0x13DD52,0x13DD5F,13,ascii,2%TS5bC6TTQ45,si,,
0x13E1F2,0x13E1FD,11,ascii,"C0A!""!201P!",si,,
0x1425C2,0x1425D0,14,ascii,DC3D34C3BDDD3C,si,,
0x15E342,0x15E350,14,ascii,4DC4DC4C4DC4DC,si,,
0x15E352,0x15E360,14,ascii,4DC4DCDC4DC4DC,si,,
0x15E362,0x15E370,14,ascii,4DC4D3DD4ETTTD,si,,
0x15E372,0x15E380,14,ascii,EUDTUUUUETVTUU,si,,
0x15E382,0x15E390,14,ascii,VfdVffffffffff,si,,
0x15E392,0x15E3A0,14,ascii,fffUUUUUUUUUUU,si,,
0x15E3A2,0x15E3B0,14,ascii,UUffffffffVUUU,si,,
0x15E3B2,0x15E3C0,14,ascii,33333433333C43,si,,
0x166375,0x166380,11,ascii,6d32&DPS2gB,si,,
0x1961D5,0x1961DF,10,ascii,.332Ap20B3,si,,
0x1983F2,0x1983FF,13,ascii,"fFE4""!""!2DTce",si,,
0x19E2E2,0x19E2F0,14,ascii,4DcSUDDFS45UDE,si,,
0x19E342,0x19E350,14,ascii,"""""!""""""""22C2443",si,,
0x19E3D2,0x19E3E0,14,ascii,4D4DC4DC4DC4DC,si,,
0x19E3E2,0x19E3F0,14,ascii,4C4DC4DCUSDTDU,si,,
0x19E3F2,0x19E400,14,ascii,SETDU4ETDU4ETD,si,,
0x19E402,0x19E410,14,ascii,T4ETDTDETETTUU,si,,
0x19E412,0x19E420,14,ascii,UUUUUUUfffffff,si,,
0x19E422,0x19E430,14,ascii,ffffffUUUUUUUU,si,,
0x19E432,0x19E440,14,ascii,Ueffffffffffff,si,,
0x19E442,0x19E450,14,ascii,33333D4DDCDDCD,si,,
0x1A63D3,0x1A63DD,10,ascii, 1d?1-KRBr,,,
0x1AB8A0,0x1AB8DE,62,ascii,"Well, well, who's this? A client\nactually showing up on time? ",,si,
0x1AB8F0,0x1AB8FA,10,ascii,It's open!,,,
0x1B9532,0x1B9540,14,ascii,E4TDDDD4344TUT,si,,
0x1B9542,0x1B9550,14,ascii,DEUTUeeETTUDTT,si,,
0x1B9563,0x1B9570,13,ascii,!C33C33DUeUff,si,,
0x1B95B2,0x1B95C0,14,ascii,334DDDC3333334,si,,
0x1B95D2,0x1B95E0,14,ascii,DTDDDUDDTUDTUD,si,,
0x1B9604,0x1B9610,12,ascii,"!2""""33CCDCCC",si,,
0x1B9612,0x1B9620,14,ascii,DDTDED44D3CCDD,si,,
0x1C1862,0x1C1870,14,ascii,UVefffVTTEED3B,si,,
0x1C4146,0x1C4150,10,ascii,"!""""333CDDT",si,,
0x1C7912,0x1C7920,14,ascii,TeffUEE33D4CDU,si,,
0x1C7932,0x1C7940,14,ascii,VVDUfDD3TeU4D3,si,,
0x1C7962,0x1C7970,14,ascii,CEDDED3C44CCCD,si,,
0x1C7972,0x1C7980,14,ascii,"D4C3333""!!""""""2",si,,
0x1D6080,0x1D6092,18,ascii,"Hello, Jonathan.  ",,,
0x1D60A4,0x1D60B2,14,ascii,Lorraine...?  ,si,,
0x1D80D3,0x1D80E0,13,ascii,"""""""233CEDDDEE",si,,
0x1D8226,0x1D8231,11,ascii,"5 2""""3B QR+",,,
0x1E3373,0x1E3380,13,ascii,"""23""23333""33C",si,,
0x1E5232,0x1E5241,15,ascii,"EUEV44C33433CD,",si,,
0x1E9642,0x1E9650,14,ascii,DCeVFUDEUED3TU,si,,
0x1EAAA0,0x1EAAAA,10,ascii,Surprised?,si,,
0x1EAABC,0x1EAADA,30,ascii,"It's been... what, 28 years?  ",,si,
0x1EAAEC,0x1EAB06,26,ascii,What are you doing here?  ,,si,
0x1EAB18,0x1EAB42,42,ascii,Look at you.  You haven't changed\na bit.  ,,si,
0x1EAB54,0x1EAB7E,42,ascii,I could probably pass for your\nmother now.,,si,
0x1EAB90,0x1EABA6,22,ascii,But... why? Why now?  ,,si,
0x1EABB8,0x1EAC06,78,ascii,I don't expect you to forgive me.  I\nknow I've got a lot of nerve\ncoming here.,,si,
0x1EAC18,0x1EAC42,42,ascii,But you're the only one who can\nhelp me.  ,,si,
0x1EAC54,0x1EAC62,14,ascii,What's wrong? ,si,,
0x1EAC74,0x1EAC9A,38,ascii,Something's... happened to my\nhusband.,,si,
0x1EACAC,0x1EACCE,34,ascii,"I see.  Alright, well, come on in.",,si,
0x1EACE0,0x1EACFE,30,ascii,"To be honest, I'd rather not. ",,si,
0x1EAD10,0x1EAD4E,62,ascii,You wouldn't recognize me.  I just\nwouldn't feel comfortable. ,,si,
0x1EEE64,0x1EEE6E,10,ascii,"N5!N?3""!C2",si,,
0x1F6C46,0x1F6C51,11,ascii,DB AC12U2B+,,,
0x1F6E32,0x1F6E3C,10,ascii,"!""""1!""O 3!",,,
0x1F8A45,0x1F8A4F,10,ascii,NMP!2D424!,si,,
0x20AB77,0x20AB81,10,ascii,"0 1DAB""!!C",,,
0x20FCC5,0x20FCCF,10,ascii,2A4!! 22!3,,,
0x221857,0x221861,10,ascii,R2BB3DC4!+,si,,
0x223C04,0x223C0E,10,ascii,"2""%APA1R11",si,,
0x2278D2,0x2278DE,12,ascii,4r1w-C%%D3TE,si,,
0x238595,0x23859F,10,ascii,"/dB!a""2R'D",si,,
0x240E82,0x240E8E,12,ascii,cSADSUUSU43V,si,,
0x241A46,0x241A51,11,ascii,!CT&EVbAE3+,si,,
0x244162,0x24416D,11,ascii,UQD65A44eM',si,,
0x247812,0x24781C,10,ascii,"""2""""""2BRU3",si,,
0x24AA04,0x24AA0F,11,ascii,O2 .MRMo--A,,,
0x2506C2,0x2506CD,11,ascii,"A  ""An0""1Q2",,si,
0x2506D2,0x2506E1,15,ascii,"!&&24CbA""ASo0""+",si,,
0x2566B2,0x2566BC,10,ascii,E5CrC4EvUU,si,,
0x2569E2,0x2569ED,11,ascii,6Q1E4DC!OCC,si,,
0x25C845,0x25C851,12,ascii,"R!A""32B4O41+",si,,
0x25CBA3,0x25CBAF,12,ascii,%322233AB2C2,si,,
0x267547,0x267551,10,ascii,"""1!!22100+",si,,
0x267976,0x267980,10,ascii,%%21pAB2OB,si,,
0x268A45,0x268A50,11,ascii,"T 3B24""314A",,,
0x268D44,0x268D51,13,ascii,"6!QPR!13P""""A+",si,,
0x2695C2,0x2695CF,13,ascii,"1B1""&n""""4AA32",si,,
0x269C75,0x269C80,11,ascii,"32""C1BBA22""",si,,
0x26A133,0x26A140,13,ascii,"EA""2 %""4131q?",,,
0x270BE2,0x270BED,11,ascii,4r3Buu4tT%e,si,,
0x284070,0x284086,22,ascii,"Fair enough, Lorraine.",,,
0x284098,0x2840B2,26,ascii,"Or should it be ""ma'am""?  ",,si,
0x2840C4,0x2840EE,42,ascii,"At any rate, you'll need to fill me\nin.   ",,si,
0x285C22,0x285C30,14,ascii,"CDDDDDSUUD""2Te",si,,
0x28B077,0x28B081,10,ascii,!25D55BS4E,si,,
0x291BE5,0x291BF0,11,ascii,&QSTRTDfEc5,si,,
0x291F82,0x291F8D,11,ascii,"""23""BC&5CWE",si,,
0x297AF6,0x297B00,10,ascii,?Ep3dDB%B2,si,,
0x29ED82,0x29ED90,14,ascii,CT44DCDDDeUeUU,si,,
0x29ED92,0x29EDA0,14,ascii,DDDDDDETUETETT,si,,
0x2A00F0,0x2A0112,34,ascii,Not a whole lot's changed since   ,,si,
0x2A0124,0x2A013A,22,ascii,me and you lived here.,,si,
0x2A014C,0x2A0176,42,ascii,New LA is a separate place just up\nnorth. ,,si,
0x2A0188,0x2A01B6,46,ascii,We get the odd bit of snow like\ntoday as well.,,si,
0x2A01C8,0x2A01E2,26,ascii,Some real crazy weather.  ,,si,
0x2A3992,0x2A399E,12,ascii,CTDEQE5TC!CV,si,,
0x2ABE46,0x2ABE50,10,ascii,0&?FUE02oA,si,,
0x2B2992,0x2B299D,11,ascii,"B""!F3V6Cp3b",si,,
0x2B5503,0x2B550E,11,ascii,G704U FD?5O,,,
0x2B6F72,0x2B6F7E,12,ascii,E3DCCC4%UTD?,si,,
0x2B81D6,0x2B81E0,10,ascii,! ! 0! O 0,,,
0x2B9355,0x2B9361,12,ascii,BUDC3VdC425D,si,,
0x2C0812,0x2C081C,10,ascii,"?W4Cda""BE'",si,,
0x2C6894,0x2C68A0,12,ascii,5UC3CD333333,si,,
0x2D08A0,0x2D08C6,38,ascii,Big difference from Beyond's\ngrowth.  ,,si,
0x2D08D8,0x2D090E,54,ascii,"Times have changed, and this\nplace got left behind.   ",,si,
0x2DC145,0x2DC150,11,ascii,"?OQ.2&2S3""E",si,,
0x2DD945,0x2DD951,12,ascii,5S2qSESVbC4+,si,,
0x2DE402,0x2DE411,15,ascii,aBB?RQ1q 03Cn!+,,,
0x2E8890,0x2E88CA,58,ascii,"None of the friends or contacts I\nhad are still around,   ",,si,
0x2E88DC,0x2E8906,42,ascii,but I do know guys in the same\nbusiness.  ,,si,
0x2E8918,0x2E8932,26,ascii,"Are you married, Jonathan?",,si,
0x2E8944,0x2E895A,22,ascii,I noticed your ring.  ,,si,
0x2E896C,0x2E899E,50,ascii,"Oh... no, I just keep a lot of old\nstuff around.  ",,si,
0x2E89B0,0x2E89D6,38,ascii,This is from... when we were\ntogether.,,si,
0x2E89E8,0x2E8A16,46,ascii,"Damned thing left a mark on my\nskin, you know?",,si,
0x2EC712,0x2EC71D,11,ascii,ST5TC56SBCR,si,,
0x2FE2F2,0x2FE2FC,10,ascii,"BP""3O&c2!S",si,,
0x2FF3B6,0x2FF3C0,10,ascii,"SS""cCpPC3S",si,,
0x303676,0x303680,10,ascii,4Cnd4!3SfG,si,,
0x304307,0x304311,10,ascii, !1!%BQ1o+,,,
0x304EE2,0x304EEC,10,ascii, DV6Cf4B22,,,
0x3083B4,0x3083BE,10,ascii,"2C2O!1!""""1",si,,
0x3090B4,0x3090BF,11,ascii,"""A23r2dpAa!",si,,
0x309275,0x309281,12,ascii,Gd6TCE%fSVV+,si,,
0x30D4F2,0x30D4FC,10,ascii,"PN""%1BB ""A",,,
0x311C05,0x311C11,12,ascii,dTB4Ab51!R1+,si,,
0x31D116,0x31D121,11,ascii,C6ETs&B3Vd+,si,,
0x31F165,0x31F171,12,ascii,331CPa%3Cc +,,,
0x325356,0x325360,10,ascii,"6bDC""%35ad",si,,
0x32FD66,0x32FD71,11,ascii,FFDCQE51TD+,si,,
0x338066,0x338071,11,ascii,41?/}RP0?A+,si,,
0x33C0F0,0x33C11A,42,ascii,I see you still keep pictures of me\ntoo.  ,,si,
0x33C12C,0x33C136,10,ascii,Yeah....  ,si,,
0x33C148,0x33C162,26,ascii,That's... nice to know.   ,,si,
0x33C174,0x33C1A6,50,ascii,It feels like it was all... just the\nother day.   ,,si,
0x33C1B8,0x33C1C2,10,ascii,I'm sorry.,,,
0x33C1D4,0x33C20E,58,ascii,Here I am talking to you about my\nhusband and everything. ,,si,
0x33CF52,0x33CF60,14,ascii,UDTETSDd&5TVTD,si,,
0x33CF62,0x33CF70,14,ascii,CDbCD45T5ET5C4,si,,
0x33CF72,0x33CF80,14,ascii,EUUTUDEUeVTUEU,si,,
0x33D032,0x33D040,14,ascii,SFR455EUTSDTVf,si,,
0x3465E6,0x3465F1,11,ascii,",.N.COB0C6""",si,,
0x3480A2,0x3480AE,12,ascii,"""!!2BBBB3TSV",si,,
0x349412,0x34941E,12,ascii,3D3D3C4BEDdd,si,,
0x384CA4,0x384CB1,13,ascii,dV!&C%&3%41T+,si,,
0x38E080,0x38E08E,14,ascii,You smoke now?,,si,
0x392AF7,0x392B01,10,ascii,"0""30!!21!+",si,,
0x392D13,0x392D1D,10,ascii,"1""!0A3%%""2",si,,
0x3990A8,0x3990E2,58,ascii,Doesn't carry as much stigma\nhere as it does out there.   ,,si,
0x3AED92,0x3AEDA0,14,ascii,BD4333333DCCC4,si,,
0x3B0080,0x3B009A,26,ascii,You never smoked before.  ,,si,
0x3B00AC,0x3B00D2,38,ascii,"Well, I was an astronaut back\nthen.   ",,si,
0x3B8DC2,0x3B8DCF,13,ascii,"DD33C4333""""""""",si,,
0x3C0B02,0x3C0B0D,11,ascii,BQ D66U&aD4,,,
0x3C9230,0x3C925A,42,ascii,"So, something's happened to your\nhusband? ",,si,
0x3C926C,0x3C928E,34,ascii,"Exactly 3 weeks ago, my husband,  ",,si,
0x3C92A0,0x3C92D6,54,ascii,"Kenzo Hojo, left for work and\nsimply never came home. ",,si,
0x3C92E8,0x3C932A,66,ascii,"I've been to his company and the\npolice, but no one will help me. ",,si,
0x3C933C,0x3C935A,30,ascii,And now you're trying Home?   ,,si,
0x3C936C,0x3C939E,50,ascii,I have a real bad feeling about the\nwhole thing.  ,,si,
0x3C93B0,0x3C93CA,26,ascii,Maybe he went into hiding?,,si,
0x3C93DC,0x3C93EA,14,ascii,"Oh, come on.  ",,si,
0x3C93FC,0x3C942A,46,ascii,People don't just disappear on a\nspace colony.,,si,
0x3C943C,0x3C9462,38,ascii,It's impossible to stay hidden\nthere. ,,si,
0x3C9474,0x3C9492,30,ascii,Had he received any threats?  ,,si,
0x3C94A4,0x3C94B6,18,ascii,Not that I know.  ,,si,
0x3C94C8,0x3C94F6,46,ascii,It's as if he just... vanished into\nthin air. ,,si,
0x3C9508,0x3C953E,54,ascii,It doesn't fit the profile of a\nransom kidnapping.... ,,si,
0x3C9550,0x3C957A,42,ascii,"You think someone's following\nyou, huh?   ",,si,
0x3C958C,0x3C95C6,58,ascii,That's what it feels like.  Could\njust be my imagination. ,,si,
0x3CD292,0x3CD2A0,14,ascii,UDDDDCDTDEDUET,si,,
0x3CD2A2,0x3CD2B0,14,ascii,UE33333UETED23,si,,
0x3CD2C6,0x3CD2D0,10,ascii,"""2C33CSTD2",si,,
0x3CD2D2,0x3CD2E0,14,ascii,"""2333333C443""""",si,,
0x3CD2F2,0x3CD300,14,ascii,fU43CC33333C34,si,,
0x3E0444,0x3E044E,10,ascii,6TC?S42C3E,si,,
0x3E5FC6,0x3E5FD0,10,ascii,RD5CDeVT5D,si,,
0x3EB437,0x3EB441,10,ascii,"31""1D&ED5'",si,,
0x3FFCD7,0x3FFCE1,10,ascii,4B41?1d2b+,si,,
0x40CA37,0x40CA41,10,ascii,332D25A24+,si,,
0x40F002,0x40F00E,12,ascii,C6R%cdTUt&Db,si,,
0x415CB2,0x415CBD,11,ascii,GUS5t524D/1,si,,
0x41F652,0x41F65D,11,ascii,"%3""%21AC BB",,,
0x42F232,0x42F23C,10,ascii,"10SN1""R02!",si,,
0x42F323,0x42F32D,10,ascii,"EA%BA11Q""2",si,,
0x433956,0x433961,11,ascii,43RC4%C243(,si,,
0x439B42,0x439B51,15,ascii,TUV4Cq5TQd!!mC+,si,,
0x43DDE5,0x43DDF1,12,ascii,"3""0231FT134+",si,,
0x43E472,0x43E47D,11,ascii,CTQBBUE4p.1,si,,
0x441007,0x441011,10,ascii,"""05P!Mc3/+",si,,
0x4484B7,0x4484C1,10,ascii,3CBS6TPB3+,si,,
0x44E5E6,0x44E5F0,10,ascii,2O0d-%3!DD,si,,
0x458B92,0x458BA0,14,ascii,EDDDTEUUUUUUTC,si,,
0x461F24,0x461F31,13,ascii,43?R1BP20!S2K,si,,
0x46A125,0x46A131,12,ascii,444QBVToCFV(,si,,
0x46AB02,0x46AB0D,11,ascii,"1!""121QBWUO",si,,
0x472B76,0x472B80,10,ascii,"""2344C4DCD",si,,
0x472BD6,0x472BE0,10,ascii,"""23CCDEEUU",si,,
0x472BE2,0x472BF0,14,ascii,TUEDUTUUUUUUUU,si,,
0x472BF2,0x472C00,14,ascii,TDDC3CDD4C33CC,si,,
0x472C02,0x472C10,14,ascii,DDDDDD3C232323,si,,
0x474140,0x474166,38,ascii,So this Hojo guy....  What's he\nlike? ,,si,
0x474178,0x474196,30,ascii,"Well, Kenzo is also a Nisei.  ",,si,
0x4741A8,0x4741EE,70,ascii,He works as a pharmaceutical\nengineer for Tokugawa\nPharmaceuticals.   ,,si,
0x474200,0x47423A,58,ascii,He's honest and hard-working.... \nHe'd never hurt anyone. ,,si,
0x47424C,0x474272,38,ascii,Here's the picture I told you\nabout.  ,,si,
0x474284,0x4742A2,30,ascii,I brought a picture of him.   ,,si,
0x4742B4,0x4742C6,18,ascii,That's him there. ,,si,
0x47B656,0x47B661,11,ascii,"BC!AAO!13"")",si,,
0x47D886,0x47D891,11,ascii,"oD0""6UC44F7",si,,
0x47F115,0x47F121,12,ascii,"3?CT5""B4VT%+",si,,
0x485F56,0x485F61,11,ascii,"V4SU""UE%GS+",si,,
0x4864D7,0x4864E1,10,ascii,CBe045B45+,si,,
0x487EB3,0x487EBD,10,ascii,  ! 01CC4B,,,
0x48A123,0x48A131,14,ascii,nVBSF2TdUUsEU+,si,,
0x48A317,0x48A321,10,ascii,"""C!""!1""1""+",si,,
0x48AB66,0x48AB71,11,ascii,"""1""""""!R05SG",si,,
0x48EC07,0x48EC11,10,ascii,"R!1T""BBcRI",si,,
0x495C13,0x495C1E,11,ascii,"""4Dc5V4CA1!",si,,
0x49BEA2,0x49BEAC,10,ascii,DB4RT13R!Q,si,,
0x4A0FA4,0x4A0FB0,12,ascii,6EQSba1!Q2SB,si,,
0x4A1592,0x4A159C,10,ascii,"FUaR""%U""!""",si,,
0x4A1C73,0x4A1C7D,10,ascii,3EO3CCDB4D,si,,
0x4A3F23,0x4A3F2E,11,ascii,32455UdTfcF,si,,
0x4AA702,0x4AA70C,10,ascii,"T!G6""Bb%TT",si,,
0x4AEEC2,0x4AEED0,14,ascii,"!422!3223""""B30",si,,
0x4B5FB4,0x4B5FBE,10,ascii,"""11O""3""!N""",si,,
0x4B7222,0x4B7231,15,ascii,oAc!dB%V?0TRCR+,si,,
0x4BBDA6,0x4BBDB0,10,ascii,"""3CD433D33",si,,
0x4C60B2,0x4C60C0,14,ascii,323DC32343D433,si,,
0x4C9EE2,0x4C9EF0,14,ascii,EDD4DDUDDDTUEU,si,,
0x4CF8F4,0x4CF912,30,ascii,Looks like a nice enough guy. ,,,
0x4CF924,0x4CF93A,22,ascii,And you look happy.   ,,si,
0x4CF94C,0x4CF96A,30,ascii,"Yeah... I am.  Was, anyway.   ",,si,
0x4CF97C,0x4CF99A,30,ascii,There's those earrings again. ,,si,
0x4CF9AC,0x4CF9CE,34,ascii,"I'll let you hang onto that, yeah?",,si,
0x4CF9E0,0x4CFA02,34,ascii,"A little early for that, isn't it?",,si,
0x4D4DC2,0x4D4DCF,13,ascii,W1E4B41/2V2T?,si,,
0x4DBD54,0x4DBD5F,11,ascii,"""21SSC3UTSe",si,,
0x4DD4B2,0x4DD4BC,10,ascii,"TTED4DD""33",si,,
0x4EC467,0x4EC471,10,ascii,!T C454D2+,,,
0x4EC6C2,0x4EC6CC,10,ascii,DD!VO3US%B,,si,
0x4EDC16,0x4EDC21,11,ascii,"!""30P2DBSO+",si,,
0x4EDCC2,0x4EDCD1,15,ascii,pQETD5aA&Sb3R2+,si,,
0x4F1792,0x4F17A0,14,ascii,CCDCDD24DTVVUE,si,,
0x4F17A2,0x4F17B0,14,ascii,"""""""!!""""2333CD4",si,,
0x4F65A7,0x4F65B1,10,ascii,CFdEVTbVCH,si,,
0x4F68F6,0x4F6900,10,ascii,"et!0S NE""""",,,
0x4FE074,0x4FE07E,10,ascii,"""!!Q.?""""/!",si,,
0x4FECA2,0x4FECB0,14,ascii,44333C33333322,si,,
0x505D42,0x505D4C,10,ascii,"3SP ""6""/11",,,
0x505E95,0x505EA1,12,ascii,"Q?/3!SR0""1 +",,,
0x50ACD2,0x50ACE0,14,ascii,EDSUeffeU54DVD,si,,
0x512D52,0x512D5D,11,ascii,CAA?RP0D55C,si,,
0x5181B0,0x5181F2,66,ascii,"Lorraine, I'm gonna need more\nthan just your instincts for this.  ",,si,
0x518204,0x518226,34,ascii,What are the clues you\nmentioned? ,,si,
0x518238,0x518262,42,ascii,Is there anything you'd consider\nclues?   ,,si,
0x518274,0x518296,34,ascii,I have a few things Kenzo gave\nme.,,si,
0x5182A8,0x5182D2,42,ascii,Some drug capsules and a piece of\na leaf. ,,si,
0x5182E4,0x51831E,58,ascii,"I don't know what they mean, but\nthey must be important.  ",,si,
0x518330,0x518346,22,ascii,Capsules and a leaf?  ,,si,
0x518358,0x518366,14,ascii,"He said to me,",,si,
0x518378,0x5183C6,78,ascii,"""If anything happens to me, give\nthese to the police or someone\nyou trust.""   ",,si,
0x5183D8,0x5183F2,26,ascii,That's quite a statement. ,,,
0x518404,0x518426,34,ascii,See? And then he just\ndisappears? ,,si,
0x51C267,0x51C271,10,ascii,  2634PRC+,,,
0x51D7B5,0x51D7C1,12,ascii,"R212 RS2""4%+",,,
0x51DFF7,0x51E001,10,ascii,6314EB33B+,si,,
0x525022,0x525030,14,ascii,feVEDUVfeeeVUe,si,,
0x525062,0x525070,14,ascii,D4DDC33D4C33DD,si,,
0x52D6A2,0x52D6B0,14,ascii,"222D33""23""3CCD",si,,
0x52D6B2,0x52D6BC,10,ascii,UDDDDDDDD4,si,,
0x5404E7,0x5404F1,10,ascii,"C3P24340A,",si,,
0x542602,0x54260D,11,ascii,233D454&U10,si,,
0x549C72,0x549C7D,11,ascii,"suu!A-""GfGT",si,,
0x54A5E5,0x54A5F0,11,ascii,"N?&?""-N101N",si,,
0x556E72,0x556E80,14,ascii,"""2""""""""""2323C33",si,,
0x556E82,0x556E8C,10,ascii,"33323C3""""""",si,,
0x55AAA5,0x55AAB0,11,ascii,"33 21  !""B ",,,
0x56F7C7,0x56F7D1,10,ascii,VQCSP?/L0&,si,,
0x577F83,0x577F8D,10,ascii,122%1Q5ORE,si,,
0x58AA22,0x58AA30,14,ascii,433333333C3333,si,,
0x58C910,0x58C92A,26,ascii,Is there anything else?   ,,si,
0x58C93C,0x58C96A,46,ascii,"I know you haven't shown me\nthose things yet, ",,si,
0x58C97C,0x58C99A,30,ascii,but is there anything else?   ,,si,
0x58C9AC,0x58C9D6,42,ascii,There was one thing he kept\nmentioning.   ,,si,
0x58C9E8,0x58CA02,26,ascii,"It was the word ""Plato"".  ",,si,
0x58CA14,0x58CA26,18,ascii,Plato? Plato....  ,,,
0x58CA38,0x58CA46,14,ascii,You got me.   ,,si,
0x592BC3,0x592BCD,10,ascii,c5A3RDOcb1,si,,
0x592D85,0x592D91,12,ascii,".T4""dU3eU4SD",si,,
0x59E142,0x59E14F,13,ascii,"eeeeTEE%54CB""",si,,
0x5A5856,0x5A5861,11,ascii,"D/.Qc43""1A+",si,,
0x5A5B62,0x5A5B6D,11,ascii,TSpR4eSdEPN,si,,
0x5BB945,0x5BB94F,10,ascii,?BC0PVbNcT,si,,
0x5BEAD7,0x5BEAE1,10,ascii,2AQ3%4AP4+,si,,
0x5BFB14,0x5BFB1E,10,ascii,"jJ?Yj+.,+-",si,,
0x5C17E7,0x5C17F1,10,ascii,"2B/4DO.""1&",,si,
0x5C3A17,0x5C3A21,10,ascii,Wcs1eNQTFG,si,,
0x5DE0C0,0x5DE0E6,38,ascii,I guess we'll start with the\ncapsules.,,si,
0x5DE0F8,0x5DE10A,18,ascii,And the capsules? ,,si,
0x5DE11C,0x5DE126,10,ascii,That them?,,si,
0x5E2564,0x5E256F,11,ascii,TQ3CB!E1 %3,,,
0x5EE090,0x5EE09E,14,ascii,Here they are.,,si,
0x5EE0B0,0x5EE0C2,18,ascii,What are they for?,,si,
0x5EE0D4,0x5EE0E2,14,ascii,I've no idea. ,,si,
0x5EE0F4,0x5EE12A,54,ascii,I wonder if they're made by\nTokugawa Pharmaceuticals. ,,si,
0x5EE13C,0x5EE15E,34,ascii,Will you hang onto them for me?   ,,si,
0x5F1936,0x5F1941,11,ascii, DtDeSRVQc&,si,,
0x5F6272,0x5F6281,15,ascii,"BE624""c5""pSRDB+",,si,
0x5F7057,0x5F7061,10,ascii," !""1B%2""!'",,,
0x5FA4B2,0x5FA4BE,12,ascii,"1!""! BO1""""""!",,,
0x60A857,0x60A861,10,ascii,53WS5a2%E+,si,,
0x6136F2,0x613700,14,ascii,23TDSVDDC3UT5T,si,,
0x613702,0x613710,14,ascii,33333343CD3333,si,,
0x6148C0,0x6148E2,34,ascii,I guess we'll start with the leaf.,,si,
0x6148F4,0x614902,14,ascii,And the leaf? ,,si,
0x614914,0x614922,14,ascii,That it there?,,si,
0x628726,0x628730,10,ascii,"""33CUUFD3D",si,,
0x6290A0,0x6290AE,14,ascii,Here it is.   ,,si,
0x6290C0,0x6290E2,34,ascii,I've never seen a leaf like it.   ,,si,
0x6290F4,0x629116,34,ascii,Why's it cut in half like this?   ,,si,
0x629128,0x62914A,34,ascii,It was like that when I got it.   ,,si,
0x62915C,0x62917E,34,ascii,Can I give it to you to hold onto?,,si,
0x630F42,0x630F4D,11,ascii,ES55SDCcC21,si,,
0x647866,0x647870,10,ascii,! DSEC%332,,,
0x648316,0x648321,11,ascii,"/2""C3""4442'",si,,
0x64D0A0,0x64D0CA,42,ascii,"Well, thanks for bringing me up to\nspeed. ",,si,
0x64D0DC,0x64D10E,50,ascii,There's certainly more to this than\nmeets the eye.,,si,
0x64D120,0x64D146,38,ascii,"So you'll help me, right,\nJonathan?   ",,si,
0x64D158,0x64D17A,34,ascii,I'll pay you whatever you want.   ,,si,
0x64D18C,0x64D1AE,34,ascii,"Dollars or yen, just let me know. ",,si,
0x64D1C0,0x64D1D2,18,ascii,"Hold on, Lorraine.",,si,
0x650692,0x65069F,13,ascii,ECTT%FdA3DCSd,si,,
0x654302,0x65430E,12,ascii,UUUDUTDDEDDD,si,,
0x65CF13,0x65CF1E,11,ascii,&44S5f5DPbB,si,,
0x65D107,0x65D111,10,ascii,"3P5Rb3fb""+",si,,
0x65DAC7,0x65DAD1,10,ascii,"!/!P BO ""+",,,
0x66BBB2,0x66BBC0,14,ascii,aQEUcoBQDDFgCF,si,,
0x670342,0x67034D,11,ascii,".'ST+T B4R""",,,
0x671882,0x671891,15,ascii,"""2neRS2&W4TDcc+",si,,
0x672272,0x67227D,11,ascii,WeCQSTEFEeR,si,,
0x672462,0x672471,15,ascii,7VDrdbUDUDSVeC+,si,,
0x67EF92,0x67EF9C,10,ascii,AAATDBA4U3,si,,
0x67F115,0x67F121,12,ascii,"qO33""rDRBPb+",si,,
0x6860C0,0x686106,70,ascii,"I can't give you an answer today,\nLorraine, but I will consider it.   ",,si,
0x686118,0x68614E,54,ascii,"Jonathan, don't tell me you're not\ngoing to help me?  ",,si,
0x686160,0x686196,54,ascii,I didn't say that.  I just need some\ntime to think.   ,,si,
0x6861A8,0x6861BE,22,ascii,I'm still in shock.   ,,si,
0x6861D0,0x6861DA,10,ascii,Sure....  ,,,
0x6861EC,0x68621A,46,ascii,Thanks.  I'll hang onto these in the\nmeantime.,,si,
0x688082,0x688090,14,ascii,"4TTEUUeUUUD33""",si,,
0x68AEE6,0x68AEF0,10,ascii,"%/0?R??1""C",si,,
0x6977D5,0x6977E1,12,ascii,"5!B""%RP3T2""&",si,,
0x699D75,0x699D81,12,ascii,t33sECuc53g),si,,
0x69A7B2,0x69A7BC,10,ascii,"""cR5sBA4Cb",si,,
0x6A0323,0x6A032F,12,ascii,"4""1""30P123! ",si,,
0x6A05E2,0x6A05ED,11,ascii,"2OO2""!!""""""""",si,,
0x6A0632,0x6A063D,11,ascii,"!2""P?0""2A?""",si,,
0x6A0D44,0x6A0D50,12,ascii,W%365aB&BDRS,si,,
0x6A12E4,0x6A12F1,13,ascii,eBboFC2SCT3Q+,si,,
0x6A1396,0x6A13A1,11,ascii,dQSGdb%BFoK,si,,
0x6A17B2,0x6A17BC,10,ascii,"0/B02OO""0A",si,,
0x6A1804,0x6A1810,12,ascii,vArQSab54CE1,si,,
0x6A19D2,0x6A19E1,15,ascii,fBcCrRSTpd1d2%+,si,,
0x6A1F62,0x6A1F70,14,ascii,EFn5oT}1GRCQ52,si,,
0x6A2B35,0x6A2B41,12,ascii,"4515TP4""T%D+",si,,
0x6A2C13,0x6A2C21,14,ascii,"WBC2%4cRSSr1T,",si,,
0x6B1755,0x6B175F,10,ascii,OAb%13cDR4,si,,
0x6B2592,0x6B25A0,14,ascii,"B0R""cB2UR""SOoR",si,,
0x6B5BE7,0x6B5BF1,10,ascii,"-""O!bbRCE+",si,,
0x6B6EE4,0x6B6EEE,10,ascii,"""1E?B""3D3""",si,,
0x6BA0F2,0x6BA0FD,11,ascii,ccTADC52Woc,si,,
0x6BA383,0x6BA390,13,ascii,72B466s!EDO5S,si,,
0x6BA5F4,0x6BA5FE,10,ascii,tQRO&V2a36,si,,
0x6BCCB5,0x6BCCC0,11,ascii,"12 !B?!C !""",,,
0x6BD2A2,0x6BD2AD,11,ascii,"1NN!""01?!3T",si,,
0x6BE472,0x6BE47E,12,ascii,V'g5Q4uTEBm%,si,,
0x6BF202,0x6BF20D,11,ascii,EDTA243DPPC,si,,
0x6BF7D3,0x6BF7DE,11,ascii,"S""'EA4.F%""3",si,,
0x6C1F52,0x6C1F5C,10,ascii,UBr%5bDE5&,si,,
0x6C2967,0x6C2971,10,ascii,F'Tcc1S&5+,si,,
0x6C30C6,0x6C30D1,11,ascii,"eA0UBcC5BE,",,si,
0x6C39F3,0x6C3A01,14,ascii,"'Fo2363%dbS26,",si,,
0x6C9202,0x6C9210,14,ascii,"34""22DEUDTD4""2",si,,
0x6C9222,0x6C9231,15,ascii,"3C34333223333D,",si,,
0x6CA8A0,0x6CA8BA,26,ascii,"Well, I'll be in touch.   ",,si,
0x6CA8CC,0x6CA912,70,ascii,I'm staying at the Hotel New Rose\nin Beverly Hills until the weekend. ,,si,
0x6CA924,0x6CA936,18,ascii,Call me anytime.  ,,,
0x6D24A2,0x6D24AE,12,ascii,c4S43SR%q23!,si,,
0x6D28C2,0x6D28CC,10,ascii,"%U2444B2""2",si,,
0x6D6257,0x6D6261,10,ascii,"4o1T!4B.""+",si,,
0x6D7482,0x6D7491,15,ascii,B6dBQc4RCcn&Tb+,si,,
0x6D9BE5,0x6D9BF0,11,ascii,U51BnF!5b3b,si,,
0x6DA112,0x6DA11D,11,ascii,oPVPGSD15R6,si,,
0x6E46D4,0x6E46DF,11,ascii,AM /RS4b!!2,,si,
0x6E9004,0x6E9010,12,ascii,A2P01Q22?A/0,si,,
0x6EF910,0x6EF94E,62,ascii,"Sorry, Lorraine... but I don't think\nI'll be able to help you.",,si,
0x6EF960,0x6EF992,50,ascii,I've always told myself I'd never go\nback there.  ,,si,
0x6EF9A4,0x6EF9BA,22,ascii,I'm done with space.  ,,si,
0x6EF9CC,0x6EF9DA,14,ascii,Jonathan....  ,si,,
0x6EF9EC,0x6EFA1A,46,ascii,I just couldn't handle something\nlike that.   ,,si,
0x6EFA2C,0x6EFA52,38,ascii,I can introduce you to people I\nknow. ,,si,
0x6EFA64,0x6EFAAA,70,ascii,"They're not the most charming\nbunch, but they are guys you can\ntrust. ",,si,
0x700712,0x70071D,11,ascii," 2""O!2""!2""0",si,,
0x701DD6,0x701DE0,10,ascii,6VU1BRB!&s,si,,
0x702E82,0x702E8D,11,ascii,"!3""T""2RR0nR",si,,
0x703032,0x70303C,10,ascii,L0-?0KMMM.,si,,
0x713972,0x71397D,11,ascii,"320""oLT "" A",,,
0x713F34,0x713F41,13,ascii,1 TB43QRcT3c+,,,
0x71FEA3,0x71FEAD,10,ascii,331A33B3TT,si,,
0x723AA4,0x723AB1,13,ascii,SA36FV6w3cDD+,si,,
0x72DCC7,0x72DCD1,10,ascii,nB bDE!oP',,,
0x73A0D0,0x73A0E2,18,ascii,"Jonathan, please. ",,,
0x73A0F4,0x73A11A,38,ascii,I didn't come here to try to hurt\nyou.,,si,
0x73A12C,0x73A152,38,ascii,You really are the only one I've\ngot. ,,si,
0x73A164,0x73A1AA,70,ascii,I'm staying at the Hotel New Rose\nin Beverly Hills until the weekend. ,,si,
0x73A1BC,0x73A1DE,34,ascii,Call me if you change your mind.  ,,si,
0x741A32,0x741A3C,10,ascii,E0EP!A25BQ,si,,
0x74F8F3,0x74F8FF,12,ascii,6DV&c7e.P2B0,si,,
0x752A12,0x752A21,15,ascii,"""dB2abS5DCoCV4+",si,,
0x756FD2,0x756FDC,10,ascii,"!""/BBAV%2V",si,,
0x759A14,0x759A1F,11,ascii,EFCB%&0 TT2,,,
0x75B8D2,0x75B8DC,10,ascii,3B2D4Tc2?!,si,,
0x7641A3,0x7641AE,11,ascii,.6LA4REfq4?,si,,
0x7650B4,0x7650C1,13,ascii,%C31Q51F5FCb+,si,,
0x766383,0x76638D,10,ascii,1BCcT45330,si,,
0x7679D5,0x7679E0,11,ascii,n.2QR3ARa2!,si,,
0x769E34,0x769E41,13,ascii,BB&RF4CVSE5!%,si,,
0x76B8C6,0x76B8D1,11,ascii,"5RCD""4V3C""G",si,,
0x76EB34,0x76EB41,13,ascii,!2B P12Q4D!2+,,,
0x778170,0x77817E,14,ascii,Jonathan....  ,si,,
0x778190,0x7781BA,42,ascii,"Again, I don't expect you to forgive\nme.  ",,si,
0x7781CC,0x7781EE,34,ascii,I didn't wait for you.  I'm sorry.,,si,
0x778200,0x778232,50,ascii,I was so happy when I heard\nyou'd been rescued.   ,,si,
0x778244,0x778292,78,ascii,"If only they'd... found you a little\nsooner, things would've been\ndifferent.  ",,si,
0x7782A4,0x7782C6,34,ascii,I just wanted you to know that.   ,,si,
0x7782D8,0x7782FA,34,ascii,"How'd you get here, by the way?   ",,si,
0x77830C,0x77833E,50,ascii,I rented a car at the hotel.  This\nold classic.   ,,si,
0x778368,0x778392,42,ascii,"Well, it was nice seeing you again. \nBye. ",,si,
0x779CA7,0x779CB1,10,ascii,53rqU5cdE+,si,,
0x77F805,0x77F80F,10,ascii,"%20!c.31""C",si,,
0x78A3E2,0x78A3ED,11,ascii,"n!51RP2""""a5",si,,
0x78DCC4,0x78DCCE,10,ascii,4C5533BB5E,si,,
0x791FD2,0x791FDD,11,ascii,/Aa!31!C!6 ,si,,
0x792F04,0x792F0E,10,ascii,&&4SADSADc,si,,
0x793427,0x793431,10,ascii,a3BC42oD2+,si,,
0x797F92,0x797F9D,11,ascii,CD1n2dcQC2F,si,,
0x79B1D2,0x79B1DC,10,ascii,Ep0c!F32AB,si,,
0x7A58D7,0x7A58E1,10,ascii,fSeBEC5RF+,si,,
0x7B7D62,0x7B7D6D,11,ascii,d2E6SPDC2NB,si,,
0x7C2A37,0x7C2A41,10,ascii,"%264p ""5UK",,,
0x7C34F4,0x7C34FE,10,ascii,TaDBDU%cCB,si,,
0x7C3E12,0x7C3E1E,12,ascii,Vb5EcdST!sSU,si,,
0x7C44B2,0x7C44BD,11,ascii,1Q!tCTQq5AA,si,,
0x7CAC72,0x7CAC7C,10,ascii," SP?R1R2""2",,,
0x7CADD2,0x7CADDC,10,ascii,"2""3""24""1!B",si,,
0x7CB033,0x7CB03D,10,ascii,"2""BAm""A!""0",si,,
0x7CBB94,0x7CBBA1,13,ascii,6T%CSRR&FbRo+,si,,
0x7D7135,0x7D7141,12,ascii,!Q32CQCUCu5+,si,,
0x7DA925,0x7DA92F,10,ascii,/!QO2dU4te,si,,
0x7DEE17,0x7DEE21,10,ascii,dcDVCcQA2+,si,,
0x7E2402,0x7E240D,11,ascii,D3323CcS4TR,si,,
0x7E3B24,0x7E3B31,13,ascii,"?""cR""/BF3!3U+",si,,
0x7EF357,0x7EF361,10,ascii,f&3EeRUUT+,si,,
0x8078A2,0x8078B0,14,ascii,DDDDS4TTDUDTVD,si,,
0x8078B2,0x8078C0,14,ascii,TUETEDEEDUEDUT,si,,
0x8078C2,0x8078D0,14,ascii,TDETEDEEDUEDUD,si,,
0x8078D2,0x8078E0,14,ascii,TcDTEDEEDUEDUD,si,,
0x8078E2,0x8078F0,14,ascii,TUETEDEEEUTSVD,si,,
0x8078F2,0x807900,14,ascii,TUdTTDTEEUEDUT,si,,
0x807902,0x807910,14,ascii,UUDTEDUEDUDDUT,si,,
0x807912,0x807920,14,ascii,TTDT556EDUTSTD,si,,
0x807922,0x807930,14,ascii,TEEDEDUDETDTET,si,,
0x807932,0x807940,14,ascii,TEEUDDEDTETSED,si,,
0x807942,0x807950,14,ascii,UDDUETUDTUeSED,si,,
0x807952,0x807960,14,ascii,55FUDTEDUcDUDD,si,,
0x807962,0x807970,14,ascii,EEUETSUDTDDUET,si,,
0x807972,0x807980,14,ascii,EDTEDTTDUDTE5U,si,,
0x807982,0x807990,14,ascii,EDUDTUDTEDUEET,si,,
0x807992,0x8079A0,14,ascii,DTEDEDEUDDUEdd,si,,
0x8079A2,0x8079B0,14,ascii,DDED5EFUDTEDUD,si,,
0x8079B2,0x8079C0,14,ascii,EUEDUESddTEDUE,si,,
0x8079C2,0x8079D0,14,ascii,TdDTEDUD5U5VED,si,,
0x8079D2,0x8079E0,14,ascii,TEDUE4VDTEDUET,si,,
0x8079E2,0x8079F0,14,ascii,UDTEDUEDUTTUDT,si,,
0x8079F2,0x807A00,14,ascii,EEETDUDTEDUT5U,si,,
0x807A02,0x807A10,14,ascii,DTEDUE5EEDEDTE,si,,
0x807A12,0x807A20,14,ascii,DUETEDFEDUDDEE,si,,
0x807A22,0x807A30,14,ascii,46FDEDUDTEDUET,si,,
0x807A32,0x807A40,14,ascii,EDTEDUDTEETdcc,si,,
0x807A42,0x807A50,14,ascii,DDUDTEDUDTEDDE,si,,
0x807A52,0x807A60,14,ascii,EUEDUTTE5EETET,si,,
0x807A62,0x807A70,14,ascii,TEDUEDUDTUDEED,si,,
0x807A72,0x807A80,14,ascii,UDTEDUEDEDTEUT,si,,
0x807A82,0x807A90,14,ascii,cSU4FFFTETEDUE,si,,
0x807A92,0x807AA0,14,ascii,DUESEEUEEEEUED,si,,
0x807AA2,0x807AB0,14,ascii,TEDUDTEDUDDUED,si,,
0x807AB2,0x807AC0,14,ascii,EEUTDTFTEDUDDD,si,,
0x807AC2,0x807AD0,14,ascii,DUDDUETEDUDTEE,si,,
0x807AD2,0x807AE0,14,ascii,EUDTESEEETDTDD,si,,
0x807AE2,0x807AF0,14,ascii,F4VEFUDTEDUDTE,si,,
0x807AF2,0x807B00,14,ascii,DUDDUDTEDUDTED,si,,
0x807B02,0x807B10,14,ascii,TEDUDTED5DTEDU,si,,
0x807B12,0x807B20,14,ascii,DD5DTEDUDTEDTE,si,,
0x807B22,0x807B30,14,ascii,DUDTEDUD4EDUDD,si,,
0x807B32,0x807B40,14,ascii,5DTEDUDTEDTEDU,si,,
0x807B42,0x807B50,14,ascii,DTEDUDDUDUDDUD,si,,
0x807B52,0x807B60,14,ascii,TTDEETETDEDEE4,si,,
0x807B62,0x807B70,14,ascii,6TDDUE5UDTEEUD,si,,
0x807B72,0x807B80,14,ascii,TUDTEDUDTEFUES,si,,
0x807B82,0x807B90,14,ascii,UDEE5EUTEDEDTE,si,,
0x807B92,0x807BA0,14,ascii,DUDDEDUDTTDDE5,si,,
0x807BA2,0x807BB0,14,ascii,EDTU5UDTEDUDTE,si,,
0x807BB2,0x807BC0,14,ascii,EUDTTDEDEUDTED,si,,
0x807BC2,0x807BD0,14,ascii,UDDEDUDEEEUDTE,si,,
0x807BD2,0x807BE0,14,ascii,DTEDDTUE5E5UED,si,,
0x807BE2,0x807BF0,14,ascii,UDTEDUDSF5EETE,si,,
0x807BF2,0x807C00,14,ascii,DUDTEDTT565UDT,si,,
0x807C02,0x807C10,14,ascii,EDTEETTTE5EDTE,si,,
0x807C12,0x807C20,14,ascii,DUDEEETDTEDEFS,si,,
0x807C22,0x807C30,14,ascii,EDEDTEDUDDF66E,si,,
0x807C32,0x807C40,14,ascii,TEDUDTEDED5EDD,si,,
0x807C42,0x807C50,14,ascii,DTDEEETEDTD4FD,si,,
0x807C52,0x807C60,14,ascii,UDTEDTETUDEEDU,si,,
0x807C62,0x807C70,14,ascii,DTE5EEUEDE6UET,si,,
0x807C72,0x807C80,14,ascii,EDUDEDDUDDUDDT,si,,
0x807C82,0x807C90,14,ascii,TEDUDDEEEDTEDT,si,,
0x807C92,0x807CA0,14,ascii,ESEDUDDF5UDTED,si,,
0x807CA2,0x807CB0,14,ascii,EETDDUDD6EUDTE,si,,
0x807CB2,0x807CC0,14,ascii,5UDTE4E5EETUDD,si,,
0x807CC2,0x807CD0,14,ascii,ESEDUDEDDUDTEE,si,,
0x807CD2,0x807CE0,14,ascii,UETEDTDSEDU4UC,si,,
0x807CE2,0x807CF0,14,ascii,TUDEETUDTE6DDU,si,,
0x807CF2,0x807D00,14,ascii,DDEEUDSE5UDTED,si,,
0x807D02,0x807D10,14,ascii,E5UDTE5UDTE55E,si,,
0x807D12,0x807D20,14,ascii,TTDEETEcD5UDDT,si,,
0x807D22,0x807D30,14,ascii,DUDDEDUDTEETDT,si,,
0x807D32,0x807D40,14,ascii,E4FCUEETDUD45D,si,,
0x807D42,0x807D50,14,ascii,UDTT5UDDTS5DED,si,,
0x807D52,0x807D5F,13,ascii,TEDEFSEDETDED,si,,
0x809BC2,0x809BD0,14,ascii,4C34444444C244,si,,
0x809BE2,0x809BF0,14,ascii,DBC444C4443344,si,,
0x809C22,0x809C30,14,ascii,343343DCC334CC,si,,
0x809C32,0x809C40,14,ascii,33334444333D3C,si,,
0x809C52,0x809C60,14,ascii,344434443C434C,si,,
0x809C62,0x809C70,14,ascii,C3D3CC344CC444,si,,
0x809C72,0x809C80,14,ascii,34444333D3CC44,si,,
0x809CF2,0x809D00,14,ascii,4444444CC34CCC,si,,
0x809D22,0x809D30,14,ascii,44CCC3C244DCC3,si,,
0x809D32,0x809D40,14,ascii,444CCCCBB34DCC,si,,
0x809D42,0x809D50,14,ascii,3343CCCCBB334D,si,,
0x809D52,0x809D60,14,ascii,3C33DCBC3BB243,si,,
0x809D62,0x809D70,14,ascii,DCC3443CBCC2D3,si,,
0x809D92,0x809DA0,14,ascii,CCC334BB33433C,si,,
0x809DC2,0x809DD0,14,ascii,4BB334CCC333C2,si,,
0x809DD2,0x809DE0,14,ascii,444CC3333BB344,si,,
0x809EB2,0x809EC0,14,ascii,C33CB233444CB3,si,,
0x809F02,0x809F10,14,ascii,3432443333B344,si,,
0x809F12,0x809F20,14,ascii,443343434C343B,si,,
0x809F42,0x809F50,14,ascii,C344443C333243,si,,
0x809F62,0x809F70,14,ascii,4CCC334C3CC343,si,,
0x809FB2,0x809FC0,14,ascii,34D34C34433C3C,si,,
0x809FE2,0x809FF0,14,ascii,44343B23343CB3,si,,
0x80A002,0x80A010,14,ascii,D3CC34433C333D,si,,
0x80A012,0x80A020,14,ascii,3C334443C33343,si,,
0x80A032,0x80A040,14,ascii,33D34C44C23333,si,,
0x80BD56,0x80BD60,10,ascii,"2""""""""2""""""A",si,,
0x80BFF2,0x80BFFC,10,ascii,"""1!""11""""""""",si,,
0x80C0E2,0x80C0ED,11,ascii,"""""!""A1""""2""""",si,,
0x80E9B7,0x80E9C1,10,ascii," 2dUeDef6,",,,
0x811890,0x8118A2,18,ascii,Where'd he go?!   ,si,si,
0x81B7A2,0x81B7B0,14,ascii,CDDCD4DDDD4DCD,si,,
0x81B7C2,0x81B7D0,14,ascii,DDD4D3DDDCCD3D,si,,
0x81B7D2,0x81B7E0,14,ascii,34C4443333D443,si,,
0x81B7E2,0x81B7F0,14,ascii,CC443C33DCD4CD,si,,
0x81B7F2,0x81B800,14,ascii,433C4C33D33D33,si,,
0x81B802,0x81B810,14,ascii,4DD344D3433DDC,si,,
0x81B812,0x81B820,14,ascii,DD44DDDCD4D334,si,,
0x81B822,0x81B830,14,ascii,333C334CC33333,si,,
0x81B832,0x81B840,14,ascii,ffffeVUfVUffff,si,,
0x81B842,0x81B850,14,ascii,feffUVeeUffVfV,si,,
0x81B852,0x81B860,14,ascii,UeUUVUUVUUUUUe,si,,
0x81B862,0x81B870,14,ascii,eTUTEUUEEETTEU,si,,
0x81B872,0x81B880,14,ascii,UUDDTUTEDTEUEE,si,,
0x81B882,0x81B890,14,ascii,TTEDEEDTDTUTDE,si,,
0x81B892,0x81B8A0,14,ascii,TUETUDE4DDDCDD,si,,
0x81E8A4,0x81E8B0,12,ascii,1TUUUTEEDDDD,si,,
0x81E8B2,0x81E8C0,14,ascii,"D4C3CC3333332""",si,,
0x81E8D2,0x81E8E0,14,ascii,23334DDDDCDDCD,si,,
0x81E922,0x81E930,14,ascii,"""23333333DC4DD",si,,
0x81E962,0x81E970,14,ascii,VUDDDCUUDDDDED,si,,
0x81E972,0x81E980,14,ascii,DTUeeeeUUUDD4C,si,,
0x81E982,0x81E990,14,ascii,TUUDUUTUUUUUVU,si,,
0x81E992,0x81E9A0,14,ascii,333C4433333DDD,si,,
0x81E9A2,0x81E9B0,14,ascii,C4D34334333233,si,,
0x81EA52,0x81EA60,14,ascii,DDD33333333333,si,,
0x823812,0x823820,14,ascii,433C34C4CDDD4D,si,,
0x823822,0x823830,14,ascii,4D43CC4D43DDDD,si,,
0x824870,0x824882,18,ascii,He's got a gun!   ,,,
0x82E070,0x82E08A,26,ascii,I know I'm hitting you....,,si,
0x835070,0x83507E,14,ascii,"Move, dammit! ",,,
0x839477,0x839481,10,ascii,"%E4""""DV44'",si,,
0x83B8E7,0x83B8F1,10,ascii,06R1&GABF1,si,,
0x840070,0x840092,34,ascii,Great.  Now where'd you\ndisappear?,,si,
0x846146,0x846151,11,ascii,"&UCSCWdRCG,",si,,
0x84C952,0x84C960,14,ascii,C3333C33333CD4,si,,
0x852AE6,0x852AF1,11,ascii,DQ!2RC?bCDH,si,,
0x856FF2,0x857000,14,ascii,eVedVDSUUEDUFU,si,,
0x857012,0x857020,14,ascii,3333334C334CCD,si,,
0x857042,0x857050,14,ascii,FEdFDTDT333CC2,si,,
0x857062,0x857070,14,ascii,"""3333C3333C333",si,,
0x859870,0x859886,22,ascii,He ran down the alley.,,si,
0x859898,0x8598AA,18,ascii,I've got you now. ,,si,
0x862CD7,0x862CE1,10,ascii,?D7%2S30!I,si,,
0x8688C0,0x8688D2,18,ascii,Where's he gone?  ,,si,
0x8688E4,0x86891A,54,ascii,He's fast alright.  He just ran in\nhere a second ago. ,,si,
0x86892C,0x868952,38,ascii,So much for following his\nfootprints. ,,si,
0x868964,0x86898A,38,ascii,That snow obviously didn't stick\nhere.,,si,
0x870185,0x870190,11,ascii,"!333D333""""""",si,,
0x8701D2,0x8701DD,11,ascii,"""233TD4UUD""",si,,
0x870265,0x870270,11,ascii, 2DUUUU3CTD,si,,
0x870282,0x87028C,10,ascii,33TEDCUEC2,si,,
0x870294,0x8702A0,12,ascii,"""!2SUDDTTeV4",si,,
0x873472,0x87347C,10,ascii,&D3V3EEbV-,si,,
0x876C62,0x876C70,14,ascii,DUUTdffVVU4332,si,,
0x876C72,0x876C7E,12,ascii,2CTUDEDDDDD4,si,,
0x87DC53,0x87DC5D,10,ascii,P?B13ED&&Q,si,,
0x87F024,0x87F02F,11,ascii,1TopPCVDVqD,si,,
0x884832,0x884840,14,ascii,3DDBSUDTUEVUU4,si,,
0x884842,0x884851,15,ascii,"4UVefEDUDUEDUD,",si,,
0x886636,0x886640,10,ascii,1UD5DTDC33,si,,
0x886655,0x886660,11,ascii,"!""""22CC4UUU",si,,
0x886672,0x886680,14,ascii,CDDDCDC43CD4D4,si,,
0x886692,0x8866A0,14,ascii,2B3343C3333C3D,si,,
0x8866A2,0x8866B0,14,ascii,effffffVVECDSD,si,,
0x88B907,0x88B911,10,ascii,"?OB2 !""D2+",,,
0x89B3B6,0x89B3C0,10,ascii,"12BDE2""CDU",si,,
0x89B3F6,0x89B400,10,ascii,2dE4UD3DUU,si,,
0x89D070,0x89D09A,42,ascii,There's some kinda liquid on the\nground.  ,,si,
0x89D0AC,0x89D0C6,26,ascii,It looks like... milk? No.,,si,
0x8AF070,0x8AF07E,14,ascii,There he is!  ,si,si,
0x8B4070,0x8B409A,42,ascii,I don't get it.  I've definitely hit\nhim. ,,si,
0x8B40AC,0x8B40C2,22,ascii,This guy even human?  ,,si,
0x8C17C4,0x8C17D1,13,ascii,"vnQSCaQAQ14Q,",si,,
0x8CF130,0x8CF166,54,ascii,Did he get away? I knew I wasted\ntoo much time there. ,,si,
0x8CF178,0x8CF19A,34,ascii,I can't believe I did it again!   ,,si,
0x8CF1AC,0x8CF1DE,50,ascii,"Still, I'm pretty sure this leads to a\ndead end.  ",,si,
0x8CF1F0,0x8CF212,34,ascii,Come on....  Nobody's this fast.  ,,si,
0x8CF224,0x8CF246,34,ascii,Whatever.  It's a dead end anyway.,,,
0x8CF258,0x8CF28A,50,ascii,Where the hell is he? This place\nis a dead end.   ,,si,
0x8CF29C,0x8CF2C2,38,ascii,There's something else on the\nground. ,,si,
0x8DE432,0x8DE440,14,ascii,DDDDCDDDDDDCCD,si,,
0x8DE442,0x8DE450,14,ascii,D4333444DDCDCD,si,,
0x8DE452,0x8DE460,14,ascii,4333C43D4C333C,si,,
0x8DE462,0x8DE470,14,ascii,4C34CD3D3C3CDD,si,,
0x8DE472,0x8DE480,14,ascii,D3C334433DDDD4,si,,
0x8DE482,0x8DE490,14,ascii,33343343343333,si,,
0x8DE492,0x8DE4A0,14,ascii,ffeeVeeVVVffVU,si,,
0x8DE4A2,0x8DE4B0,14,ascii,eUUeUUUUfVVUef,si,,
0x8DE4B2,0x8DE4C0,14,ascii,fUUfVfVUVUUUUe,si,,
0x8DE4C2,0x8DE4D0,14,ascii,UUVVUeeUUUFUUe,si,,
0x8DE4D2,0x8DE4E0,14,ascii,eUUEUUTUUUUTET,si,,
0x8DE4E2,0x8DE4F0,14,ascii,UUUTETEDDUUEDT,si,,
0x8DE4F2,0x8DE500,14,ascii,EDUDETTTDUTDDD,si,,
0x8DE502,0x8DE510,14,ascii,DDDDDDDEDDDDED,si,,
0x8DE512,0x8DE520,14,ascii,4DDDD4D3D443DD,si,,
0x8DE522,0x8DE530,14,ascii,4CC3C333433333,si,,
0x8DE532,0x8DE540,14,ascii,3333C333333333,si,,
0x8EAF72,0x8EAF80,14,ascii,TUeffUfVUVUDDC,si,,
0x8EAFB2,0x8EAFC0,14,ascii,4D4433234CDDUe,si,,
0x8EAFE2,0x8EAFF0,14,ascii,DDD3C333333333,si,,
0x8EAFF2,0x8EB000,14,ascii,33D33333C33333,si,,
0x8EB012,0x8EB020,14,ascii,DCCDDTUeUUVeff,si,,
0x8EEF37,0x8EEF41,10,ascii,%.a R!C2Z9,,,
0x8F6416,0x8F6420,10,ascii,"2 5CoB""3Q2",,,
0x8F6527,0x8F6531,10,ascii,"G!62d""AD3,",si,,
0x8F6F02,0x8F6F10,14,ascii,DDDDDDDDD4CC3C,si,,
0x8F6F12,0x8F6F20,14,ascii,D4D4C43DD44443,si,,
0x8F6F22,0x8F6F30,14,ascii,3333333C343343,si,,
0x8F6F32,0x8F6F40,14,ascii,33333C33333333,si,,
0x8F6F42,0x8F6F50,14,ascii,ffffffVffffVVf,si,,
0x8F6F52,0x8F6F60,14,ascii,fVfefVUfUUeUeU,si,,
0x8F6F62,0x8F6F70,14,ascii,UUfeVUUUUeUVUf,si,,
0x8F6F72,0x8F6F80,14,ascii,eUfVUUUfffUUeU,si,,
0x8F6F82,0x8F6F90,14,ascii,VeUeVfeUeeeeUU,si,,
0x8F6F92,0x8F6FA0,14,ascii,UUUEEEUDETTEDD,si,,
0x8F6FA2,0x8F6FB0,14,ascii,TDUDUTEDUUEETD,si,,
0x8F6FB2,0x8F6FC0,14,ascii,TEDETTDDEEEETD,si,,
0x8F6FC2,0x8F6FD0,14,ascii,EDEDTDEDDDDDED,si,,
0x8F6FD2,0x8F6FE0,14,ascii,DDEDDDD4D3D443,si,,
0x8F6FE2,0x8F6FF0,14,ascii,DDDC43C334C333,si,,
0x8F6FF2,0x8F7000,14,ascii,33333333233333,si,,
0x904317,0x904321,10,ascii,pNQ%A PBSL,,,
0x905C42,0x905C4D,11,ascii,"RD?t3!dDBo""",si,,
0x90AD36,0x90AD40,10,ascii,"?DQB3a,TEB",si,,
0x90D9F2,0x90D9FD,11,ascii,PE/6BC%53Es,si,,
0x910482,0x910490,14,ascii,CD432SEUUDDTTV,si,,
0x9104E2,0x9104F0,14,ascii,TEUE4D4DDDDDDU,si,,
0x92A890,0x92A89E,14,ascii,It's writing. ,,,
0x92A8B0,0x92A8E2,50,ascii,It's different from the graffiti on\nthat dumpster.,,si,
0x930765,0x930770,11,ascii,'n!422CQw3B,si,,
0x931BA2,0x931BB0,14,ascii,TUUDUUVTDEUfUe,si,,
0x931CB2,0x931CBE,12,ascii,334CC35D5DDT,si,,
0x93BD75,0x93BD7F,10,ascii,1DET!MRPST,si,,
0x93BFE2,0x93BFF0,14,ascii,ST334TS3DTefff,si,,
0x93C002,0x93C010,14,ascii,"C3CC33""33C4433",si,,
0x93C022,0x93C02E,12,ascii,"4334C3332""2""",si,,
0x93C072,0x93C07E,12,ascii,VTUUeUVUDETf,si,,
0x93C870,0x93C89A,42,ascii,Bastard....  This some kinda game\nto you? ,,si,
0x943082,0x943090,14,ascii,DDTUTEeTUefVVf,si,,
0x9430A2,0x9430B0,14,ascii,EUFVEEDEdUTUdf,si,,
0x94A940,0x94A962,34,ascii,You okay? You don't look too\ngood.,,si,
0x94A974,0x94A992,30,ascii,I'm... not a big fan of space.,,si,
0x94A9A4,0x94A9BE,26,ascii,You have SAS? Interesting.,,si,
0x94A9D0,0x94A9E6,22,ascii,This your first time? ,,si,
0x94A9F8,0x94AA4A,82,ascii,"No, I had an accident out here a\nlong time ago.  I've had\ncosmophobia ever since. ",,si,
0x94AA5C,0x94AA72,22,ascii,Sorry to hear that.   ,,si,
0x94AA84,0x94AABE,58,ascii,You should ask one of the\nstewardesses for some medicine. ,,si,
0x94AAD0,0x94AAFE,46,ascii,The call button is the red switch\non the wall.,,si,
0x94AB10,0x94AB2A,26,ascii,"I'm good for now, thanks. ",,si,
0x962A53,0x962A5D,10,ascii,1B3A212AA/,si,,
0x964505,0x964511,12,ascii,ode0T02eudE+,si,,
0x96F097,0x96F0A1,10,ascii,&UWVcTD3b9,si,,
0x970005,0x97000F,10,ascii,C%S0CS1 CA,,,
0x9759E6,0x9759F1,11,ascii,CC34SB1N3B+,si,,
0x9831F2,0x9831FE,12,ascii,dTFVUEEFcS34,si,,
0x98DEC2,0x98DECC,10,ascii,f6e364QC1T,si,,
0x991B45,0x991B51,12,ascii,"BAC4""10RO2A+",si,,
0x9A4CB2,0x9A4CC0,14,ascii,MD45B5D3USS%3T,si,,
0x9A7613,0x9A7621,14,ascii,"!0RO ""001 P4N,",,,
0x9A8192,0x9A819F,13,ascii,"!2EOSA""2/2A?2",si,,
0x9AB4D2,0x9AB4DD,11,ascii,TTEETcEdfvF,si,,
0x9B08D0,0x9B08E2,18,ascii,"""BBC""? The Brits? ",,si,
0x9B08F4,0x9B0916,34,ascii,"No, that's a program from Beyond. ",,si,
0x9B0928,0x9B095A,50,ascii,"The ""BBC"" stands for ""Beyond\nCoast Broadcasting"". ",,si,
0x9B096C,0x9B097A,14,ascii,Another BBC.  ,,,
0x9BF072,0x9BF080,14,ascii,DTUDDDD4DDD43C,si,,
0x9BF082,0x9BF090,14,ascii,"234DC3333""""""!""",si,,
0x9BF0C2,0x9BF0CC,10,ascii,"""!""!""""""""""""",si,,
0x9C66F5,0x9C66FF,10,ascii,6F'Bu&Uf0f,si,,
0x9D0562,0x9D056C,10,ascii,"5TBa1C""!C2",si,,
0x9D6512,0x9D6520,14,ascii,"%csTD42SBcPRo""",si,,
0x9D8672,0x9D867C,10,ascii,'sbDEF5Vec,si,,
0x9DC990,0x9DC9A6,22,ascii,How can I help you?   ,si,si,
0x9DC9B8,0x9DC9EE,54,ascii,"Ooh, not feeling too well, are we?\nMight it be SAS?   ",,si,
0x9DCA00,0x9DCA12,18,ascii,I'm sure it is.   ,,si,
0x9DCA24,0x9DCA4E,42,ascii,The best thing you can do is try to\nrelax.,,si,
0x9DCA60,0x9DCA6A,10,ascii,Thanks.   ,si,,
0x9DCA7C,0x9DCAA2,38,ascii,Is there anything I can do for\nyou?   ,,si,
0x9DCAB4,0x9DCAD6,34,ascii,What can I do for you this time?  ,,si,
0x9DCAE8,0x9DCB0E,38,ascii,What seems to be the matter this\ntime?,,si,
0x9DCB20,0x9DCB32,18,ascii,"You called, sir?  ",,si,
0x9DCB44,0x9DCB6A,38,ascii,"Hands to yourself, young man. \nGot it?",,si,
0x9DFEE4,0x9DFEEE,10,ascii,!145ece4GT,si,,
0x9E7B16,0x9E7B21,11,ascii,"B%D6D2c""""%&",si,,
0x9E7C62,0x9E7C6D,11,ascii,131C33AC2B!,si,,
0x9EBB97,0x9EBBA1,10,ascii,"?2""O""B2cQ(",si,,
0x9EEC42,0x9EEC51,15,ascii,QFaS?ECCDBA4DS+,si,,
0x9EEDD2,0x9EEDDD,11,ascii,63QbB534313,si,,
0x9EF942,0x9EF94C,10,ascii,EQPB3QA%DP,si,,
0x9F0007,0x9F0011,10,ascii,"%RP3A""B24,",si,,
0x9F09F4,0x9F0A01,13,ascii,"%TADCC3SB414,",si,,
0x9F0E15,0x9F0E21,12,ascii,"DA33!D0O6A3,",si,,
0x9F10D2,0x9F10DC,10,ascii,P23SASQ03%,si,,
0x9F3772,0x9F377E,12,ascii,73V&AS4!& EU,,si,
0x9F9BC2,0x9F9BCE,12,ascii,"UDDTE""CD32DD",si,,
0xA04562,0xA0456C,10,ascii,aCG&'3!dTc,si,,
0xA04C32,0xA04C3E,12,ascii,DU&c4!B3Fccp,si,,
0xA056F7,0xA05701,10,ascii,"""E6Ar0""/b+",si,,
0xA0ABD2,0xA0ABDD,11,ascii,?c SeR4GAE2,,,
0xA0D454,0xA0D45F,11,ascii,CBBWWfedFsE,si,,
0xA15BF2,0xA15C00,14,ascii,DTTTDUffEEDDUU,si,,
0xA15FA6,0xA15FB1,11,ascii,3SCBSS%4T3(,si,,
0xA16E13,0xA16E1E,11,ascii,11133B343CC,si,,
0xA17522,0xA1752D,11,ascii,3B23B233D3?,si,,
0xA17612,0xA1761F,13,ascii,"""""3323C345FEU",si,,
0xA1F902,0xA1F910,14,ascii,VVUTETEDDD4334,si,,
0xA1F942,0xA1F950,14,ascii,"UDCCC3""332343C",si,,
0xA21535,0xA21540,11,ascii,SefUUD4C3CC,si,,
0xA21542,0xA21550,14,ascii,DD4DDCTUVDEDDC,si,,
0xA2B4E2,0xA2B4EF,13,ascii,23CE4UC3434BD,si,,
0xA2B532,0xA2B53C,10,ascii,DFDCCD32EC,si,,
0xA30182,0xA3018C,10,ascii,B35FcdFeD2,si,,
0xA30266,0xA30271,11,ascii,3a2&TdcVFd&,si,,
0xA34E02,0xA34E10,14,ascii,333CC44C3D43D3,si,,
0xA36920,0xA36942,34,ascii,Maybe some sleep is what you\nneed.,,si,
0xA36954,0xA3697E,42,ascii,Yeah.  I think I've finally settled\ndown. ,,si,
0xA36990,0xA369B2,34,ascii,I'll wake you if anything happens.,,si,
0xA369C4,0xA369CE,10,ascii,Thanks.   ,si,,
0xA4D592,0xA4D59C,10,ascii,Sc5PDCo5U2,si,,
0xA4E8D2,0xA4E8DD,11,ascii,CB3DTDEfDV4,si,,
0xA5C8B8,0xA5C8EE,54,ascii,My negotiator privileges probably\ndon't apply here.   ,,si,
0xA6FEE7,0xA6FEF1,10,ascii,D&CDSSE5C&,si,,
0xA7A080,0xA7A0B6,54,ascii,I'm not sure I wanna look for Hojo\nby myself anyway.  ,,si,
0xA7A0C8,0xA7A0EE,38,ascii,I should see if I can get Ed's help.  ,,si,
0xA7A100,0xA7A11E,30,ascii,I bet he'll be happy to do it.,,si,
0xA7A130,0xA7A15A,42,ascii,Ed should be at the main police\nstation.  ,,si,
0xA7A16C,0xA7A18E,34,ascii,He'll be in his mid-fifties too.  ,,si,
0xA7A1A0,0xA7A1C2,34,ascii,"He's been there all these years,  ",,si,
0xA7A1D4,0xA7A20A,54,ascii,so he must be doing pretty well\nfor himself by now.   ,,si,
0xA86322,0xA8632D,11,ascii,C4T3QCsT%Q!,si,,
0xA86672,0xA8667E,12,ascii,"Q02!!2!""!12!",si,,
0xA86912,0xA8691D,11,ascii,&RTCbNRR0d ,si,,
0xA880A4,0xA880B1,13,ascii,"cPBDBD0aRn/C,",si,,
0xA88EE4,0xA88EEE,10,ascii,/Dk %NP/O2,,,
0xA942F4,0xA94301,13,ascii,"6Ab31Q!M1bC5,",si,,
0xA99422,0xA99430,14,ascii,UeeUTDe6o&U!4C,si,,
0xA9F943,0xA9F94F,12,ascii,A3DD6FUUUEec,si,,
0xAA7DD2,0xAA7DDC,10,ascii,C3DtdSSGB4,si,,
0xAA8174,0xAA8180,12,ascii,!aR4c6UTEeD5,si,,
0xAAD6E5,0xAAD6EF,10,ascii,". -""""2!B2 ",,,
0xAB26B3,0xAB26BD,10,ascii,"b,?F}! "":'",,,
0xAB4202,0xAB420C,10,ascii,%C%DCoBoR!,si,,
0xAB4616,0xAB4621,11,ascii,02DU5A!%n!+,si,,
0xABC5C2,0xABC5CE,12,ascii,UVVUfvgfVUVU,si,,
0xAC50A0,0xAC50EE,78,ascii,I brought along my Policenauts\nphoto and one of Lorraine for the\nheck of it.  ,,si,
0xAC5100,0xAC5122,34,ascii,Might come in handy for\nsomething.,,si,
0xAC5134,0xAC515A,38,ascii,BCP shouldn't be that far from\nhere.  ,,si,
0xAC516C,0xAC5196,42,ascii,"Well, first things first.  Time to see\nEd.",,si,
0xAECFC4,0xAECFD0,12,ascii,"ccbqp?PPR""da",si,,
0xAED092,0xAED09C,10,ascii,EFRPU46's2,si,,
0xAEECD3,0xAEECDE,11,ascii,"""""2!3A4ECSE",si,,
0xAF6072,0xAF6080,14,ascii,3CDD233CDCTDTD,si,,
0xAF7870,0xAF7882,18,ascii,"Next stop, BCP.   ",,,
0xB03890,0xB038A2,18,ascii,This must be it.  ,,si,
0xB038B4,0xB038CE,26,ascii,Now I just gotta find Ed. ,,si,
0xB16070,0xB1608E,30,ascii,Quite a lobby these guys have.,,si,
0xB26950,0xB2695A,10,ascii,Hi there. ,,si,
0xB2696C,0xB269A6,58,ascii,My name's Jonathan Ingram.  I'm a\nprivate eye from Home.  ,,si,
0xB269D0,0xB26A2A,90,ascii,"The way you kept walking around,\nI thought you were here to\nrestock the vending machines. ",,si,
0xB26A3C,0xB26A66,42,ascii,So what brings you all the way out\nhere?  ,,si,
0xB26A78,0xB26AA6,46,ascii,"I'm actually an alum of this place, I\nguess.  ",,si,
0xB26AB8,0xB26AC6,14,ascii,Is that right.,,si,
0xB26AD8,0xB26AF2,26,ascii,Of which side of the bars?,,si,
0xB26B04,0xB26B3A,54,ascii,"I was a cop, wiseguy.  I'm here to\nsee my old partner.",,si,
0xB26B4C,0xB26B76,42,ascii,There a class reunion I don't know\nabout? ,,si,
0xB26B88,0xB26BA2,26,ascii,So what can I do for you? ,,si,
0xB2B602,0xB2B60D,11,ascii,"A/0""P ""AQ!C",,,
0xB311D6,0xB311E0,10,ascii,4/Q2436RTB,si,,
0xB31234,0xB3123E,10,ascii,eD5'CP5tBA,si,,
0xB31C74,0xB31C7E,10,ascii,"3ABBCT2""3C",si,,
0xB38497,0xB384A1,10,ascii,"4C""b3EEO4,",si,,
0xB533E3,0xB533EF,12,ascii,2ESU5GUdtbDT,si,,
0xB56452,0xB5645D,11,ascii,SS?FQ4SCB3S,si,,
0xB56832,0xB5683C,10,ascii,"Q?4S""3CC34",si,,
0xB5E792,0xB5E79E,12,ascii,1Da23OR??aB2,,si,
0xB668E2,0xB668EE,12,ascii,"""32T&2N2""""""/",si,,
0xB7ABE2,0xB7ABEF,13,ascii, 2DTUTDUDtcdT,si,,
0xB7ACE2,0xB7ACEE,12,ascii,2SdTSETSdTUe,si,,
0xB7E622,0xB7E62F,13,ascii,44!N 1AP5EFF3,,,
0xB95BA2,0xB95BB0,14,ascii,"2S1RP""A?R/R""""B",si,,
0xB995B3,0xB995BE,11,ascii,%D%CS%52C0N,si,,
0xB9A1D2,0xB9A1DE,12,ascii,21UP 2T!2C14,,si,
0xB9E910,0xB9E92E,30,ascii,"So Vice is downstairs, right? ",,si,
0xB9E940,0xB9E95E,30,ascii,You got it.  Finally gonna go?,,si,
0xB9E970,0xB9E98E,30,ascii,"Hey, give Ed a message for me.",,si,
0xB9E9A0,0xB9E9C2,34,ascii,"Tell him the sooner he retires,   ",,si,
0xB9E9D4,0xB9EA06,50,ascii,the sooner he can stop pretending\nto do any work. ,,si,
0xB9EA18,0xB9EA32,26,ascii,I'm not your secretary.   ,,si,
0xB9EA44,0xB9EA62,30,ascii,"Go do it yourself, you prick. ",,si,
0xBA4BD2,0xBA4BE0,14,ascii,eVeUETC4C4STEE,si,,
0xBA4BE2,0xBA4BF0,14,ascii,eDUEUD6UCD4D33,si,,
0xBB3C22,0xBB3C2C,10,ascii,4D4454RB24,si,,
0xBB5F85,0xBB5F8F,10,ascii,"!BCD34""22""",si,,
0xBBC242,0xBBC251,15,ascii,"o0DDbADBEcBB 6,",,,
0xBC4F95,0xBC4FA0,11,ascii,"c%S%""d5&Bdd",si,,
0xBCA385,0xBCA38F,10,ascii,"13""0O""C1!!",si,,
0xBCF2A2,0xBCF2B1,15,ascii,"csRSbSERUQnABB,",si,,
0xBD4972,0xBD497D,11,ascii,Eb4ND31&RDs,si,,
0xBD5702,0xBD5710,14,ascii,"TcD4C42Sn2%1""V",si,,
0xBD7A26,0xBD7A31,11,ascii,T&0RTEU43B',si,,
0xBD8762,0xBD876C,10,ascii,C3CDD33322,si,,
0xBDD0B0,0xBDD0C6,22,ascii,Thanks for the help.  ,,si,
0xBDD0EC,0xBDD112,38,ascii,You might not be thanking me\nlater.   ,,si,
0xBDD124,0xBDD136,18,ascii,And why is that?  ,,si,
0xBDD148,0xBDD166,30,ascii,"Oh, I think you'll find out.  ",,si,
0xBDD178,0xBDD1A2,42,ascii,"Hey, maybe you can cheer that\nloser up.   ",,si,
0xBE2EE6,0xBE2EF0,10,ascii,"""UVQBFp!A1",si,,
0xBE3652,0xBE365C,10,ascii,&& 63E N5c,,,
0xBEF694,0xBEF69E,10,ascii,TAF%TBDdt%,si,,
0xBF0BF4,0xBF0C01,13,ascii,"En!""DAB""C!43,",si,,
0xBF13C2,0xBF13D1,15,ascii,"CC4SNEBSSFC%&%,",si,,
0xBF1676,0xBF1681,11,ascii,"FDBA""2UA34,",si,,
0xBF5902,0xBF5911,15,ascii,"1RUP3bA3 4oDn4,",,,
0xBF6763,0xBF676F,12,ascii,6C!A!BCA1QAB,si,,
0xBF7712,0xBF7720,14,ascii,"51D2P0C31E1""34",si,,
0xBFE522,0xBFE52C,10,ascii,3BBADR4R1%,si,,
0xC0A070,0xC0A092,34,ascii,So this is the famous Vice Unit.  ,,si,
0xC0A0A4,0xC0A0C2,30,ascii,Don't everyone get up at once.,,si,
0xC14D17,0xC14D21,10,ascii,mdTEFcED5+,si,,
0xC15042,0xC1504C,10,ascii,UnPSCARDV2,si,,
0xC15AF5,0xC15AFF,10,ascii,.NEbBR!EC!,si,,
0xC15E92,0xC15EA0,14,ascii,mFBAA0T%CC!O &,,,
0xC25070,0xC25086,22,ascii,Meet Meryl and Dave.  ,,si,
0xC276D7,0xC276E1,10,ascii, g32dvUTV4,,,
0xC2C160,0xC2C182,34,ascii,Meryl was born and raised on\nHome.,,si,
0xC2C194,0xC2C1B6,34,ascii,You're looking at the last member ,,si,
0xC2C1C8,0xC2C1F2,42,ascii,of High-Tech Special Forces Unit\nFOXHOUND.,,si,
0xC2C204,0xC2C22E,42,ascii,She took part in the fall of\nZanzibarland.,,si,
0xC2C240,0xC2C26A,42,ascii,I thought that was a Home accent\nI heard. ,,si,
0xC2C27C,0xC2C296,26,ascii,"It's an honor, Policenaut.",,si,
0xC2C2A8,0xC2C2C6,30,ascii,Sorry for what I said before. ,,si,
0xC2C2D8,0xC2C30A,50,ascii,"Dave's a Beyond, born and raised\nin the cylinder. ",,si,
0xC2C31C,0xC2C336,26,ascii,"How's it going, Jonathan? ",,si,
0xC2C348,0xC2C37A,50,ascii,It's always great having another\nTerrestrial here.,,si,
0xC2C38C,0xC2C3AE,34,ascii,Home's such an incredible place.  ,,si,
0xC2C3C0,0xC2C3EA,42,ascii,"I've applied to immigrate there,\nyou know.",,si,
0xC2C3FC,0xC2C412,22,ascii,Nice meeting you guys.,,si,
0xC2C424,0xC2C43E,26,ascii,So what do you wanna do?  ,,si,
0xC2C450,0xC2C47E,46,ascii,Why don't I show you around the\nstation first?,,si,
0xC2C490,0xC2C4B6,38,ascii,I know I'd be curious if I were\nyou.  ,,si,
0xC303A7,0xC303B1,10,ascii,3fF!AV60AD,si,,
0xC46874,0xC46881,13,ascii,"D3RC%TDEaRA,%",si,,
0xC563A2,0xC563AF,13,ascii,"DT""FC6UdS45D""",si,,
0xC604E2,0xC604F0,14,ascii,43D323CDCTEUUE,si,,
0xC604F2,0xC60500,14,ascii,UFedUEUDDT4TVV,si,,
0xC60522,0xC60530,14,ascii,DTEU4213TEDTDD,si,,
0xC60532,0xC60540,14,ascii,43D4233DCD43C3,si,,
0xC68225,0xC68230,11,ascii,"BC!1%B5R""E5",si,,
0xC7D2F2,0xC7D2FF,13,ascii,"!2c"".2eDFEA3D",si,,
0xC92AD4,0xC92ADF,11,ascii,1oCCbcE&3S1,si,,
0xC95853,0xC9585D,10,ascii,2AoBS5fCfV,si,,
0xC96D43,0xC96D50,13,ascii,324C532SCTTTd,si,,
0xC96E15,0xC96E20,11,ascii,CDDTDDfeefd,si,,
0xC97322,0xC9732C,10,ascii,!AO!1 11!!,,,
0xC974E4,0xC974EE,10,ascii,"1O!A10!""!""",si,,
0xC97502,0xC9750D,11,ascii,"!3?""0""20PP0",si,,
0xCA55A2,0xCA55AF,13,ascii,"ACD3BTeCCB""&T",si,,
0xCAB502,0xCAB50C,10,ascii,pE/Ug5T6!4,si,,
0xCB2F12,0xCB2F1C,10,ascii,4%oCQT5Rd%,si,,
0xCB7884,0xCB789A,22,ascii,Ready to take a walk? ,,si,
0xCB78AC,0xCB78BE,18,ascii,Sure it's okay?   ,,,
0xCB78D0,0xCB7906,54,ascii,Why not? Better than you\nwandering around by yourself.,,si,
0xCB7918,0xCB795E,70,ascii,You're in for a surprise.  This\nplace is a lot different from LAPD.   ,,si,
0xCB7970,0xCB797E,14,ascii,"So, where to? ",,si,
0xCBC7D3,0xCBC7DF,12,ascii,415dN/S4Q1bP,si,,
0xCD3DF3,0xCD3DFD,10,ascii,"eR443""&oQQ",si,,
0xCD4682,0xCD468C,10,ascii,EQ5DCD7qPS,si,,
0xCDC3A2,0xCDC3AE,12,ascii,% Sf3TVDEE24,,,
0xCDDF36,0xCDDF40,10,ascii,1C3OS/&R/p,si,,
0xCE5D65,0xCE5D6F,10,ascii,3DBFWfQ4 %,,,
0xCEE8D0,0xCEE902,50,ascii,"This is the AP Room, the\nbackbone of the place.   ",,si,
0xCEE914,0xCEE942,46,ascii,These guys are as state of the art\nas it gets.,,si,
0xCEE954,0xCEE992,62,ascii,"Seated over there is the\ncommander of AP, and chief of\nBCP,   ",,si,
0xCEE9A4,0xCEE9B2,14,ascii,Gates Becker. ,,,
0xCEE9C4,0xCEE9EA,38,ascii,"Yeah, I heard about him in the\nlobby. ",,si,
0xCEE9FC,0xCEEA1E,34,ascii,"Gates....  Pretty amazing, huh?   ",,,
0xCEEA30,0xCEEA46,22,ascii,It's been 30 years.   ,,si,
0xCEEA58,0xCEEA6A,18,ascii,He's changed too. ,,,
0xCEEA7C,0xCEEA8E,18,ascii,Let's go say hi.  ,,,
0xD07182,0xD0718D,11,ascii,TSfCeEb bUT,,si,
0xD19082,0xD19090,14,ascii,CCDDD4DCC4D333,si,,
0xD19092,0xD190A0,14,ascii,3D333333333333,si,,
0xD190A2,0xD190B0,14,ascii,UUVUeeVEUUUEED,si,,
0xD190B2,0xD190C0,14,ascii,TEDDDTUTDTDTDD,si,,
0xD190C2,0xD190D0,14,ascii,4DDDDC33D3333C,si,,
0xD190D2,0xD190E0,14,ascii,333333C4333C33,si,,
0xD19112,0xD19120,14,ascii,3B333233323333,si,,
0xD19122,0xD19130,14,ascii,333D3C334C3334,si,,
0xD19132,0xD19140,14,ascii,43C3333C333333,si,,
0xD1D402,0xD1D40C,10,ascii,"aU%t""OB'7T",si,,
0xD22972,0xD22980,14,ascii,UD333DUVDD3BUD,si,,
0xD30BD5,0xD30BDF,10,ascii,44133!2413,si,,
0xD30E52,0xD30E5F,13,ascii,"1BB1CO2""3%""13",si,,
0xD30FB7,0xD30FC1,10,ascii,"6CB!EC2C"",",si,,
0xD31E97,0xD31EA1,10,ascii,"C/C234""Q2,",si,,
0xD32246,0xD32251,11,ascii,"5""22!41A22,",si,,
0xD33132,0xD33141,15,ascii,"43 3A!23223!R3,",,,
0xD3DAB2,0xD3DABC,10,ascii,E36S%2Aa4 ,,,
0xD49890,0xD498A6,22,ascii,"How you doing, mate?  ",,si,
0xD498B8,0xD498CE,22,ascii,Jonathan... Ingram?   ,,,
0xD498E0,0xD498EA,10,ascii,Jonathan! ,si,,
0xD56837,0xD56841,10,ascii,3D4naR4%T+,si,,
0xD595F3,0xD595FE,11,ascii,!CP221S2STQ,si,,
0xD59C02,0xD59C0C,10,ascii,C3EcDA1eA%,si,,
0xD59C72,0xD59C7E,12,ascii,330o03Ab!23&,si,,
0xD59D75,0xD59D80,11,ascii,"!!?1!/AR  """,,,
0xD64002,0xD6400D,11,ascii,21C!3!B%RPQ,si,,
0xD6D920,0xD6D932,18,ascii,You're on Beyond? ,,si,
0xD6D944,0xD6D976,50,ascii,They tell me you're the big boss\naround here now. ,,si,
0xD6D988,0xD6D9AE,38,ascii,Well done.  I'm really happy for\nyou. ,,si,
0xD6D9C0,0xD6D9F6,54,ascii,"Oh, please.  You're only as good\nas those around you. ",,si,
0xD6DA08,0xD6DA4A,66,ascii,Jonathan....  I just want to say I'm\nsorry about what happened.   ,,si,
0xD6DA5C,0xD6DA66,10,ascii,Who knows.,,si,
0xD6DA78,0xD6DAA6,46,ascii,"Might've been you sitting here\notherwise, eh? ",,si,
0xD6DAB8,0xD6DADE,38,ascii,"I'd rather not talk about it, Gates.  ",,si,
0xD6DAF0,0xD6DB2E,62,ascii,"Well, I must say it's nice having\nmore of the old crew around.",,si,
0xD6DB40,0xD6DB56,22,ascii,"On holiday, are you?  ",,si,
0xD6DB68,0xD6DB8A,34,ascii,"Actually, that's not why I'm here.",,si,
0xD6DB9C,0xD6DBB6,26,ascii,So... why are you here?   ,,si,
0xD6DBC8,0xD6DBDA,18,ascii,Here's the deal.  ,,si,
0xD6DBEC,0xD6DBF6,10,ascii,Jonathan! ,si,,
0xD6DC08,0xD6DC22,26,ascii,I'm looking for someone.  ,,si,
0xD6DC34,0xD6DC7A,70,ascii,His name is Kenzo Hojo.  He\nworks for Tokugawa\nPharmaceuticals here.  ,,si,
0xD797A2,0xD797AC,10,ascii,Obc3P3!oWT,si,,
0xD7A2A5,0xD7A2B1,12,ascii,"&15Cb1 %5C2,",,,
0xD856E4,0xD856EF,11,ascii,D& %31c1?bc,,,
0xD93E36,0xD93E40,10,ascii,"CBCUTF4C3""",si,,
0xD977B2,0xD977C0,14,ascii,cC4c5&eD377T3K,si,,
0xD986E2,0xD986EC,10,ascii, 35TeD5gUe,,,
0xD9DB54,0xD9DB5F,11,ascii,BDBo! 1Q!BS,,,
0xDA0465,0xDA0471,12,ascii,2!6S!fP MPt+,,,
0xDA08F3,0xDA08FD,10,ascii,"LT1PA""Q/13",si,,
0xDA1786,0xDA1790,10,ascii,B3aEQ&D/%g,si,,
0xDA1792,0xDA179F,13,ascii,2CRC3&3DePv2d,si,,
0xDA17D2,0xDA17E1,15,ascii,"B""BB2CC""CC0B1o,",si,,
0xDA4065,0xDA4070,11,ascii,SCeuUfTEUsS,si,,
0xDA6FD5,0xDA6FE1,12,ascii,"T1OC!R4&4Q?,",si,,
0xDA9842,0xDA9851,15,ascii,"32D64oSt""6REC2+",si,,
0xDB0804,0xDB080E,10,ascii,&%'O42oC&E,si,,
0xDC8422,0xDC842E,12,ascii,C3f&e1bCVb4p,si,,
0xDD53F7,0xDD5401,10,ascii,"%R""D!RbA"",",si,,
0xDD7023,0xDD7030,13,ascii,d2u!pT2eLVB7N,si,,
0xDD94C2,0xDD94CE,12,ascii,"4RA4S""""BA.5""",si,,
0xDDF494,0xDDF49E,10,ascii,"APP1 1A1""""",,,
0xDE70D3,0xDE70DD,10,ascii,"pGfT""BsdE ",,,
0xDE9502,0xDE950D,11,ascii,3 A3bAT1Bn6,,,
0xDEA622,0xDEA62C,10,ascii,.N?W5tr/4T,si,,
0xDEC002,0xDEC00E,12,ascii,"D""5E""BQ3""/5P",si,,
0xDECCD7,0xDECCE1,10,ascii,"/!""""/"" A/+",,,
0xDFEFD3,0xDFEFE1,14,ascii,"v1E2QnE&ATad4,",si,,
0xDFF633,0xDFF641,14,ascii,"ECeQNR45OT%BT,",si,,
0xE06F37,0xE06F41,10,ascii,"?!4CB2CB"",",si,,
0xE08DD6,0xE08DE1,11,ascii,DDcEft202B3,si,,
0xE0F870,0xE0F882,18,ascii,I know that guy.  ,,si,
0xE19F72,0xE19F81,15,ascii,"%5a23%6R4PBTD3,",si,,
0xE1C882,0xE1C890,14,ascii,VUDC33CE44ED44,si,,
0xE1C912,0xE1C920,14,ascii,VfVff5DUDD434C,si,,
0xE1C9E2,0xE1C9F0,14,ascii,"32C3""2DD4TDDED",si,,
0xE1C9F2,0xE1CA00,14,ascii,VF443D3CdUTUUD,si,,
0xE1CA02,0xE1CA10,14,ascii,CDEUTDDDTeUUef,si,,
0xE1CA12,0xE1CA20,14,ascii,ffffUeUTUUfeUU,si,,
0xE1CA22,0xE1CA30,14,ascii,"3""33333C33333C",si,,
0xE1CA32,0xE1CA40,14,ascii,34433333334333,si,,
0xE1CA42,0xE1CA50,14,ascii,333343333C44CD,si,,
0xE1CA52,0xE1CA60,14,ascii,333333333DD333,si,,
0xE1CA62,0xE1CA70,14,ascii,34C43333333333,si,,
0xE1CA72,0xE1CA80,14,ascii,UefffffUUUUUDE,si,,
0xE1CA82,0xE1CA90,14,ascii,UETDDEDTDD44DE,si,,
0xE1E8B0,0xE1E8CA,26,ascii,"Having fun, Policenaut?   ",,,
0xE1E8DC,0xE1E8EA,14,ascii,"So, you're AP.",,si,
0xE1E8FC,0xE1E912,22,ascii,This is Tony Redwood. ,,si,
0xE1E924,0xE1E93E,26,ascii,He heads up bomb disposal.,,si,
0xE1E950,0xE1E97A,42,ascii,He's also the best EMPS pilot\nthere is.   ,,si,
0xE1E98C,0xE1E9AA,30,ascii,"They call him ""Mr. Goddard"".  ",,si,
0xE20AC3,0xE20ACE,11,ascii,"""22""CC3DDUE",si,,
0xE2B002,0xE2B00C,10,ascii,"""RD43l22!B",si,,
0xE40F05,0xE40F10,11,ascii,3P%Q!1bQP !,,,
0xE440F2,0xE440FC,10,ascii,".C"" .4!O+P",,,
0xE4EAF2,0xE4EAFC,10,ascii,3Uf6Q&2TPv,si,,
0xE51A80,0xE51AA6,38,ascii,How long do you expect to last\nhere   ,,si,
0xE51AB8,0xE51AE2,42,ascii,when you can barely handle a bit\nof SAS?  ,,si,
0xE51AF4,0xE51B16,34,ascii,Or is it time to pop another pill?,,si,
0xE51B28,0xE51B3A,18,ascii,This is Beyond.   ,,si,
0xE51B4C,0xE51B92,70,ascii,Totally different ball game from\nwhat you Terrestrials are used to.   ,,si,
0xE51BA4,0xE51BBE,26,ascii,Rather that than a reject ,,si,
0xE51BD0,0xE51BEA,26,ascii,from a bad zombie movie.  ,,si,
0xE51BFC,0xE51C16,26,ascii,Jonathan! Just ignore him.,,si,
0xE51C28,0xE51C4E,38,ascii,"Say, Ed.  Know how this timer\nworks?  ",,si,
0xE51C60,0xE51C6E,14,ascii,"What, that?   ",,si,
0xE51C80,0xE51CAA,42,ascii,I hear you were in the bomb\nsquad on Home.,,si,
0xE51CBC,0xE51CDE,34,ascii,"Before I joined narcotics, yeah.  ",,si,
0xE51CF0,0xE51D06,22,ascii,Normally a bomb maker ,,,
0xE51D18,0xE51D66,78,ascii,will incorporate several traps into\na device to prevent it from being\ndefused.,,si,
0xE51D78,0xE51D96,30,ascii,See the red and blue cords?   ,,si,
0xE51DA8,0xE51DCE,38,ascii,They're the final safety\nmechanism.   ,,si,
0xE51DE0,0xE51E02,34,ascii,Cut the right one and you're\ndone.,,si,
0xE51E14,0xE51E42,46,ascii,Which would you pick if I were to\nset it now? ,,si,
0xE51E54,0xE51E62,14,ascii,Red or blue?  ,,si,
0xE51E8C,0xE51E9A,14,ascii,for Redwood.  ,,si,
0xE51EC4,0xE51EE6,34,ascii,Now we have a hole in the colony. ,,si,
0xE51EF8,0xE51F22,42,ascii,A sociopath won't necessarily opt\nfor red.,,si,
0xE51F34,0xE51F46,18,ascii,The answer's blue.,,si,
0xE51F58,0xE51F76,30,ascii,I always go for blue myself.  ,,si,
0xE51F88,0xE51F9E,22,ascii,Thanks for the tip.   ,,si,
0xE54517,0xE54521,10,ascii,"!23""""C233D",si,,
0xE78805,0xE78810,11,ascii,"""4R1A2""3CQ2",si,,
0xE7CA04,0xE7CA0E,10,ascii,B51C2R!oD&,si,,
0xE81302,0xE8130D,11,ascii,DBBD4DEESE4,si,,
0xE89D22,0xE89D2C,10,ascii,CB3CDDdeeU,si,,
0xE8A252,0xE8A25C,10,ascii,CC4DSSTDVd,si,,
0xE903A5,0xE903B1,12,ascii,"?%!3R A!""CU'",,,
0xE92462,0xE9246E,12,ascii,54/O6Be5 !%%,,si,
0xEA63F2,0xEA63FE,12,ascii,"!""2""32333CC3",si,,
0xEA6F72,0xEA6F7D,11,ascii,"""22""42C34T3",si,,
0xEC56D4,0xEC56E1,13,ascii,3U44T5AQT%NT2,si,,
0xF28A46,0xF28A51,11,ascii,"3PB32""3RC3E",si,,
0xF39807,0xF39811,10,ascii,"%n1""RVBeF+",si,,
0xF3AF34,0xF3AF3F,11,ascii,"A""!P3CD32TG",si,,
0xF3EC57,0xF3EC61,10,ascii,"!R223""""21+",si,,
0xF45AB2,0xF45ABD,11,ascii,C3B4BSCCD22,si,,
0xF49435,0xF49440,11,ascii,"22224DQ!""OB",si,,
0xF49DB2,0xF49DC0,14,ascii,DpBS&TSFF4FA64,si,,
0xF49FE2,0xF49FED,11,ascii,"2QTC0Sc""%CC",si,,
0xF4F447,0xF4F451,10,ascii,"bE0dV3Tf""%",,si,
0xF50842,0xF5084E,12,ascii,"6p3sPspcU!b""",si,,
0xF53142,0xF5314D,11,ascii,RDUES44EFSC,si,,
0xF54097,0xF540A1,10,ascii,D?2o!oQk0+,si,,
0xF58F15,0xF58F1F,10,ascii,"""&su%4p6A6",si,,
0xF59786,0xF59791,11,ascii,CAV43Qn5DS+,si,,
0xF5EF87,0xF5EF91,10,ascii,B3SQ2UTcdE,si,,
0xF63737,0xF63741,10,ascii,"!1! !N0""1+",,,
0xF69265,0xF69271,12,ascii,WF3W2221nCv+,si,,
0xF6A307,0xF6A311,10,ascii,"?CC22""R 2,",,,
0xF710C0,0xF710F2,50,ascii,I see you still have that cigarette\nin your mouth.,,si,
0xF71104,0xF7112A,38,ascii,You'll be arrested if you light it.   ,,si,
0xF7113C,0xF7114A,14,ascii,Only saying.  ,,si,
0xF7115C,0xF71192,54,ascii,"Well, I don't see any ashtrays\naround here, do you?   ",,si,
0xF711A4,0xF711AE,10,ascii,Ashtrays? ,,,
0xF711C0,0xF711EE,46,ascii,"If you need an ashtray, there's\nalways Vice.  ",,si,
0xF742F2,0xF742FD,11,ascii,233DSTTfefV,si,,
0xF7F392,0xF7F39D,11,ascii,DTcfdDcF/U5,si,,
0xF80EA2,0xF80EAD,11,ascii,"""4B2C34DU65",si,,
0xF84722,0xF8472D,11,ascii,22CSDUffutE,si,,
0xF85B57,0xF85B61,10,ascii,"P3Aq.CD5D,",si,,
0xF8B182,0xF8B18C,10,ascii,3B1?C!3NSP,si,,
0xF90B63,0xF90B6D,10,ascii,eS%'d1DaS3,si,,
0xF95882,0xF9588C,10,ascii,!BTEeVFvuV,si,,
0xFABE92,0xFABEA0,14,ascii,EDDDUETEDDD3D4,si,,
0xFAE0D0,0xFAE106,54,ascii,That is one creepy dude.  He\ndidn't even blink there. ,,si,
0xFAE118,0xFAE14E,54,ascii,That's normal for Frozeners. \nNone of 'em ever blink. ,,si,
0xFAE160,0xFAE186,38,ascii,Normal? The hell's normal about\nthat? ,,si,
0xFAE198,0xFAE1C2,42,ascii,Their eyes contain artificial lenses\ntoo. ,,si,
0xFAE1D4,0xFAE212,62,ascii,That makes their eyesight twice as\npowerful as yours or mine. ,,si,
0xFAE224,0xFAE252,46,ascii,"What about some of them being\nour kids, huh?  ",,si,
0xFAE264,0xFAE27A,22,ascii,I'm not too worried.  ,,si,
0xFAE28C,0xFAE2BE,50,ascii,"I mean, what are the chances of\nthem choosing us? ",,si,
0xFAE2D0,0xFAE312,66,ascii,You're telling me! God help them\nif you're the pick of the litter.,,si,
0xFAE324,0xFAE34A,38,ascii,"You're one to talk, Mr.\nCosmophobia.  ",,si,
0xFAE35C,0xFAE38A,46,ascii,Was it just me or have you got\nbeef with him? ,,si,
0xFAE39C,0xFAE3A6,10,ascii,Think so? ,,si,
0xFAE3B8,0xFAE3DA,34,ascii,Something happen between you\ntwo? ,,si,
0xFAE3EC,0xFAE412,38,ascii,I just don't get along with\nFrozeners.,,si,
0xFC85C2,0xFC85CD,11,ascii,"3CC1??0?.3""",si,,
0xFCD212,0xFCD221,15,ascii,"T12BA42P3B""B41)",si,,
0xFD7AC4,0xFD7ACE,10,ascii,""""" ""01!!!!",,,
0xFD7EF2,0xFD7F00,14,ascii,53%CB?43C143DP,si,,
0xFD9673,0xFD967D,10,ascii,"4 ""D03A""2A",,,
0xFDA0D2,0xFDA0DC,10,ascii,"AOBC!""C1B%",si,,
0xFDA302,0xFDA30E,12,ascii,RaEAS35b1SQS,si,,
0xFE9E66,0xFE9E71,11,ascii,"37C1DU%URA,",si,,
0xFF6732,0xFF673E,12,ascii,R12U%!O4%44m,si,,
0xFF6BC6,0xFF6BD0,10,ascii,"""""CC4DDD34",si,,
0xFF8D92,0xFF8D9F,13,ascii,DUETUc4eSS%WB,si,,
0x101E6E7,0x101E6F1,10,ascii,"Rf""AWERU'(",si,,
0x101EA83,0x101EA8D,10,ascii, 02BB%6Ed&,,,
0x10256A3,0x10256AD,10,ascii,"!QB03nA""%Q",si,,
0x1026032,0x102603C,10,ascii,"""35GU0BvuO",si,,
0x1029B15,0x1029B20,11,ascii,"""""223""!24C0",si,,
0x103FF22,0x103FF2C,10,ascii,"""!2CDBDBDA",si,,
0x1042AD2,0x1042AE1,15,ascii,"""5CoR&DO5D""5C'+",,si,
0x1043605,0x104360F,10,ascii,"6CC""Q4C1CA",si,,
0x10492C2,0x10492CD,11,ascii,bSVa3eA3D/R,si,,
0x104F6C2,0x104F6CD,11,ascii,CG5Q50SC3Tr,si,,
0x10518B0,0x10518CA,26,ascii,"How's it hanging, doctor? ",,si,
0x10518DC,0x10518FA,30,ascii,"Victor, Ed.  My name's Victor!",,si,
0x105190C,0x105192E,34,ascii,When is he ever going to listen?  ,,si,
0x1051940,0x1051982,66,ascii,"Don't waste your time.  It's in one\near, out the other with him.  ",,si,
0x1051994,0x10519BA,38,ascii,Oh? Who's that you've got with\nyou?   ,,si,
0x10519CC,0x10519EA,30,ascii,"Lemme introduce you, Jonathan.",,si,
0x10519FC,0x1051A42,70,ascii,"This is Dr. Victor Jurgens, head of\nBCP's Forensic Services Division. ",,si,
0x1055AD2,0x1055ADC,10,ascii,C3AeDVEf6B,si,,
0x1056022,0x105602E,12,ascii,cEF5UbC5TDDU,si,,
0x10562A5,0x10562AF,10,ascii,oB22 TT235,,,
0x106A4C7,0x106A4D1,10,ascii,0411SUUDF2,si,,
0x1070722,0x1070730,14,ascii,DDCDDDDDD4DD3D,si,,
0x1070732,0x1070740,14,ascii,3333C333333333,si,,
0x1070742,0x1070750,14,ascii,333333333C3333,si,,
0x1070752,0x1070760,14,ascii,VUUeVVUUTUVUUU,si,,
0x1070762,0x1070770,14,ascii,EEDTTUeUUUUUeU,si,,
0x1070772,0x1070780,14,ascii,TUUEUUUEUUUUEU,si,,
0x1070782,0x1070790,14,ascii,UUVUUUUUUUUUEU,si,,
0x1070792,0x10707A0,14,ascii,UeeUeUVUUfUUUU,si,,
0x10707A2,0x10707B0,14,ascii,eUUUUUVUVUVeUV,si,,
0x10707B2,0x10707C0,14,ascii,eUEUUUVVUUUUUU,si,,
0x10707C2,0x10707D0,14,ascii,eUUUUVUEUUUUUT,si,,
0x10707D2,0x10707E0,14,ascii,TEUUeEEUUUUEUU,si,,
0x10707E2,0x10707F0,14,ascii,UUTEUUDDUDTDDD,si,,
0x10707F2,0x1070800,14,ascii,DEEDDEDTDTDCDD,si,,
0x1070802,0x1070810,14,ascii,4DDD4D444CDD33,si,,
0x1070812,0x1070820,14,ascii,CDD444333C3333,si,,
0x107D647,0x107D651,10,ascii,"!?""""31!""1,",si,,
0x107E2E3,0x107E2F1,14,ascii,"30A2b"" 0c.3B%,",,,
0x107EA76,0x107EA81,11,ascii,"DBBCR32342,",si,,
0x1082005,0x108200F,10,ascii,"TB161""cQQ ",,,
0x1086A04,0x1086A11,13,ascii,"ER13&B/DC!QE,",si,,
0x1089692,0x108969C,10,ascii,c1UuGC4Dcv,si,,
0x1091872,0x109187C,10,ascii,"3CB23DB""VD",si,,
0x10931A3,0x10931AD,10,ascii,"22C2%5d?1""",si,,
0x1095BF5,0x1095C01,12,ascii,.cUADUeFET4F,si,,
0x1096EC2,0x1096ECC,10,ascii,11gF326SB3,si,,
0x109D8F0,0x109D912,34,ascii,How you doing? Jonathan Ingram.   ,,si,
0x109D924,0x109D942,30,ascii,I'm a private eye from OLA.   ,,si,
0x109D954,0x109D986,50,ascii,You mean you're the one and only\nAstronaut Ingram.,,si,
0x109D9C0,0x109D9FA,58,ascii,I was on the edge of my seat\nwhen you guys landed on Mars.,,si,
0x109DA0C,0x109DA3E,50,ascii,"I get it.  Come back to your real\nhome, have you? ",,si,
0x109DA50,0x109DA62,18,ascii,Great to meet you.,,si,
0x10A3562,0x10A356C,10,ascii,BSC&5T55e3,si,,
0x10A5EE2,0x10A5EED,11,ascii,"""""""3333CD33",si,,
0x10A95A7,0x10A95B1,10,ascii,"R 21C-3.%,",,,
0x10CF8A6,0x10CF8B1,11,ascii,"!!22RF%""C4C",si,,
0x10D77E7,0x10D77F1,10,ascii,Bd 4F3d3T+,,,
0x10E2B92,0x10E2B9D,11,ascii,3EEEeuufeg5,si,,
0x10E69A4,0x10E69B1,13,ascii,"!%2B/R3DBP24,",si,,
0x10EB090,0x10EB0CA,58,ascii,Would you be able to take a look\nat these things for me?  ,,si,
0x10EB0DC,0x10EB0F6,26,ascii,What have we got here.... ,,si,
0x10EB108,0x10EB122,26,ascii,"There's more, actually.   ",,si,
0x10EB134,0x10EB14A,22,ascii,Let's see everything. ,,,
0x10F0203,0x10F020D,10,ascii,"&""QSEBT%nT",si,,
0x10F1412,0x10F1421,15,ascii,"Cpp5sTecDU6f43,",si,,
0x10F7C94,0x10F7CA0,12,ascii,"""RCVF:B2ACTT",si,,
0x10F8AA3,0x10F8AAF,12,ascii,O !11!1  112,,,
0x10F9577,0x10F9581,10,ascii,%uTUECC%3F,si,,
0x10F9F66,0x10F9F71,11,ascii,"""F&GUSdsbRF",si,,
0x10F9FA4,0x10F9FAF,11,ascii,26&V5TUDCcA,si,,
0x10FA4D7,0x10FA4E1,10,ascii,F&4V%7DbCF,si,,
0x1104A73,0x1104A80,13,ascii,&RC%13e%64&fE,si,,
0x1104DF2,0x1104DFC,10,ascii,"3A!""?CA1""!",si,,
0x110DCC2,0x110DCD1,15,ascii,"O/TD6336BEB5-3,",si,,
0x1114725,0x1114730,11,ascii,"""""223CdTTEe",si,,
0x1114732,0x1114740,14,ascii,VEDEEUEDUeEDUU,si,,
0x1114762,0x1114770,14,ascii,EDTDTUDEDEDEDU,si,,
0x1116100,0x111613A,58,ascii,"Hey, maybe you could take a look\nat these things for me.  ",,si,
0x111614C,0x1116176,42,ascii,You mean that stuff belonging to\nthat guy?,,si,
0x1116188,0x111619A,18,ascii,Let's see them.   ,,si,
0x11161AC,0x11161BA,14,ascii,Here you go.  ,,si,
0x112ACF2,0x112AD01,15,ascii,"CTCc4""""UC%""CV4G",si,,
0x112C275,0x112C27F,10,ascii,"-suWUC4DE""",si,,
0x112EFF6,0x112F001,11,ascii,0!EtUFFF5T',si,,
0x1136426,0x1136430,10,ascii,"!!""CC43""33",si,,
0x113C880,0x113C8B6,54,ascii,Come back in a bit and we'll talk\nabout the results.  ,,si,
0x113C8C8,0x113C8D6,14,ascii,"Later, doctor.",,,
0x1142C45,0x1142C51,12,ascii,dm4.og75/.7+,si,,
0x1142E36,0x1142E41,11,ascii,%DoB? 023CL,,,
0x1143163,0x114316D,10,ascii,"F D""D0""CS ",,,
0x1146E06,0x1146E11,11,ascii,23dfC3gE334,si,,
0x1147F92,0x1147FA0,14,ascii,eeVUUeUUVDDTUE,si,,
0x1147FA2,0x1147FB0,14,ascii,CTUUEDDD3CD4DU,si,,
0x1147FB2,0x1147FBD,11,ascii,DD3D343T343,si,,
0x114EAE4,0x114EAF0,12,ascii,"2TVTeeVE4C4""",si,,
0x1151070,0x1151092,34,ascii,Get a load of that Home accent.   ,,si,
0x11510A4,0x11510EA,70,ascii,"Nice, isn't it? Beyonds' speech is\npretty stilted compared to ours.   ",,si,
0x11549A2,0x11549AD,11,ascii,A135DFtUVWV,si,,
0x115D2F5,0x115D2FF,10,ascii,"AET4""S44""3",si,,
0x115D302,0x115D30E,12,ascii,"""2C4D44""333""",si,,
0x115D312,0x115D320,14,ascii,33DVESUEDDD333,si,,
0x115FE77,0x115FE81,10,ascii,"Ww4 SGf""r5",,,
0x1171120,0x117113E,30,ascii,"The results are in, Jonathan! ",,si,
0x1171150,0x1171166,22,ascii,Gorby delivered again.,,,
0x1171178,0x1171192,26,ascii,Already? That was quick.  ,,si,
0x11711A4,0x11711BA,22,ascii,What do you expect!   ,,si,
0x11711CC,0x11711DE,18,ascii,What took so long?,,si,
0x11711F0,0x1171212,34,ascii,Victor's always a thorough guy.   ,,,
0x11724A3,0x11724B0,13,ascii,PUVVTVEEEVeUf,si,,
0x11724B2,0x11724C0,14,ascii,3D3C4CC3334344,si,,
0x1174902,0x117490C,10,ascii,  RB%%4/-.,,,
0x1178067,0x1178071,10,ascii,AC0!A!B3 8,,,
0x1179407,0x1179411,10,ascii,BV5U2CE3B3,si,,
0x117BC42,0x117BC4E,12,ascii,-3532 ! 1DSD,,,
0x117F765,0x117F771,12,ascii,0./cFUeDS ?E,,,
0x118BEB6,0x118BEC1,11,ascii,"CB11""T%""4A3",si,,
0x118BF02,0x118BF0D,11,ascii,2 3cU!RCD34,,,
0x118BF72,0x118BF7C,10,ascii,"BuU""SETBD""",si,,
0x118DF62,0x118DF70,14,ascii,UUU5CUUC4C4DDT,si,,
0x118DF82,0x118DF8D,11,ascii,"14433DDD3""!",si,,
0x118DFA2,0x118DFB0,14,ascii,CDTDfDDEET4C3D,si,,
0x118E152,0x118E160,14,ascii,3CCD3CDC333333,si,,
0x118E222,0x118E230,14,ascii,3D4DDC334C4DD3,si,,
0x118E232,0x118E240,14,ascii,44333D43333333,si,,
0x118E242,0x118E250,14,ascii,fVUfffffffUUUU,si,,
0x118E252,0x118E260,14,ascii,UfVUUUUUUUUUUU,si,,
0x118E262,0x118E270,14,ascii,EUUUUUUUUefVEE,si,,
0x118E272,0x118E280,14,ascii,TUUTDDDETEU4DD,si,,
0x118E282,0x118E290,14,ascii,CDTUEUEUETDDDU,si,,
0x118E292,0x118E2A0,14,ascii,TUDT4EDDDDTTDD,si,,
0x118E2A2,0x118E2B0,14,ascii,4CDCDD45DD33D4,si,,
0x118E342,0x118E350,14,ascii,"3333""33""33""""33",si,,
0x1196E15,0x1196E1F,10,ascii,R4%B%3C2 6,,,
0x11978C5,0x11978CF,10,ascii,"""1111""A?A""",si,,
0x1198683,0x119868D,10,ascii,"D""%1aR2&0R",si,,
0x1198703,0x119870E,11,ascii,"1""""!210""!BO",si,,
0x11987C2,0x11987CC,10,ascii,TrTpA7c%&C,si,,
0x1198812,0x119881C,10,ascii,BTpcN652FC,si,,
0x119FA12,0x119FA1C,10,ascii,1!DC23C2 ?,,,
0x11A71C6,0x11A71D0,10,ascii,23BDF4D32C,si,,
0x11A72B2,0x11A72C0,14,ascii,3C434DD4C43333,si,,
0x11A72C2,0x11A72D0,14,ascii,UUVUeffVUDUUUU,si,,
0x11A9090,0x11A90AE,30,ascii,First up we have the capsules.,,si,
0x11B80C0,0x11B80DE,30,ascii,Nope.  Just a bunch of pills. ,,si,
0x11B80F0,0x11B810A,26,ascii,Already on the market too.,,si,
0x11B811C,0x11B813E,34,ascii,Then why did Hojo hang onto\nthese?,,si,
0x11B8150,0x11B819A,74,ascii,Maybe there's some kinda trick to\nthem? He does work for a drug\ncompany.  ,,si,
0x11B81AC,0x11B81D6,42,ascii,"No microfilm inside them or\nanything, huh?",,si,
0x11B81E8,0x11B8202,26,ascii,"Well, take a look at this.",,si,
0x11BBAB2,0x11BBABD,11,ascii, 3DRTUfeE52,si,,
0x11C18B2,0x11C18BD,11,ascii,"63024""Q""2SA",si,,
0x11C1A77,0x11C1A81,10,ascii,"%353331D"",",si,,
0x11C2AC5,0x11C2ACF,10,ascii,"""2244DCDD6",si,,
0x11C5EF6,0x11C5F01,11,ascii,ACrd42F2Ff(,si,,
0x11C5FB7,0x11C5FC1,10,ascii,C20CEdDeU),si,,
0x11DC942,0x11DC94D,11,ascii,"7MU/bB.QA!""",si,,
0x11DE4B7,0x11DE4C1,10,ascii,"!3DED3""TTC",si,,
0x11E9935,0x11E9941,12,ascii,"0?"" 2!/B""1!+",,,
0x11EA1E2,0x11EA1EC,10,ascii,tVU4UU5t5u,si,,
0x11F28D2,0x11F28DD,11,ascii,"T5C""1P3B2CC",si,,
0x11F4C74,0x11F4C81,13,ascii,!1CDUuVvV42%F,si,,
0x11F5262,0x11F526C,10,ascii,BGEDDT%Q-.,si,,
0x11F63B6,0x11F63C1,11,ascii,!As7BCg6BC%,,si,
0x11F6BC3,0x11F6BCD,10,ascii,?!12332S4%,si,,
0x11F6CB6,0x11F6CC1,11,ascii,/SD4teFfU4D,si,,
0x11F94F5,0x11F9501,12,ascii, RGT2C!2!BDE,si,,
0x11FA832,0x11FA83D,11,ascii,"D31TUTEE23""",si,,
0x11FA8C4,0x11FA8CE,10,ascii,"1dTRdUE4%""",si,,
0x11FF0D0,0x11FF10E,62,ascii,"If they're not mistakes, that would\nmake them... intentional? ",,si,
0x11FF120,0x11FF14A,42,ascii,Maybe these are somebody else's\nknockoffs?,,si,
0x11FF15C,0x11FF16E,18,ascii,One other thing.  ,,si,
0x11FF180,0x11FF1BE,62,ascii,These are two-part capsules\ninstead of your standard gelcaps. ,,si,
0x11FF1D0,0x11FF202,50,ascii,Two-part capsules haven't been\nused in decades.   ,,si,
0x11FF214,0x11FF236,34,ascii,What was Hojo doing with these?   ,,si,
0x11FF248,0x11FF266,30,ascii,Why are they such a big deal? ,,si,
0x11FF278,0x11FF29A,34,ascii,Lorraine died getting them to me. ,,si,
0x11FF2AC,0x11FF2E6,58,ascii,We do know Tokugawa\nPharmaceuticals is somehow\nconnected. ,,si,
0x11FF2F8,0x11FF332,58,ascii,"One of their employees is missing,\nand now these capsules.",,si,
0x11FF344,0x11FF35A,22,ascii,What about the leaf?  ,,si,
0x12035F3,0x1203601,14,ascii, SD%EdeVDB3D3D,si,,
0x1211C53,0x1211C61,14,ascii,654DoQ4cDsCb4+,si,,
0x1211C82,0x1211C8D,11,ascii,DUTQBVEDDa2,si,,
0x1211DB5,0x1211DBF,10,ascii,"D%PCAB""PD3",si,,
0x121D052,0x121D05C,10,ascii,"""!""!""1 ! A",,,
0x121EFD2,0x121EFDC,10,ascii,"02R-C ""P?3",,,
0x12249B3,0x12249C1,14,ascii,"dVSnSTefVVEV5,",si,,
0x122A5C2,0x122A5CC,10,ascii,"""31DeDdu5""",si,,
0x1249FF2,0x1249FFC,10,ascii,"340""651RD!",si,,
0x1254622,0x125462C,10,ascii,"0A""/-:""""A.",si,,
0x1254D06,0x1254D11,11,ascii,Pn2E133Q&3+,si,,
0x12562E6,0x12562F1,11,ascii,D3!QE24DAD+,si,,
0x125A922,0x125A92D,11,ascii,"U34/2""S5?2%",si,,
0x125FB43,0x125FB4D,10,ascii,"T%SO R""R1U",,si,
0x126F672,0x126F67C,10,ascii,"""""""O!B1CB1",si,,
0x126F992,0x126F99C,10,ascii,"S21pB13""""2",si,,
0x126FD42,0x126FD4E,12,ascii,"3A""""""01A 02""",,,
0x127FB04,0x127FB0E,10,ascii,P/!nOP11%!,si,,
0x1282942,0x128294D,11,ascii,Uo%UCD4%C5R,si,,
0x1283D56,0x1283D61,11,ascii,Cdcm4uQRAS+,si,,
0x1284634,0x1284641,13,ascii,VQ%%C%ScpC&T+,si,,
0x12848B2,0x12848BE,12,ascii,"%""%%!5o?3C2c",si,,
0x12854E2,0x12854F0,14,ascii,WSB16t4!&s256t,si,,
0x1285547,0x1285551,10,ascii,"3001!/"" 3,",,,
0x1285C35,0x1285C41,12,ascii,WTo5352&C6q+,si,,
0x1285F92,0x1285F9D,11,ascii,"!0""2!!!!2!!",si,,
0x12888B2,0x12888BC,10,ascii,sbes4&TC4D,si,,
0x1289902,0x1289911,15,ascii,"dQb""'S6DcE5&BM,",si,,
0x128F100,0x128F14A,74,ascii,"I thought you had a challenge for\nus, Jonathan.  It's from a black\npoppy. ",,si,
0x128F15C,0x128F16A,14,ascii,"A poppy, huh? ",,,
0x128F17C,0x128F1BA,62,ascii,"It's the main ingredient of Narc,\nthe semi-synthetic narcotic.",,si,
0x128F1CC,0x128F1F6,42,ascii,They were talking about it on the\nnews.   ,,si,
0x128F208,0x128F21A,18,ascii,I'm not surprised.,,si,
0x128F22C,0x128F24E,34,ascii,Narc's become an epidemic here.   ,,si,
0x128F260,0x128F27E,30,ascii,So there is a drug connection?,,si,
0x128F290,0x128F2C6,54,ascii,All poppy cultivation was stamped\nout here years ago. ,,si,
0x128F2D8,0x128F2FE,38,ascii,This was probably smuggled from\nHome. ,,si,
0x128F310,0x128F33E,46,ascii,Then Hojo was involved with\npoppy trafficking?,,si,
0x128F350,0x128F366,22,ascii,I wouldn't be so sure.,,si,
0x12981D2,0x12981DD,11,ascii,fVWfd0edUQ6,si,,
0x129E0D2,0x129E0DC,10,ascii,3C2TUE%C1u,si,,
0x129E782,0x129E78C,10,ascii,DdUEF40Ad5,si,,
0x12A26F5,0x12A2700,11,ascii, 33CCC33433,si,,
0x12ABCC5,0x12ABCCF,10,ascii,F2B2/QCC0.,si,,
0x12ACC95,0x12ACCA1,12,ascii,"J'b%!nFTATe,",si,,
0x12AE822,0x12AE82C,10,ascii,UEEGg6B4C4,si,,
0x12AE8B2,0x12AE8BD,11,ascii,"RFTUW65D3E""",si,,
0x12AED76,0x12AED81,11,ascii,"""B!!StE33C4",si,,
0x12AEF86,0x12AEF91,11,ascii,"SVEaefC""""AE",si,,
0x12B5492,0x12B54A0,14,ascii,CDCCDDFUDUTCSD,si,,
0x12B54B2,0x12B54C0,14,ascii,"!""22""2CDDCTCU4",si,,
0x12C2243,0x12C224D,10,ascii,3BD3%%UD0A,si,,
0x12CA0D5,0x12CA0E1,12,ascii,NOA3CC3333A%,si,,
0x12D3172,0x12D317D,11,ascii,CARABC4D%!?,si,,
0x12E96A3,0x12E96AD,10,ascii,eedCS!VED%,si,,
0x12EA0B2,0x12EA0BC,10,ascii,"WdR&4.""5a4",si,,
0x12EABC2,0x12EABD0,14,ascii,"D""%&Cq3""1A2pD5",si,,
0x12EAEC2,0x12EAECD,11,ascii, 6&75125?gt,si,,
0x12EB7E3,0x12EB7ED,10,ascii,"SO1BA""0oP0",,si,
0x13053D5,0x13053DF,10,ascii,"2?B142C3""/",si,,
0x13057C6,0x13057D0,10,ascii,"33A1E3C2""a",si,,
0x130B8D0,0x130B902,50,ascii,I say we pay a visit to Tokugawa\nPharmaceuticals. ,,si,
0x130B914,0x130B94E,58,ascii,It's where Hojo works.  I'm sure\nwe'll learn something.   ,,si,
0x130B960,0x130B996,54,ascii,"That's fine, but we need to watch\nhow we handle this. ",,si,
0x130B9A8,0x130B9CA,34,ascii,Now I can thank them in person.   ,,si,
0x130B9DC,0x130B9F6,26,ascii,They got rid of my SAS.   ,,si,
0x130BA08,0x130BA1A,18,ascii,Anymore questions?,,,
0x1313F02,0x1313F0C,10,ascii,"D43""""""""""""""",si,,
0x132D2D4,0x132D2E1,13,ascii," D23.!""3E3""1+",si,,
0x133C792,0x133C7A0,14,ascii,"DD433333333""""""",si,,
0x13448C0,0x13448DE,30,ascii,This is the shooting range.   ,,si,
0x13448F0,0x1344926,54,ascii,We're all required to practice at\nleast twice a week. ,,si,
0x1344938,0x134496E,54,ascii,There's a pair of ear protectors on\nthe wall there.   ,,si,
0x1344980,0x13449B6,54,ascii,"We use live rounds, so it gets\npretty loud in here.   ",,si,
0x13449C8,0x13449DA,18,ascii,Can I use it too? ,,si,
0x13449EC,0x1344A02,22,ascii,I don't see why not.  ,,si,
0x1344A14,0x1344A42,46,ascii,I take it you registered your gun\nat customs? ,,si,
0x1344A54,0x1344A6E,26,ascii,"Yeah, even the rifling.   ",,si,
0x1344A80,0x1344AB2,50,ascii,That terminal on the table controls\neverything.   ,,si,
0x1344AC4,0x1344AF6,50,ascii,It'll also display all your session\ndata for you. ,,si,
0x1344B08,0x1344B12,10,ascii,"However,  ",,,
0x1344B24,0x1344B3A,22,ascii,the training programs ,,si,
0x1344B4C,0x1344B7E,50,ascii,are technically designed for use\nwith lift guns.  ,,si,
0x1344B90,0x1344BA2,18,ascii,Those things....  ,,si,
0x1344BB4,0x1344BFA,70,ascii,"Yeah, guns that suppress recoil\nso they can be used in\nweightlessness.",,si,
0x1344C0C,0x1344C3A,46,ascii,Nearly all guns on the colony are\nlift guns.  ,,si,
0x1344C4C,0x1344C8E,66,ascii,There's a second explosion the\nmoment a round exits the muzzle.   ,,si,
0x1344CA0,0x1344CB6,22,ascii,Kinda like a rocket.  ,,,
0x1344CC8,0x1344CF2,42,ascii,That prevents most recoil from\noccurring. ,,si,
0x1344D04,0x1344D4E,74,ascii,Wouldn't another explosion right\noutside the barrel throw off your\naim?   ,,si,
0x1344D60,0x1344D9E,62,ascii,Not when you have a laser\nkeeping you locked onto your\ntarget.,,si,
0x1344DB0,0x1344DC2,18,ascii,"Pretty handy, huh?",,,
0x1344DE8,0x1344E26,62,ascii,They also have a few other\nfeatures to absorb residual recoil.,,si,
0x1347EA2,0x1347EAD,11,ascii,!!DB3U21N'!,si,,
0x1349175,0x1349181,12,ascii,1f6RU5SD&2!3,si,,
0x134AC27,0x134AC31,10,ascii,"!B2!fV""A23",si,,
0x134F9B3,0x134F9BD,10,ascii,"? /O,NM /N",,,
0x1351843,0x135184E,11,ascii, ?!D5fWUEuR,si,,
0x1364CA2,0x1364CB0,14,ascii,CDE44DEEUEC23E,si,,
0x1364CB2,0x1364CC0,14,ascii,U433TVTeU4CDCD,si,,
0x1364CC2,0x1364CD0,14,ascii,4DD3ETUVEDTVeT,si,,
0x1364CE2,0x1364CF0,14,ascii,FU6DdVdUefffUf,si,,
0x1364CF2,0x1364D00,14,ascii,3334C332433D33,si,,
0x1364D02,0x1364D10,14,ascii,"""33C3333C33C3C",si,,
0x1364D22,0x1364D30,14,ascii,3DC333D3333343,si,,
0x1364D32,0x1364D40,14,ascii,VUEUTTTTeUTUUU,si,,
0x1364D42,0x1364D4D,11,ascii,4E5DSCCEDdT,si,,
0x136D002,0x136D00C,10,ascii,43DTEFeSdC,si,,
0x136D3E2,0x136D3EC,10,ascii,2233D444D!,si,,
0x1371F27,0x1371F31,10,ascii,"BB&76dRAc,",si,,
0x1371FA6,0x1371FB1,11,ascii," b3S 3 14n,",,,
0x137E452,0x137E45C,10,ascii,CDdUdDVegU,si,,
0x138B192,0x138B19D,11,ascii,2212CCDUcdE,si,,
0x1391F37,0x1391F41,10,ascii,qN BSdDge%,,,
0x13A9663,0x13A966F,12,ascii,"!"".""VS4eD3U""",si,,
0x13AB457,0x13AB461,10,ascii,"""C21FfUVRG",si,,
0x13AB517,0x13AB521,10,ascii,15%//A&!!(,si,,
0x13BABC5,0x13BABD1,12,ascii,-?1S34ed5Se9,si,,
0x13BAFA2,0x13BAFAD,11,ascii,VvD5dwTU'53,si,,
0x13C96A7,0x13C96B1,10,ascii,12! 4B2C5D,,,
0x13D2C17,0x13D2C21,10,ascii,ddcu7CsfS&,si,,
0x13E1743,0x13E174F,12,ascii,"1"" USS?TR""""P",,,
0x13E2782,0x13E278E,12,ascii,CSdUcbqpq3Us,,si,
0x13F4CA6,0x13F4CB1,11,ascii,TE 1SDN4F3+,,,
0x13FF474,0x13FF480,12,ascii,"!""""1""33C333""",si,,
0x1426AC7,0x1426AD1,10,ascii,0 0N02!R5E,,,
0x1455D22,0x1455D2C,10,ascii,4f!2dvfUW&,si,,
0x1456EC5,0x1456ECF,10,ascii,!C3SECeDcF,si,,
0x145F070,0x145F086,22,ascii,"Pretty good, Jonathan.",,,
0x145F098,0x145F0B6,30,ascii,Mind if I show you something? ,,si,
0x145F0C8,0x145F0E6,30,ascii,Dave? Not often you're here.  ,,si,
0x145F0F8,0x145F116,30,ascii,I thought I'd join the party. ,,si,
0x145F128,0x145F14E,38,ascii,"How about... Training Mode, Level\n1.  ",,si,
0x145F160,0x145F16A,10,ascii,No sweat. ,,si,
0x1477772,0x147777D,11,ascii,PaF0!!2QnBA,si,,
0x1481297,0x14812A1,10,ascii,2B!0C22RB(,si,,
0x148AD13,0x148AD21,14,ascii,4UTUV64TfvVE26,si,,
0x1497070,0x149707E,14,ascii,Impressive!   ,si,,
0x149C090,0x149C0A2,18,ascii,One should always ,,si,
0x149C0B4,0x149C0E6,50,ascii,inflict the least damage needed to\nmake an arrest.,,si,
0x14A3E04,0x14A3E11,13,ascii,",R1LM1N+!cU2%",si,,
0x14AC870,0x14AC88A,26,ascii,"Nice shooting, Jonathan.  ",,,
0x14AC89C,0x14AC8AE,18,ascii,"Nice, but weak.   ",,si,
0x14AC8D8,0x14AC8F2,26,ascii,I'll show you how I roll. ,,si,
0x14AC904,0x14AC926,34,ascii,"Training Mode, Level 2.  Ready?   ",,,
0x14B82D2,0x14B82DC,10,ascii,"0.?c""ERT2S",si,,
0x14BAFA5,0x14BAFB1,12,ascii," TO0 35BO"" &",,si,
0x14CC302,0x14CC310,14,ascii,"""""""233C3CD4333",si,,
0x14CC342,0x14CC350,14,ascii,34D33CETDC3C4S,si,,
0x14CC352,0x14CC360,14,ascii,"DTE4333""3DUUef",si,,
0x14CC362,0x14CC370,14,ascii,fVeeeeVE433DCC,si,,
0x14CC3D2,0x14CC3E0,14,ascii,C3344DDDDTDT4D,si,,
0x14CC3E2,0x14CC3F0,14,ascii,DTD3DTTEDEUDDD,si,,
0x14CC3F2,0x14CC400,14,ascii,TDDE4DED333C43,si,,
0x14DB870,0x14DB89A,42,ascii,That kills any interest I had in\nMeryl.   ,,si,
0x14DB8AC,0x14DB8C2,22,ascii,That's gotta hurt.... ,,,
0x14DFC46,0x14DFC50,10,ascii,R5Cfu6S4CE,si,,
0x14E6EA2,0x14E6EAD,11,ascii,11224DCVA5A,si,,
0x14EC0A0,0x14EC0DA,58,ascii,A guy's most vital of vital spots. \nI'm sure you agree.   ,,si,
0x14EC0EC,0x14EC106,26,ascii,I'll see you back at Vice.,,si,
0x14EC118,0x14EC142,42,ascii,"Not bad, Meryl.  Way too good for\nVice.   ",,si,
0x14EC154,0x14EC17E,42,ascii,Where'd you learn how to shoot\nlike that? ,,si,
0x14F8534,0x14F8541,13,ascii, T!BSA3! CBU%,,,
0x1510C42,0x1510C50,14,ascii,D44DD4DD4443C3,si,,
0x1510C52,0x1510C5F,13,ascii,43D3334334333,si,,
0x1512870,0x1512886,22,ascii,"Pathetic, Policenaut. ",,,
0x1512898,0x15128A2,10,ascii,Redwood?  ,,,
0x15128B4,0x15128DA,38,ascii,This is how we do things on\nBeyond.   ,,si,
0x15128EC,0x151290A,30,ascii,Level 3 Training Mode.  Watch.,,,
0x1516C74,0x1516C81,13,ascii,"""""4313D34B4C(",si,,
0x15273F2,0x1527400,14,ascii,34D4DDDD43DCD2,si,,
0x152D123,0x152D12D,10,ascii,"3""33CSDdT""",si,,
0x1534087,0x1534091,10,ascii,"  /1""!AC""C",,,
0x153E6F2,0x153E700,14,ascii,"4""133TU4TDETUV",si,,
0x153E8B5,0x153E8C0,11,ascii,"""""""""""""33333",si,,
0x153E8C2,0x153E8D1,15,ascii,"CDDDDDTUUUUUUf,",si,,
0x153EA32,0x153EA40,14,ascii,VUdUEUUEDDDDDD,si,,
0x153EA42,0x153EA50,14,ascii,"D3333333""""""""""""",si,,
0x153ECD2,0x153ECE0,14,ascii,"""""""""""""""3333333",si,,
0x153ECE2,0x153ECF0,14,ascii,3333DDDDDCECDD,si,,
0x153ECF2,0x153ED00,14,ascii,TUUUUUUUUUUfff,si,,
0x153ED02,0x153ED11,15,ascii,"3333333CDDDDDD,",si,,
0x153EE52,0x153EE60,14,ascii,DDDD3333333333,si,,
0x153EE62,0x153EE70,14,ascii,UUUUUUUUUDDDDD,si,,
0x153F142,0x153F150,14,ascii,"""""233333333333",si,,
0x153F152,0x153F160,14,ascii,3333CDDDDDDDDD,si,,
0x153F162,0x153F170,14,ascii,DDDDDDDDDDTUUU,si,,
0x153F172,0x153F180,14,ascii,UUUUUUUUUUdUEU,si,,
0x153F182,0x153F190,14,ascii,UUUUUUUfffffff,si,,
0x153F192,0x153F1A0,14,ascii,ffffffffffffff,si,,
0x153F1A2,0x153F1B0,14,ascii,feffffffffffff,si,,
0x153F1B2,0x153F1C0,14,ascii,ffffffffffffff,si,,
0x153F1C2,0x153F1D0,14,ascii,fffffVffffffff,si,,
0x153F1D2,0x153F1E0,14,ascii,ffffffffUUUUUU,si,,
0x153F1E2,0x153F1F0,14,ascii,UUUUUUUUUUEUUU,si,,
0x153F1F2,0x153F200,14,ascii,UUUUUUUUUUUUDD,si,,
0x153F202,0x153F210,14,ascii,DDDDDDDDDDDDDC,si,,
0x153F212,0x153F220,14,ascii,ECDDD433333333,si,,
0x153F222,0x153F230,14,ascii,"3333333333333""",si,,
0x153F232,0x153F240,14,ascii,"""""""""""""""""""""""""""""",si,,
0x153F4D2,0x153F4E0,14,ascii,"""""""""""""""""""""""""""""",si,,
0x153F4E2,0x153F4EC,10,ascii,"""""""""""""""""1""",si,,
0x153F4F2,0x153F500,14,ascii,"""""""""""""""""""""""""""""",si,,
0x153F502,0x153F510,14,ascii,"""""""""""""""""""""""""""!",si,,
0x153F512,0x153F520,14,ascii,"""""""""""""""""""""""""""""",si,,
0x153F522,0x153F530,14,ascii,"""""""""""""""""""""""""""""",si,,
0x1540070,0x154007E,14,ascii,Jesus Christ! ,,,
0x15490C8,0x15490EE,38,ascii,Reflexes don't mean a thing\nanymore.  ,,,
0x1549114,0x154913E,42,ascii,"Once a lift gun has you, it never\nlets go.",,si,
0x154E3A3,0x154E3B1,14,ascii,W3CTSADcRDE'1+,si,,
0x155CBF3,0x155CBFF,12,ascii,"P!dR""CBA3P.C",si,,
0x155DA72,0x155DA7E,12,ascii,AC6eGTv4&4BQ,si,,
0x1565373,0x1565381,14,ascii,"!!.02/A?Nt/,sC",si,,
0x156B870,0x156B896,38,ascii,Be sure to pick up your shell\ncasings.,,si,
0x156B8A8,0x156B8E6,62,ascii,Lift guns don't expel shells.  I'd\nnever hear the end of it.  ,,si,
0x156B8F8,0x156B90A,18,ascii,"Hey, you're right.",,,
0x156F9F2,0x156F9FF,13,ascii, 2 eP3S2m%65R,,,
0x1572CA6,0x1572CB1,11,ascii,PSCTCBDbTU(,si,,
0x15735D2,0x15735DD,11,ascii,"!B31 C332""1",,,
0x1574D83,0x1574D8D,10,ascii,3 0Ad1PD%A,,,
0x1575EF2,0x1575EFD,11,ascii,"!!3""""B!""!""!",si,,
0x1575F57,0x1575F61,10,ascii,"A2AO2B133,",si,,
0x157C782,0x157C790,14,ascii,"VfVDE%4CeU5""C3",si,,
0x157C7B2,0x157C7C0,14,ascii,eFVVUUVfeeTeEE,si,,
0x1581787,0x1581791,10,ascii,"T2""C41C5A,",si,,
0x1581B14,0x1581B1F,11,ascii,2C%21DRnQB2,si,,
0x1582C34,0x1582C40,12,ascii,"2CA""22""4A4O4",si,,
0x1583186,0x1583191,11,ascii,"%B32""34A3C,",si,,
0x158A870,0x158A88A,26,ascii,Don't forget your shells. ,,si,
0x1591856,0x1591861,11,ascii,?RDAad2UbR6,si,,
0x1594870,0x159487A,10,ascii,Jonathan? ,si,,
0x159488C,0x15948AA,30,ascii,"I know, I know, the shells.   ",,si,
0x15A3F45,0x15A3F50,11,ascii, 3TCTeE3AeE,si,,
0x15A6070,0x15A6086,22,ascii,Gonna practice too?   ,,,
0x15A6098,0x15A60A2,10,ascii,Not today.,,si,
0x15A60B4,0x15A60BE,10,ascii,Come on.  ,,si,
0x15A60D0,0x15A60FA,42,ascii,It's been years since I've seen you\nshoot.,,si,
0x15A610C,0x15A612A,30,ascii,I'm... not that good anymore. ,,si,
0x15A613C,0x15A6162,38,ascii,My eyes aren't what they used to\nbe.  ,,si,
0x15A6174,0x15A617E,10,ascii,Oookay....,si,,
0x15AB1C3,0x15AB1CE,11,ascii,"""!!""""""12""AO",si,,
0x15AE713,0x15AE71F,12,ascii,CFBS%T1d5aMr,si,,
0x15B8DC4,0x15B8DD1,13,ascii,"56DRCRo""o40%,",si,,
0x15C1C06,0x15C1C10,10,ascii,"3""""2433""2""",si,,
0x15C2A34,0x15C2A3E,10,ascii,Ef%%DT44nT,si,,
0x15C7476,0x15C7481,11,ascii,"""""""4134542)",si,,
0x15CAEB2,0x15CAEBD,11,ascii,DR3CCCCDTVE,si,,
0x15CFF12,0x15CFF1F,13,ascii,DaS%U2Rue4PBG,si,,
0x15D1C06,0x15D1C10,10,ascii,-NOBCDDC21,si,,
0x15D61A2,0x15D61B0,14,ascii,ffeETUEUeUVffU,si,,
0x15D8070,0x15D8082,18,ascii,This is the lobby.,,si,
0x15D8094,0x15D80DA,70,ascii,"Apart from its size, it ain't that\ndifferent from stations on Home.   ",,si,
0x15D80EC,0x15D810E,34,ascii,A little too shipshape for Home.  ,,si,
0x15DBF37,0x15DBF41,10,ascii,"1""""344DCBD",si,,
0x15DE8F5,0x15DE8FF,10,ascii,"3?3GW2""443",si,,
0x15E1374,0x15E1381,13,ascii,"""2!4""4""R!?  7",,,
0x15E3492,0x15E349D,11,ascii,VFRpRS510RD,si,,
0x15EA3D4,0x15EA3DF,11,ascii,"aDBN,QQUUEB",si,,
0x15F9070,0x15F908A,26,ascii,"Alright, let's get moving.",,,
0x1603088,0x160309A,18,ascii,ready to head out?,,si,
0x16030AC,0x16030BE,18,ascii,Where's our ride? ,,si,
0x16030D0,0x16030FE,46,ascii,We can use one of the squad cars\nover there.  ,,si,
0x161F8C8,0x161F8E2,26,ascii,This is our latest model. ,,si,
0x161F908,0x161F942,58,ascii,All vehicles on Beyond are\nrequired to be non-polluting.  ,,si,
0x161F954,0x161F996,66,ascii,"It's 100% zero emissions,\nsix-parts electric, four-parts\nsolar.   ",,,
0x161F9A8,0x161F9C2,26,ascii,So no gas stations here?  ,,si,
0x161F9D4,0x161F9FA,38,ascii,Not unless you count charge\nstations. ,,si,
0x161FA0C,0x161FA46,58,ascii,They even recover all battery\nheavy metals after use too. ,,si,
0x1622DD2,0x1622DDC,10,ascii,"22224434R""",si,,
0x1631EB3,0x1631EBD,10,ascii,5 1ecAEFQO,,,
0x1640837,0x1640841,10,ascii,4ERaC3E&TG,si,,
0x164E8F2,0x164E8FC,10,ascii,bBS0VnAGBp,si,,
0x164F6F4,0x164F6FF,11,ascii,1D5!2ST2  2,,,
0x1651D26,0x1651D31,11,ascii,%CCc%SB2&3K,si,,
0x166B4F6,0x166B501,11,ascii,TTrFFqtTrQ%,si,,
0x1679880,0x16798AA,42,ascii,No can do.  We don't know where\nhe lives. ,,si,
0x16798BC,0x16798CE,18,ascii,What do you mean? ,,si,
0x16798E0,0x16798FA,26,ascii,Can't you just look it up?,,si,
0x167990C,0x1679926,26,ascii,We can't access any data  ,,si,
0x1679938,0x167994E,22,ascii,on Tokugawa employees.,,si,
0x1679960,0x16799B2,82,ascii,"Absolutely everything related to\nTokugawa is protected by law as\n""trade secrets"". ",,si,
0x16799C4,0x16799EA,38,ascii,None of it's available to the public. ,,si,
0x16799FC,0x1679A16,26,ascii,What fucking year is this?,,si,
0x168FD32,0x168FD3D,11,ascii,3DTE6FUTUfT,si,,
0x1693045,0x1693051,12,ascii,"C3""%FDCuD- D",,,
0x1694AC7,0x1694AD1,10,ascii,"3C""4SQR P+",,,
0x1694BE7,0x1694BF1,10,ascii,"CE&PA1%C1,",si,,
0x1695297,0x16952A1,10,ascii,"1A""DCPBB1+",si,,
0x1695EA2,0x1695EB1,15,ascii,"%cEBO%E""54CTB4,",si,,
0x169C352,0x169C361,15,ascii,UEUGS7VEUC&REB%,si,,
0x16A77A7,0x16A77B1,10,ascii,"""3/02P201,",si,,
0x16C1335,0x16C1341,12,ascii,"""C%""30P%T5B+",si,,
0x16C2347,0x16C2351,10,ascii,4PVO2bb0%+,si,,
0x16CB070,0x16CB07A,10,ascii,Get in.   ,,si,
0x16CB08C,0x16CB0BA,46,ascii,I'm surprised they let you behind\nthe wheel.  ,,si,
0x16CB0CC,0x16CB122,86,ascii,"Relax, these ain't the sports cars\nyou get on Home.  They're more\nthe pussy variety.  ",,si,
0x16CB134,0x16CB146,18,ascii,They're smart cars,,,
0x16CB158,0x16CB17E,38,ascii,loaded with a computer support\nsystem.,,si,
0x16CB190,0x16CB1AA,26,ascii,That's a slight relief.   ,,,
0x16CF363,0x16CF36D,10,ascii,"A""!0""//""A!",si,,
0x16D5092,0x16D50A0,14,ascii,4T344DUUUUUD33,si,,
0x16DACE2,0x16DACEF,13,ascii,"C""3!!10BDDUv5",si,,
0x16E1632,0x16E1640,14,ascii,"nf3""V3U3C6uFBT",si,,
0x16EAB12,0x16EAB1D,11,ascii,"sC1""""TD2BT4",si,,
0x16FF953,0x16FF95D,10,ascii,!4.!!3J20?,si,,
0x170A3F2,0x170A3FC,10,ascii,434C3EVeU5,si,,
0x170A5B2,0x170A5BF,13,ascii,BB3SSDE6FUeT&,si,,
0x170D8C2,0x170D8CC,10,ascii,?Ub1nAabfA,si,,
0x170E774,0x170E780,12,ascii,"%3D2OA23P3""3",si,,
0x171F832,0x171F83E,12,ascii,dR1bD4E4D! B,,,
0x17206D7,0x17206E1,10,ascii,"AD2TC0PB2,",si,,
0x1721FD2,0x1721FDF,13,ascii,"""124B""3""""B24C",si,,
0x1734262,0x1734271,15,ascii,oSSUcO0!VftDSc+,si,,
0x17449B0,0x17449D2,34,ascii,"You can't smoke here, Jonathan.   ",,si,
0x17449E4,0x17449F2,14,ascii,In the car?   ,,si,
0x1744A04,0x1744A32,46,ascii,Smoking's prohibited throughout\nthe colony.   ,,si,
0x1744A44,0x1744A92,78,ascii,You guys a bunch of health nuts?\nThese barely give off any\nsecondary smoke.   ,,si,
0x1744AA4,0x1744AE2,62,ascii,"Look, you're not on Home. \nSmoking's a serious offense here.  ",,si,
0x1744AF4,0x1744B1A,38,ascii,You can't become a lung donor\neither. ,,si,
0x1744B2C,0x1744B4A,30,ascii,It's a disgusting thing to do.,,si,
0x1744B5C,0x1744B7A,30,ascii,Who said I was gonna light it?,,si,
0x1744B8C,0x1744BB2,38,ascii,"Since when did you ever smoke,\nanyway?",,si,
0x1744BC4,0x1744BDE,26,ascii,I'm not bothering anyone. ,,si,
0x1744BF0,0x1744C1E,46,ascii,Pretty soon you won't even need\nto suck on it.,,si,
0x1744C48,0x1744C5E,22,ascii,Yeah.  Just you watch.,,si,
0x1780362,0x178036C,10,ascii,13DBCE34ED,si,,
0x1781D37,0x1781D41,10,ascii,?BDCS/D57(,si,,
0x179D834,0x179D83E,10,ascii,"""""22""3BBCD",si,,
0x17A79B2,0x17A79BC,10,ascii,"!""0f61c3!""",si,,
0x17B6847,0x17B6851,10,ascii,D&DDRe5R!(,si,,
0x17BB452,0x17BB45D,11,ascii,"/- 1TV 1!,!",,,
0x17CB9B2,0x17CB9BD,11,ascii,SwTV4C3C3DT,si,,
0x17DC070,0x17DC0AA,58,ascii,This is Tokugawa Pharmaceuticals'\nR&D outfit on Beyond.   ,,si,
0x17DC0BC,0x17DC0D6,26,ascii,No better place to start. ,,si,
0x17E60D5,0x17E60E0,11,ascii,"""2""""3C3""333",si,,
0x17E6292,0x17E62A0,14,ascii,C443DCD4D44BCC,si,,
0x17E62A2,0x17E62B0,14,ascii,TDC34332C34SCD,si,,
0x17E62B2,0x17E62C0,14,ascii,C4UDTDTUUTC4TU,si,,
0x17E62D2,0x17E62E0,14,ascii,3333B333D33333,si,,
0x17E62E2,0x17E62F0,14,ascii,33333333433333,si,,
0x17E6302,0x17E6310,14,ascii,DUTTE4DDUDDB33,si,,
0x17E8852,0x17E885D,11,ascii,B42SEbb%UT3,si,,
0x17EE8B2,0x17EE8C0,14,ascii,4CC3C43C333433,si,,
0x17EE8C2,0x17EE8D0,14,ascii,3C333C33333333,si,,
0x17EE8D2,0x17EE8E0,14,ascii,eUffffffffffef,si,,
0x17EE8E2,0x17EE8F0,14,ascii,eeVVUUUUeUUUUU,si,,
0x17EE8F2,0x17EE900,14,ascii,UUUUEUUTTUUDTE,si,,
0x17EE902,0x17EE910,14,ascii,DUEDUDSE4UDT4E,si,,
0x17EE912,0x17EE920,14,ascii,DS4T4DTDC4D44D,si,,
0x17EE922,0x17EE930,14,ascii,C4D44D444C344C,si,,
0x17F0870,0x17F0882,18,ascii,Let's head inside.,si,,
0x17F57C3,0x17F57CF,12,ascii,"gA%""53%""BdDC",si,,
0x17F5BD2,0x17F5BE1,15,ascii,oeGUSUEB4QTV5f+,si,,
0x17FA022,0x17FA030,14,ascii,"333""23""343""""3C",si,,
0x17FC0B0,0x17FC0F6,70,ascii,This is a Tokugawa\nPharmaceuticals research and\ndevelopment facility. ,,si,
0x17FC108,0x17FC13E,54,ascii,Entry of unauthorized personnel is\nstrictly forbidden.,,si,
0x17FC150,0x17FC176,38,ascii,"What's your business here,\ngentlemen? ",,si,
0x1807DC2,0x1807DCC,10,ascii,"DECP%.DP""D",si,,
0x1807EE7,0x1807EF1,10,ascii,"C""1P""4BQ +",,,
0x1810472,0x1810481,15,ascii,"Vb!cu%""aE2""EuF+",si,,
0x181A070,0x181A082,18,ascii,We're with BCP.   ,,si,
0x181A094,0x181A0DA,70,ascii,We'd like to talk to you about an\nemployee of yours called Kenzo\nHojo.,,si,
0x1830140,0x183014E,14,ascii,The police?   ,si,si,
0x1830160,0x1830172,18,ascii,"Oh, so that's it. ",,si,
0x1830184,0x1830196,18,ascii,Sorry about that. ,,si,
0x18301A8,0x18301DE,54,ascii,I thought maybe you were spies\nfrom another company.  ,,si,
0x18301F0,0x18301FE,14,ascii,Makes sense.  ,,,
0x1830210,0x1830242,50,ascii,You guys seem to be the gold\nstandard everywhere. ,,si,
0x1830254,0x1830282,46,ascii,"I'm Michael Saito, one of the\nsecurity guards.",,si,
0x1830294,0x18302AA,22,ascii,How can I help you?   ,si,si,
0x1835575,0x1835581,12,ascii,"A!""a?2%A A3,",,,
0x18394D2,0x18394DE,12,ascii,34Ec D7VBS7C,,,
0x1840145,0x184014F,10,ascii,&.1zL!PLOM,si,,
0x18406D2,0x18406E1,15,ascii,"""""2C2""B!2Q1""PB+",si,,
0x1840FC2,0x1840FCE,12,ascii,"RR3cc56BO2""A",si,,
0x1841036,0x1841040,10,ascii,"F!!T F""'5Q",,,
0x184CC57,0x184CC61,10,ascii,/CBb?!346+,si,,
0x184EBA2,0x184EBAC,10,ascii,3BC3DDDTTC,si,,
0x1851167,0x1851171,10,ascii,3BDfUBUcB6,si,,
0x185B047,0x185B051,10,ascii,"5EC4%C""dv2",si,,
0x185C206,0x185C211,11,ascii,?!DetU&W422,si,,
0x185D4F2,0x185D501,15,ascii,"GUUUFweWveeTR""&",si,,
0x186C990,0x186C9CA,58,ascii,"A man by the name of Kenzo Hojo\ndoes work here, correct?  ",,si,
0x186C9DC,0x186CA02,38,ascii,"Yes, Mr. Hojo is one of our\nemployees.",,si,
0x186CA14,0x186CA36,34,ascii,He's been here a number of\nyears. ,,si,
0x186CA48,0x186CA66,30,ascii,"A lot longer than me, anyway. ",,si,
0x186CA78,0x186CAAA,50,ascii,"As it happens, we've been asked\nto look for him.  ",,si,
0x186CABC,0x186CACA,14,ascii,Is that so.   ,,si,
0x186CADC,0x186CB02,38,ascii,"Well, I'll try and help however I\ncan.",,si,
0x186CB14,0x186CB2A,22,ascii,We'd appreciate it.   ,,si,
0x186CB3C,0x186CB76,58,ascii,The company had told us to keep\nquiet for the time being. ,,si,
0x186CB88,0x186CB9E,22,ascii,You know.  PR reasons.,,si,
0x186CBB0,0x186CBEA,58,ascii,"If the media got wind of it they'd\nhave a field day, huh? ",,si,
0x186CBFC,0x186CC0E,18,ascii,To put it lightly.,,si,
0x186CC20,0x186CC56,54,ascii,There's always someone waiting to\ntake a shot at us.  ,,si,
0x186CC68,0x186CC86,30,ascii,So when did you last see him? ,,si,
0x186CC98,0x186CCBA,34,ascii,I guess it's been... 3 weeks now? ,,si,
0x186CCCC,0x186CD0E,66,ascii,He just stopped coming in one\nday.  No one's heard from him\nsince.,,si,
0x186CD20,0x186CD4E,46,ascii,"It's been driving me crazy, believe\nit or not.",,si,
0x186CD60,0x186CDBE,94,ascii,"You've got his family asking about\nhim, meanwhile the company tells\nyou not to say anything.  ",,si,
0x18700C3,0x18700CF,12,ascii,2 !1123B46SB,,,
0x1874B32,0x1874B3C,10,ascii,DSC55DUTU5,si,,
0x1875E62,0x1875E6D,11,ascii,%TcSS5DcpRE,si,,
0x1881852,0x188185C,10,ascii,Q3R3E2A5DR,si,,
0x1881E65,0x1881E71,12,ascii,"FSRB45""5CCD+",si,,
0x1884F45,0x1884F50,11,ascii," ""0Ma""tCAV%",si,,
0x1893E26,0x1893E31,11,ascii,"DCRo""5TvR2+",si,,
0x1899AE2,0x1899AF1,15,ascii,C5B65D3EcBqRCB+,si,,
0x1899C82,0x1899C8C,10,ascii," &C""B234P2",,,
0x189ACA6,0x189ACB0,10,ascii,CA4QBo!%Sp,si,,
0x189B396,0x189B3A1,11,ascii,"TBE""5c245E,",si,,
0x18A1237,0x18A1241,10,ascii,.?L!ON. !%,,si,
0x18A15C2,0x18A15CC,10,ascii,3445TBD442,si,,
0x18B4142,0x18B414D,11,ascii,EUguUUVD4U3,si,,
0x18B8432,0x18B843D,11,ascii,"UBBD2444""E2",si,,
0x18BA492,0x18BA49D,11,ascii,"3!A14""!N34S",si,,
0x18BD1F2,0x18BD1FD,11,ascii,3BB3334CCT2,si,,
0x18BEC55,0x18BEC5F,10,ascii,oR SA?BE?R,,si,
0x18BFF72,0x18BFF7D,11,ascii,CT443RCBA3C,si,,
0x18C3967,0x18C3971,10,ascii,"FS2DEUE&%,",si,,
0x18C87E2,0x18C87EC,10,ascii,21B232C333,si,,
0x18C9332,0x18C933C,10,ascii,"""4DdS1.?4%",si,,
0x18D2697,0x18D26A1,10,ascii,532TaCD41+,si,,
0x18DEAC7,0x18DEAD1,10,ascii,"534!""22RB+",si,,
0x18E2F52,0x18E2F5C,10,ascii,TScfDcdRB5,si,,
0x18EA4D4,0x18EA4DF,11,ascii,"!""2134EcSE4",si,,
0x18EE142,0x18EE14D,11,ascii,"MNP""BPPAPAA",si,,
0x18EF732,0x18EF73D,11,ascii,TST5UETdC6E,si,,
0x18EF7A2,0x18EF7AD,11,ascii,"Sc4TEdUTEE""",si,,
0x1909E62,0x1909E6C,10,ascii,333D45TSCB,si,,
0x190AA52,0x190AA5C,10,ascii,"C3DSSDDCD""",si,,
0x190AFF2,0x190AFFD,11,ascii,"334C3DDDCC""",si,,
0x190DDC2,0x190DDCC,10,ascii,UDUFSE4tCE,si,,
0x1913F22,0x1913F2C,10,ascii,"""""""2""""""""""""",si,,
0x1915A86,0x1915A90,10,ascii,cSBe? ANAf,,,
0x1917FF2,0x1917FFC,10,ascii,3C0fC!pSF ,,,
0x1918D42,0x1918D4C,10,ascii,TRE33!cB23,si,,
0x191F384,0x191F390,12,ascii,"T43DBACBPRD""",si,,
0x1924D02,0x1924D0C,10,ascii,CTDUdTVEVV,si,,
0x192D1E7,0x192D1F1,10,ascii,COB!V3eDD',si,,
0x1931160,0x1931176,22,ascii,"If it's okay with you,",,si,
0x1931188,0x19311B6,46,ascii,we'd like to take a look inside\nHojo's lab.   ,,si,
0x19311C8,0x19311DE,22,ascii,For our investigation.,,si,
0x19311F0,0x19311FA,10,ascii,Please.   ,si,,
0x193120C,0x1931226,26,ascii,There might be some clues.,,si,
0x1931238,0x193124E,22,ascii,You guys are crazy!   ,,si,
0x1931260,0x1931282,34,ascii,Tell us something we don't know.  ,,si,
0x1931294,0x19312AA,22,ascii,Better listen to him. ,,si,
0x19312BC,0x19312DE,34,ascii,He can be a real pain in the ass. ,,si,
0x19312F0,0x1931316,38,ascii,"Look, we don't want any trouble\nhere. ",,si,
0x1931328,0x193133A,18,ascii,We won't be long. ,,si,
0x193134C,0x193135A,14,ascii,God dammit....,,,
0x193136C,0x1931382,22,ascii,"C'mon, shake a leg.   ",,,
0x1931394,0x19313D2,62,ascii,Fine.  But only the DDS Room. \nAnd don't tell anyone about it.,,si,
0x19313E4,0x19313F2,14,ascii,I'm a Beyond. ,,,
0x1931404,0x1931446,66,ascii,If the company found out I'd get\nfired and blacklisted everywhere.,,si,
0x1931458,0x1931472,26,ascii,No one's gonna find out.  ,,si,
0x1931484,0x193149E,26,ascii,It's the room over there. ,,si,
0x19314B0,0x19314C6,22,ascii,I'll unlock the door. ,,si,
0x1937406,0x1937411,11,ascii,"B3/ S01R""46",,,
0x193B262,0x193B26E,12,ascii,3E4E3DC4C4SD,si,,
0x193E386,0x193E391,11,ascii,"!Q4!3""Q4 CF",,,
0x193E436,0x193E441,11,ascii,V6UEEuBB4B',si,,
0x1942E52,0x1942E61,15,ascii,aR5&ET45DdP%ST+,si,,
0x1948772,0x194877C,10,ascii,SEw!%4 neS,,,
0x194A077,0x194A081,10,ascii,S?1dF?L?S+,si,,
0x194CA12,0x194CA1D,11,ascii,444333BDBTf,si,,
0x1960604,0x1960611,13,ascii,F3B3&QQ36C2%+,si,,
0x1964142,0x196414D,11,ascii,5VSTUUDed%R,si,,
0x1978795,0x197879F,10,ascii,556c44RDBD,si,,
0x1982B82,0x1982B8C,10,ascii,"f5Bw""!%D3 ",,,
0x1990D52,0x1990D5C,10,ascii,U&BSsRS61d,si,,
0x19914B5,0x19914BF,10,ascii,U6ATT4%EBQ,si,,
0x19995A2,0x19995B1,15,ascii,"WEU425""CC3Q3DE+",si,,
0x19A6DC2,0x19A6DCC,10,ascii,DTdeutWWVF,si,,
0x19AE0B2,0x19AE0BC,10,ascii,3CDTeuE62-,si,,
0x19AF093,0x19AF09D,10,ascii,0aQfC!/b43,si,,
0x19BCB52,0x19BCB5C,10,ascii,4DTTUEVWe4,si,,
0x19BCBC2,0x19BCBCC,10,ascii,CTTSUVUVf6,si,,
0x19BF6B2,0x19BF6C0,14,ascii,fVVUeVVfUVUUUV,si,,
0x19BF6C2,0x19BF6D0,14,ascii,UUUUUeEDDDEDEE,si,,
0x19BF6D2,0x19BF6E0,14,ascii,D44DDD43DDD433,si,,
0x19BF6F2,0x19BF700,14,ascii,33323223333333,si,,
0x19C6FD2,0x19C6FDC,10,ascii,"2BA,.?0 BB",,,
0x19C98A0,0x19C98AE,14,ascii,Here it is.   ,,si,
0x19C98C0,0x19C98F6,54,ascii,No one's touched anything since\nMr. Hojo disappeared. ,,si,
0x19C9908,0x19C9926,30,ascii,You be sure and do the same.  ,,si,
0x19CEB74,0x19CEB7E,10,ascii," u!""""C431""",,,
0x19D4747,0x19D4751,10,ascii,"""C?L""!/qj+",si,,
0x19D4DD5,0x19D4DDF,10,ascii,?.0 .OL?!.,,,
0x19D6823,0x19D682E,11,ascii,"""""""2BCDUTF6",si,,
0x19D7EC4,0x19D7ECE,10,ascii,"&SnSdABTD""",si,,
0x19D8096,0x19D80A0,10,ascii,BU1b/3T !o,,,
0x19D8D82,0x19D8D8D,11,ascii,"""""""222324B0",si,,
0x19DE5A2,0x19DE5AC,10,ascii,"A""1!""3 !0!",,,
0x19DF132,0x19DF13D,11,ascii,EEET55&URaM,si,,
0x19E4880,0x19E489E,30,ascii,That's Mr. Hojo's whiteboard. ,,,
0x19EC762,0x19EC770,14,ascii,'4UC5%5CCRC4ED,si,,
0x19F1940,0x19F195E,30,ascii,He was a real methodical guy. ,,si,
0x19F1970,0x19F1996,38,ascii,Always wrote down his schedule\nthere. ,,si,
0x19F19A8,0x19F19BA,18,ascii,This his writing? ,,si,
0x19F19CC,0x19F19EE,34,ascii,"Yes, that's definitely Mr. Hojo's.",,si,
0x19F1A00,0x19F1A26,38,ascii,Hojo would've disappeared on the\n15th.,,si,
0x19F1A38,0x19F1A6E,54,ascii,The 15th....  Something's written\ndown for that day.  ,,si,
0x19F1A80,0x19F1AA2,34,ascii,"Is this Japanese under the\n""100""? ",,si,
0x19F1AB4,0x19F1ACA,22,ascii,"Yes, that says ""sets"".",,si,
0x19F1ADC,0x19F1AEE,18,ascii,"Okay, we got...   ",,si,
0x19F1B00,0x19F1B26,38,ascii,"""The 15th... K-9... 100 sets...\nBCCH"".",,si,
0x19F1B38,0x19F1B46,14,ascii,"What's ""BCCH""?",,,
0x19F1B58,0x19F1B7A,34,ascii,A hospital we do business with.   ,,si,
0x19F1B8C,0x19F1BC2,54,ascii,What do you suppose this scribble\nat the bottom is?   ,,si,
0x19F1BD4,0x19F1BF2,30,ascii,Looks a bit like a pawprint.  ,,,
0x19F38B2,0x19F38BC,10,ascii,"34CSCDD3T""",si,,
0x19F59A7,0x19F59B1,10,ascii,"""BG4dDSST3",si,,
0x19F8E82,0x19F8E8C,10,ascii,"""2""""33BBC3",si,,
0x19FA252,0x19FA25C,10,ascii,DCTEETUED3,si,,
0x19FA3A2,0x19FA3AD,11,ascii,3CC4EEDEUTC,si,,
0x19FBA42,0x19FBA4C,10,ascii,CB5FTTd35S,si,,
0x19FFAC3,0x19FFACE,11,ascii,  oDDC2bE4&,,si,
0x1A00DE3,0x1A00DEF,12,ascii,"212""333""BPA""",si,,
0x1A01172,0x1A0117C,10,ascii,D4BD%ERB3e,si,,
0x1A01B56,0x1A01B61,11,ascii,dC2c3?13A4+,si,,
0x1A026E2,0x1A026EC,10,ascii,dUetTec%6c,si,,
0x1A04232,0x1A0423D,11,ascii,C34D54D44TC,si,,
0x1A0BC96,0x1A0BCA1,11,ascii,46QpbcBCb%+,si,,
0x1A13E42,0x1A13E4C,10,ascii,FC%Dg%2W3U,si,,
0x1A14912,0x1A1491F,13,ascii,3vSVR45f4UCEa,si,,
0x1A18135,0x1A18140,11,ascii,"54%2r/Dc%1""",si,,
0x1A23434,0x1A2343E,10,ascii,P6N1Ec+UD7,si,,
0x1A28652,0x1A28660,14,ascii,"""""3223333C2""""3",si,,
0x1A28672,0x1A28680,14,ascii,3233DD4DEDD433,si,,
0x1A28682,0x1A28690,14,ascii,3DCDDDDDDEDTDE,si,,
0x1A34FE3,0x1A34FED,10,ascii,3133CR3AT!,,si,
0x1A36B94,0x1A36BA0,12,ascii,os%5UADR3SQF,si,,
0x1A373C2,0x1A373CE,12,ascii,"121!2C 1A""11",,,
0x1A3AD66,0x1A3AD71,11,ascii,p1tA q23c2+,,,
0x1A3B372,0x1A3B381,15,ascii,Cves&F6q C4VDA+,,,
0x1A3D905,0x1A3D911,12,ascii,"TF5BeU52BD""6",si,,
0x1A40C72,0x1A40C7C,10,ascii,G1EER5TECO,si,,
0x1A464B2,0x1A464BC,10,ascii,4PaE1462a3,si,,
0x1A46584,0x1A4658E,10,ascii,05RoA?DC32,si,,
0x1A46A02,0x1A46A0C,10,ascii,"3C!2RC4""TO",,si,
0x1A46B14,0x1A46B20,12,ascii,"%?O""!%33bM%3",si,,
0x1A55757,0x1A55761,10,ascii,E325E&5rb+,si,,
0x1A585F7,0x1A58601,10,ascii,.4/%2!D.Q+,si,,
0x1A58835,0x1A58840,11,ascii,"%""2R""2S3""""!",si,,
0x1A588F5,0x1A58900,11,ascii,VQrF&%%6F5e,si,,
0x1A59452,0x1A59460,14,ascii,G?T43 3BB1p%V/,,,
0x1A59662,0x1A59670,14,ascii,3c3V%rrdn4G5E6,si,,
0x1A5C742,0x1A5C74C,10,ascii,ucCG7C6VR4,si,,
0x1A6B002,0x1A6B00C,10,ascii,"'%T""TA1DB""",si,,
0x1A6B3D7,0x1A6B3E1,10,ascii,"dOC231DC""K",si,,
0x1A6B8C6,0x1A6B8D0,10,ascii,"""B!""34D!P""",si,,
0x1A70942,0x1A70950,14,ascii,eUUUeUVUDeffff,si,,
0x1A70952,0x1A70961,15,ascii,"ED3UUeVE2!CdfU,",si,,
0x1A72C67,0x1A72C71,10,ascii,%E4SSC%54B,si,,
0x1A74A92,0x1A74A9E,12,ascii,"BA""34CR4345C",si,,
0x1A78772,0x1A78780,14,ascii,433C3333233333,si,,
0x1A78782,0x1A78790,14,ascii,fUUE42TTD43TE2,si,,
0x1A79930,0x1A7993A,10,ascii,Back up.  ,,si,
0x1A7994C,0x1A79962,22,ascii,A hundred sets of K-9?,,si,
0x1A79974,0x1A7999E,42,ascii,I thought K-9 wasn't on the\nmarket yet?   ,,si,
0x1A799B0,0x1A799E2,50,ascii,Why would this hospital be getting\n100 sets of it?,,si,
0x1A799F4,0x1A79A1A,38,ascii,"Once a new product's been\napproved,   ",,si,
0x1A79A2C,0x1A79A52,38,ascii,we conduct studies until its\nrelease. ,,si,
0x1A79A64,0x1A79A82,30,ascii,"Not to look for side effects, ",,si,
0x1A79A94,0x1A79AD2,62,ascii,but to gather data for\nmanufacturing and marketing\npurposes.  ,,si,
0x1A79AE4,0x1A79B06,34,ascii,"Still, 100 sets? Seems a bit much.",,,
0x1A79B18,0x1A79B4A,50,ascii,I think we're better off asking at\nthe hospital.  ,,si,
0x1A79B5C,0x1A79B7E,34,ascii,Where do you make your\nsamples?   ,,si,
0x1A79B90,0x1A79BA2,18,ascii,At a factory here.,,si,
0x1A79BB4,0x1A79BCE,26,ascii,Can we take a look inside?,,si,
0x1A79BE0,0x1A79BF2,18,ascii,Absolutely not.   ,,si,
0x1A80454,0x1A8045E,10,ascii,"!22""4%4TE2",si,,
0x1A85C76,0x1A85C81,11,ascii,"B!C3""B15R%+",si,,
0x1A85FB6,0x1A85FC0,10,ascii,"WTBBC3b""QB",si,,
0x1A86627,0x1A86631,10,ascii,"a/31""24TP+",si,,
0x1A87B72,0x1A87B7C,10,ascii,"OD2%54E""23",si,,
0x1A883D7,0x1A883E1,10,ascii,'T3SRAD5B+,si,,
0x1A89642,0x1A8964F,13,ascii,"""23C3DB22CRB3",si,,
0x1A8CF73,0x1A8CF7D,10,ascii,"""2""3334344",si,,
0x1A90C52,0x1A90C61,15,ascii, RC4ATR2B3S!TP+,si,,
0x1A91A72,0x1A91A7E,12,ascii,"""BPBR2BAB1RC",si,,
0x1A921E2,0x1A921EC,10,ascii,"R0""qP0O15p",si,,
0x1A9AAE5,0x1A9AAF1,12,ascii,5DC4Q42B1CD+,si,,
0x1A9B2B2,0x1A9B2BC,10,ascii,"UPQC334T1""",si,,
0x1AA68C2,0x1AA68CC,10,ascii,"""33C3DC4D3",si,,
0x1AAA9C2,0x1AAA9CE,12,ascii,"%tO""R424ujf3",,si,
0x1AAC2F5,0x1AAC301,12,ascii,"O3""/ 31""2""A+",,,
0x1AB1282,0x1AB128E,12,ascii,"""!""2""1B2""""Q/",si,,
0x1AB28D5,0x1AB28E1,12,ascii,DVTTDE423CD',si,,
0x1AB8642,0x1AB864C,10,ascii,E5UUUeSUC/,si,,
0x1ABA914,0x1ABA91E,10,ascii,/6dcCFVTT4,si,,
0x1ABA983,0x1ABA98D,10,ascii,0dVVDvvVFD,si,,
0x1ABDAF4,0x1ABDAFE,10,ascii,?1/23S3/? ,,,
0x1ABF0F2,0x1ABF0FC,10,ascii,45EDT4E&D%,si,,
0x1AC2942,0x1AC294D,11,ascii,%SSEA&EUEBs,si,,
0x1AC2F42,0x1AC2F51,15,ascii,EEDE2EFRbe2DoS+,si,,
0x1AC30D2,0x1AC30DD,11,ascii,454QCS3%bAT,si,,
0x1AC30E7,0x1AC30F1,10,ascii,"SUocQQbaA,",si,,
0x1AC4D52,0x1AC4D60,14,ascii,"!4D""pC4!3D3BQ%",si,,
0x1ACE605,0x1ACE60F,10,ascii,"""30N""2!10!",si,,
0x1ACEAD5,0x1ACEAE1,12,ascii,F2&C5B26A5C+,si,,
0x1AD0E76,0x1AD0E80,10,ascii,B %4BEE6T4,,,
0x1ADD892,0x1ADD89E,12,ascii,4ECDEdS&G4Wr,si,,
0x1AE8652,0x1AE865E,12,ascii,3B2C4D5UUTUd,si,,
0x1AEB792,0x1AEB7A0,14,ascii,fUVVUUVESDDCCC,si,,
0x1AF28B4,0x1AF28EA,54,ascii,I'd say we got what we came for. \nShall we get going? ,,si,
0x1AF28FC,0x1AF2922,38,ascii,"Remember, I never showed you\naround.  ",,si,
0x1AF2934,0x1AF2946,18,ascii,I'm not kidding.  ,,si,
0x1AF2958,0x1AF2982,42,ascii,You can trust us.  Thanks for\nyour help.  ,,si,
0x1B05364,0x1B0536F,11,ascii,"AB31""3EC2""""",si,,
0x1B1FD22,0x1B1FD2C,10,ascii,"U bD4""!ogT",,,
0x1B25880,0x1B25892,18,ascii,Let's go find out ,,si,
0x1B258A4,0x1B258C6,34,ascii,what Hojo's people have to say.   ,,si,
0x1B258D8,0x1B258F6,30,ascii,I'm not crazy about hospitals ,,si,
0x1B25914,0x1B2591E,10,ascii,Who is?   ,,si,
0x1B25930,0x1B2595A,42,ascii,At least we're not going in an\nambulance. ,,si,
0x1B2596C,0x1B2599A,46,ascii,But if what he said about DDSes\nis true....   ,,si,
0x1B259AC,0x1B259DA,46,ascii,Might not have to worry about\nshots someday.  ,,si,
0x1B259EC,0x1B25A0A,30,ascii,I wouldn't like that either.  ,,si,
0x1B25A1C,0x1B25A26,10,ascii,Why not?  ,,si,
0x1B25A38,0x1B25A6A,50,ascii,Why else? Less time with all the\nlovely nurses.   ,,si,
0x1B25A7C,0x1B25A92,22,ascii,That's our Jonathan.  ,,si,
0x1B31B76,0x1B31B80,10,ascii,S?.B2/ 2 0,,,
0x1B39F82,0x1B39F8D,11,ascii,"dG 64""2d""!a",,,
0x1B3B426,0x1B3B430,10,ascii,"3C%3DDS!5""",si,,
0x1B3F422,0x1B3F42C,10,ascii,CC34CEC%EE,si,,
0x1B4D537,0x1B4D541,10,ascii,WCd!TUC35+,si,,
0x1B4D6E5,0x1B4D6F1,12,ascii,%3UV0?nC&2U+,si,,
0x1B4DC37,0x1B4DC41,10,ascii,"5fB"" ""5P2+",,,
0x1B54977,0x1B54981,10,ascii,3T52AQR43+,si,,
0x1B549E5,0x1B549F1,12,ascii,FSE!CEFC4RD+,si,,
0x1B59947,0x1B59951,10,ascii,"%421En""E3+",si,,
0x1B5E236,0x1B5E241,11,ascii,A.o%UVDeQt&,si,,
0x1B63707,0x1B63711,10,ascii,7422TBT05+,si,,
0x1B6EC92,0x1B6EC9C,10,ascii,4EDVVfuvfg,si,,
0x1B712F6,0x1B71301,11,ascii,6P%T3bART%+,si,,
0x1B762D2,0x1B762DF,13,ascii,"5""PN3!""B02 33",,,
0x1B76637,0x1B76641,10,ascii,TD1&Tc7Q0+,si,,
0x1B76842,0x1B7684D,11,ascii,e4'tDDCbScT,si,,
0x1B76D05,0x1B76D11,12,ascii,"11B1""B!Ro1""+",si,,
0x1B79832,0x1B7983D,11,ascii,"QdNU1Q'dB""q",si,,
0x1B79FC7,0x1B79FD1,10,ascii,FE0GDCBDD+,si,,
0x1B7D182,0x1B7D18C,10,ascii,"2""3BA4R""PA",si,,
0x1B823B2,0x1B823BD,11,ascii,"g5UES5e""2S+",si,,
0x1B856E2,0x1B856EE,12,ascii,4%DBCCTFTUGE,si,,
0x1B8AE32,0x1B8AE3D,11,ascii,T1BSDFBO3R4,si,,
0x1B8B5D5,0x1B8B5E1,12,ascii,"14""3BA210B!+",si,,
0x1B8BC34,0x1B8BC41,13,ascii,6SfP5u3SCBDb+,si,,
0x1B948B4,0x1B948FE,74,ascii,"This is Beyond Coast Central\nHospital, the biggest hospital on\nthe colony.",,si,
0x1B94910,0x1B9491E,14,ascii,No kidding.   ,,si,
0x1B94930,0x1B94956,38,ascii,Let's see what we dig up on Mr.\nKenzo.,,si,
0x1BA0826,0x1BA0831,11,ascii,"!?!""!1!B1B)",si,,
0x1BA38C2,0x1BA38CC,10,ascii,"CC33CB""""O/",si,,
0x1BA5092,0x1BA50A0,14,ascii,SUF6463CSB3a?B,si,,
0x1BA67A7,0x1BA67B1,10,ascii,"T""B53a3%?3",si,,
0x1BA7BA6,0x1BA7BB1,11,ascii,"C6A3c6D""u24",si,,
0x1BA7FF7,0x1BA8001,10,ascii,!S4Sf%5D.3,si,,
0x1BA8087,0x1BA8091,10,ascii,!UETVcDC!3,si,,
0x1BB98F2,0x1BB9900,14,ascii,43333333333333,si,,
0x1BB9902,0x1BB9910,14,ascii,eTUTTDSDEDDCD3,si,,
0x1BBB0C0,0x1BBB0E6,38,ascii,Don't you wanna talk to the\ndirector? ,,si,
0x1BBB0F8,0x1BBB10E,22,ascii,I'm not in any rush.  ,,si,
0x1BBB120,0x1BBB13E,30,ascii,"Well, she is waiting for us.  ",,si,
0x1BBB150,0x1BBB176,38,ascii,You should always make a woman\nwait.  ,,si,
0x1BBB188,0x1BBB1B2,42,ascii,"See, now that's why you're still\nsingle.  ",,si,
0x1BBB1C4,0x1BBB1EE,42,ascii,It's nice making a doctor wait for\nyou.   ,,si,
0x1BC0284,0x1BC028E,10,ascii,"NBT""0%4!QB",si,,
0x1BC5637,0x1BC5641,10,ascii,"fm!B""B,EN'",si,,
0x1BC71F2,0x1BC7201,15,ascii,RpOTQQnS2CcAEd+,si,,
0x1BC7366,0x1BC7371,11,ascii,VCS0B55CnQ+,si,,
0x1BDA9B4,0x1BDA9C1,13,ascii,TVVBTE42DvGD',si,,
0x1BDC0A5,0x1BDC0B0,11,ascii,ca0313oBA2%,si,,
0x1BDC0B2,0x1BDC0BD,11,ascii,33333333333,si,,
0x1BE1997,0x1BE19A1,10,ascii,"/! D B""ND!",,,
0x1BEE882,0x1BEE891,15,ascii,"TB'E3fDRV6Ef6|""",si,,
0x1BF18D4,0x1BF1906,50,ascii,You think the director will still\nmeet with us?   ,,si,
0x1BF1918,0x1BF192A,18,ascii,Why wouldn't she? ,,si,
0x1BF193C,0x1BF1962,38,ascii,After how long we've kept her\nwaiting?,,si,
0x1BF1974,0x1BF19A6,50,ascii,Making a woman wait only\nincreases her excitement.,,si,
0x1BF19B8,0x1BF19C2,10,ascii,My god....,,si,
0x1BF19D4,0x1BF19FA,38,ascii,Waiting's part of a desk jockey's\njob.,,si,
0x1BF53A6,0x1BF53B1,11,ascii,.VSb0Bo4Gc+,si,,
0x1BF69A2,0x1BF69AE,12,ascii,334Dc/DCDSCC,si,,
0x1BF9BC5,0x1BF9BD1,12,ascii,"70Q%3SADa""S+",si,,
0x1BFE616,0x1BFE620,10,ascii,"UCBqS""D3So",,si,
0x1BFF1B3,0x1BFF1C1,14,ascii,6DB&%ERdERRbC+,si,,
0x1C01224,0x1C0122F,11,ascii,/NOoBC0R!:C,si,,
0x1C022D5,0x1C022E1,12,ascii,"R1""TC""23403+",si,,
0x1C02576,0x1C02581,11,ascii,"213!""SO0""!+",,si,
0x1C0AE62,0x1C0AE6F,13,ascii,34UUUeeTU6VUG,si,,
0x1C0E862,0x1C0E86E,12,ascii,QDTS5fSTf4C-,si,,
0x1C21870,0x1C21882,18,ascii,Let's head inside.,si,,
0x1C28986,0x1C28991,11,ascii,?uF632fVB35,si,,
0x1C2B070,0x1C2B086,22,ascii,We're in the lobby.   ,,si,
0x1C2B098,0x1C2B0AE,22,ascii,Look at this place.   ,,si,
0x1C2B0C0,0x1C2B0F2,50,ascii,How are we ever gonna find\nsomeone who knows Hojo?,,si,
0x1C2B104,0x1C2B126,34,ascii,But this is all we have right now.,,si,
0x1C2B138,0x1C2B166,46,ascii,Let's just ask around and see\nwhat happens.   ,,si,
0x1C2DB57,0x1C2DB61,10,ascii," 2""!!3D2C%",,,
0x1C32D53,0x1C32D5F,12,ascii,"mFhMR ""/5'nC",,,
0x1C33E82,0x1C33E8C,10,ascii,"""14'""/A""V'",si,,
0x1C3CE92,0x1C3CE9C,10,ascii,C2cBD5UC5t,si,,
0x1C3E812,0x1C3E81C,10,ascii,CRCDS4ES6&,si,,
0x1C3EB02,0x1C3EB0F,13,ascii,B23CDCDECET5E,si,,
0x1C57792,0x1C5779D,11,ascii,"3C4BD3CC33""",si,,
0x1C5A080,0x1C5A092,18,ascii,Excuse me! Miss!  ,,,
0x1C5A0A4,0x1C5A0C2,30,ascii,She won't hear you from here. ,,si,
0x1C5A0D4,0x1C5A10A,54,ascii,"Besides, she's a scrub nurse. \nShe won't know Hojo.   ",,si,
0x1C5A11C,0x1C5A126,10,ascii,A what?   ,,si,
0x1C5A138,0x1C5A166,46,ascii,A scrub nurse.  They assist with\noperations.  ,,si,
0x1C5A178,0x1C5A19E,38,ascii,They're different from regular\nnurses.,,si,
0x1C5A1B0,0x1C5A1BE,14,ascii,Interesting.  ,si,,
0x1C5A1D0,0x1C5A206,54,ascii,(What makes you think that's why\nI wanna talk to her?),,si,
0x1C61346,0x1C61351,11,ascii,"E ""RB2OP1%,",,,
0x1C63237,0x1C63241,10,ascii,"B""32""41DB!",si,,
0x1C65D76,0x1C65D80,10,ascii,"3""33D4C33C",si,,
0x1C66285,0x1C66291,12,ascii,"1?0P!1!O020,",si,,
0x1C66632,0x1C6663D,11,ascii,"CA2?""32BA2""",si,,
0x1C67502,0x1C67510,14,ascii,DdVFeEFDEEDVEB,si,,
0x1C67512,0x1C67520,14,ascii,"""""C""""C3433""2""""",si,,
0x1C67652,0x1C67660,14,ascii,CdS6CCDDE3444S,si,,
0x1C6BAE2,0x1C6BAED,11,ascii,"cf6WW&VVca""",si,,
0x1C7A994,0x1C7A99E,10,ascii,"""2%3AS0NR2",,si,
0x1C7C6F4,0x1C7C701,13,ascii,"""R/M3R54QBB"",",si,,
0x1C80EA5,0x1C80EAF,10,ascii,UBDC%BC2D2,si,,
0x1C80EF3,0x1C80EFD,10,ascii,"QCUE0""33R/",si,,
0x1C83E84,0x1C83E91,13,ascii,".ECAUu66TD6""6",si,,
0x1C8AAE6,0x1C8AAF1,11,ascii,1Eb5S4Tf4E+,si,,
0x1C8AC67,0x1C8AC71,10,ascii,"!34QA!?mB,",si,,
0x1C8C272,0x1C8C27E,12,ascii,64UCUBcp4&5b,si,,
0x1C94882,0x1C94890,14,ascii,"!""3B1!""334""2BV",si,,
0x1C94892,0x1C948A0,14,ascii,"ETEST453D""4DTU",si,,
0x1C948C2,0x1C948D0,14,ascii,5DEUeedeUEeeTd,si,,
0x1C948D2,0x1C948E0,14,ascii,DDT44FVTFEeTC4,si,,
0x1C948F6,0x1C94900,10,ascii,34TBTS4FFT,si,,
0x1C94912,0x1C94920,14,ascii,"233C332CC3""222",si,,
0x1C94922,0x1C94930,14,ascii,DUTVT5EDC44TTD,si,,
0x1C94932,0x1C94940,14,ascii,EFESDdTTDCTD42,si,,
0x1C949A2,0x1C949B0,14,ascii,DVUU%3CDUdBDTD,si,,
0x1C949D2,0x1C949E0,14,ascii,UTDDDTDDCCDS3B,si,,
0x1C949F2,0x1C94A00,14,ascii,"3""""3C3""""""""""""2""",si,,
0x1C94A12,0x1C94A20,14,ascii,233CDDDRBCdVDE,si,,
0x1C96272,0x1C96280,14,ascii,UVUVfDDUFdTeEU,si,,
0x1C96282,0x1C96290,14,ascii,5dfEdEfefDD43D,si,,
0x1C96453,0x1C96460,13,ascii,"!3!B""TDDEUEFU",si,,
0x1C96E92,0x1C96EA0,14,ascii,"4CD3333333333""",si,,
0x1CA1192,0x1CA119D,11,ascii,"CCDD3DTE""DT",si,,
0x1CA12F7,0x1CA1301,10,ascii,"NOF0""uQ&D%",si,,
0x1CAB0D0,0x1CAB0F6,38,ascii,"Yes, which doctor are you here to\nsee?",,si,
0x1CAB108,0x1CAB115,13,ascii,"Oh, actually ",,,
0x1CAB12C,0x1CAB146,26,ascii,"First time here, is it?   ",,si,
0x1CAB158,0x1CAB18E,54,ascii,Take this form and tell us about\nwhat's bothering you.,,si,
0x1CAB1A0,0x1CAB1C6,38,ascii,"Look, there's nothing wrong with\nus.  ",,si,
0x1CAB1F0,0x1CAB21A,42,ascii,We're with BCP.  We need to talk\nto you.  ,,si,
0x1CAB22C,0x1CAB23A,14,ascii,The police?   ,si,si,
0x1CAB24C,0x1CAB262,22,ascii,How can I help you?   ,si,si,
0x1CB02B2,0x1CB02BD,11,ascii,!&5DFEfD6-l,si,,
0x1CB2B93,0x1CB2B9D,10,ascii,"05441""ND1/",si,,
0x1CCDD62,0x1CCDD6D,11,ascii,"!""!A""""C""DBc",si,,
0x1CD2062,0x1CD206C,10,ascii,DDEEFW&!3Q,si,,
0x1CD4992,0x1CD499D,11,ascii,"BC1 """"1/!/0",,,
0x1CDD562,0x1CDD56C,10,ascii,"DB4AS""S531",,si,
0x1CE0CA6,0x1CE0CB1,11,ascii,/D%5vvfgfUF,si,,
0x1CE14B2,0x1CE14BC,10,ascii,2234DTcC'6,si,,
0x1CF6C82,0x1CF6C8D,11,ascii,VfCBEdAoSrc,si,,
0x1CF8796,0x1CF87A1,11,ascii,"B64%DD31pB,",si,,
0x1CFD0F0,0x1CFD116,38,ascii,We're looking for a missing\nperson.   ,,si,
0x1CFD128,0x1CFD142,26,ascii,His name is Kenzo Hojo.   ,,si,
0x1CFD154,0x1CFD17E,42,ascii,He's a Tokugawa Pharmaceuticals\nsales rep.,,,
0x1CFD190,0x1CFD1BA,42,ascii,Apparently he used to come here\nregularly.,,si,
0x1CFD1CC,0x1CFD1E2,22,ascii,A Tokugawa sales rep? ,,,
0x1CFD1F4,0x1CFD202,14,ascii,You know him? ,,si,
0x1CFD228,0x1CFD26A,66,ascii,Sales reps use the staff entrance. \nWe never see them out here.   ,,si,
0x1CFD27C,0x1CFD28A,14,ascii,So who would? ,,si,
0x1CFD29C,0x1CFD2C6,42,ascii,You should try talking to the\ndirector.   ,,si,
0x1CFD2D8,0x1CFD2EA,18,ascii,Sounds good to me.,,si,
0x1CFD2FC,0x1CFD33E,66,ascii,You'll need the director's\npermission to question anyone\nanyway.  ,,si,
0x1D0F416,0x1D0F421,11,ascii,"1!! 3""O1/!,",,,
0x1D1DD87,0x1D1DD91,10,ascii,"U""DR34CpA,",si,,
0x1D1DE73,0x1D1DE81,14,ascii,"7c6F""TcDTDSS4,",si,,
0x1D1E1B2,0x1D1E1C0,14,ascii,"""TS35DcF5UT5D4",si,,
0x1D1E1D2,0x1D1E1E0,14,ascii,4dTTTEB5TTD5E4,si,,
0x1D1E316,0x1D1E320,10,ascii,"""43TRC3C3T",si,,
0x1D1E322,0x1D1E330,14,ascii,V6EeeDUDSF25TF,si,,
0x1D1E3C2,0x1D1E3D0,14,ascii,"43D333C""3323C3",si,,
0x1D1E402,0x1D1E410,14,ascii,C34B5UUfUTUVef,si,,
0x1D1E9F5,0x1D1EA00,11,ascii,"5C""332BTSUD",si,,
0x1D1EA62,0x1D1EA70,14,ascii,5CCCTES54CS4SU,si,,
0x1D1F7F4,0x1D1F800,12,ascii,5433DEcUDDfU,si,,
0x1D1FD52,0x1D1FD5D,11,ascii,"?B!2""1!R0!3",si,,
0x1D1FF72,0x1D1FF7E,12,ascii,C134R41R2S2S,si,,
0x1D208B2,0x1D208BC,10,ascii,"CP2B3C414""",si,,
0x1D20972,0x1D2097E,12,ascii,"%214%3o3AC""1",si,,
0x1D21042,0x1D2104F,13,ascii,2!23!!22P!02!,si,,
0x1D213D2,0x1D213E1,15,ascii,"%%DRB4SC2%45PD,",si,,
0x1D213F2,0x1D213FE,12,ascii,QcCao2433EA2,si,,
0x1D21672,0x1D21680,14,ascii,"3333""""""22C4433",si,,
0x1D217E4,0x1D217F0,12,ascii,2ECUSESES543,si,,
0x1D22664,0x1D2266E,10,ascii,bSeDS4cev+,si,,
0x1D25DC5,0x1D25DCF,10,ascii,1!2B23CTB2,si,,
0x1D276D2,0x1D276DD,11,ascii,4Tq12tmOF44,si,,
0x1D42DF2,0x1D42E01,15,ascii,"e3VS4&DUD&4eRD,",si,,
0x1D430A2,0x1D430AC,10,ascii,TeeTUfVF54,si,,
0x1D47C02,0x1D47C0F,13,ascii,TUTdDUTEEUTT4,si,,
0x1D4D834,0x1D4D841,13,ascii,"?DB%""""a&6CBe+",si,,
0x1D5D7D6,0x1D5D7E1,11,ascii,"&5QSCOVDTE,",si,,
0x1D61CD2,0x1D61CDC,10,ascii,"3D2AcA""0T3",si,,
0x1D64876,0x1D64881,11,ascii,"0 1""6AB""2BC",,,
0x1D66552,0x1D6655D,11,ascii," ?AP""%RO   ",,,
0x1D69090,0x1D690AA,26,ascii,Time to up the pressure.  ,,si,
0x1D690BC,0x1D69102,70,ascii,"Attention, attention.  See this girl\nhere? Sorry, what's your name?   ",,si,
0x1D69114,0x1D69127,19,ascii,"I am madly, deeply ",,si,
0x1D6913C,0x1D69152,22,ascii,I've turned it off.   ,,si,
0x1D6917C,0x1D69192,22,ascii,What do you expect?   ,,si,
0x1D691A4,0x1D691C6,34,ascii,"Please accept my apologies,\nma'am.",,si,
0x1D691D8,0x1D691EE,22,ascii,You're so annoying!   ,,si,
0x1D6B7B2,0x1D6B7BC,10,ascii,RPRT6E%7b1,si,,
0x1D84E43,0x1D84E4F,12,ascii,%6Ub5EED56E5,si,,
0x1D84E67,0x1D84E71,10,ascii,CSDFdTEFU',si,,
0x1D8CBB6,0x1D8CBC0,10,ascii,P321?oC%E?,si,,
0x1D8E372,0x1D8E380,14,ascii,"E2B""0/403""53N0",si,,
0x1DA6432,0x1DA6440,14,ascii,DDDDDDDDDDDDDD,si,,
0x1DA6442,0x1DA6450,14,ascii,DDDDDDDDDDDDDD,si,,
0x1DA6452,0x1DA6460,14,ascii,DDDDDDDDDDDDDD,si,,
0x1DA6462,0x1DA6470,14,ascii,DDDDDDDDDDDDDD,si,,
0x1DA6472,0x1DA6480,14,ascii,DDDDDTeVeUeUeU,si,,
0x1DA6482,0x1DA6490,14,ascii,eUfUfUfUVUVUVU,si,,
0x1DA6492,0x1DA64A0,14,ascii,VeVeVeVeUeUeUe,si,,
0x1DA64A2,0x1DA64B0,14,ascii,UfUfUfUVUVUVUV,si,,
0x1DA64B2,0x1DA64C0,14,ascii,3333333333333C,si,,
0x1DA64C2,0x1DA64D0,14,ascii,CD44DDCC44DDCC,si,,
0x1DA64D2,0x1DA64E0,14,ascii,D44DDCCD44DDCC,si,,
0x1DA64E2,0x1DA64F0,14,ascii,D44DDCCD44DCCD,si,,
0x1DA64F2,0x1DA6500,14,ascii,44DDCCD44DDCCD,si,,
0x1DA8150,0x1DA8176,38,ascii,Can I borrow this for just one\nmoment?,,si,
0x1DA8188,0x1DA819E,22,ascii,Let's try this again. ,,si,
0x1DA81B0,0x1DA81EE,62,ascii,"Attention, attention.  This\nannouncement's for the director.  ",,si,
0x1DA8200,0x1DA8242,66,ascii,Do you know a guy from\nTokugawa Pharmaceuticals called\nKenzo Hojo?,,si,
0x1DA8254,0x1DA828A,54,ascii,"Attention, attention.  To whoever\nruns the pharmacy.  ",,si,
0x1DA82B0,0x1DA82F2,66,ascii,Do you know a guy from\nTokugawa Pharmaceuticals called\nKenzo Hojo?,,si,
0x1DA8304,0x1DA8322,30,ascii,Who said you could use that!  ,,si,
0x1DA8334,0x1DA833E,10,ascii,Stop that!,,si,
0x1DB53C7,0x1DB53D1,10,ascii,"oC4""432D3&",si,,
0x1DB8062,0x1DB806D,11,ascii,''4ue|c/.&5,si,,
0x1DF4122,0x1DF412C,10,ascii,3322332223,si,,
0x1E02132,0x1E02140,14,ascii,fVUUVUUUUD4DDC,si,,
0x1E04330,0x1E0436A,58,ascii,You must be the officers.  They\ntold me you were coming.  ,,si,
0x1E0437C,0x1E04392,22,ascii,What took you so long?,,si,
0x1E043A4,0x1E043BE,26,ascii,I've been waiting forever.,,si,
0x1E043D0,0x1E043FA,42,ascii,You guys never seem to be on\ntime anymore.,,si,
0x1E0440C,0x1E04446,58,ascii,That's our fault.  The receptionist\ndid tell us to hurry. ,,si,
0x1E04458,0x1E0446E,22,ascii,You're the director?  ,,si,
0x1E04480,0x1E0449A,26,ascii,You were expecting a man? ,,si,
0x1E044AC,0x1E044D6,42,ascii,"No, the receptionist told us about\nyou.   ",,si,
0x1E044E8,0x1E0451A,50,ascii,You just... don't seem like your\ntypical director.,,si,
0x1E0452C,0x1E0454A,30,ascii,That's a Home accent I detect.,,,
0x1E0455C,0x1E04582,38,ascii,"I'm Chris Goldwin, director of\nBCCH.  ",,si,
0x1E04594,0x1E045B2,30,ascii,"I'm Ed Brown, head of Vice.   ",,si,
0x1E045C4,0x1E045E8,36,ascii,I'm Jonathan Ingram.  I'm here\nfrom ,,si,
0x1E045FC,0x1E04612,22,ascii,"Ha-haaa, I knew it!   ",,si,
0x1E04624,0x1E04646,34,ascii,I thought I recognized you guys.  ,,si,
0x1E04658,0x1E0467A,34,ascii,"You were Policenauts, weren't\nyou?",,si,
0x1E0468C,0x1E0469A,14,ascii,"Uhh, yes...?  ",,si,
0x1E046AC,0x1E046CE,34,ascii,You mean you don't remember\nme?   ,,si,
0x1E046E0,0x1E0471E,62,ascii,We posed together for that\nmagazine cover when I was a\nmodel. ,,si,
0x1E04730,0x1E0474E,30,ascii,About 30 years ago.  Remember?,,si,
0x1E04760,0x1E04782,34,ascii,Ooohh! You're Chris? Little\nChris?,,,
0x1E04794,0x1E047B2,30,ascii,"Wow, you've really grown up!  ",,si,
0x1E047C4,0x1E047DA,22,ascii,"Oh yeah, I remember.  ",,,
0x1E047EC,0x1E04822,54,ascii,The receptionist told us you used\nto be a model too.  ,,si,
0x1E04834,0x1E04852,30,ascii,Grown up more than I'd like.  ,,si,
0x1E04864,0x1E0489A,54,ascii,I can't believe it's you guys.  What\na neat surprise. ,,si,
0x1E048AC,0x1E048BA,14,ascii,So what's up? ,,si,
0x1E0C7A2,0x1E0C7B1,15,ascii,"E%%g3TC%QT!n%U,",si,,
0x1E138C3,0x1E138D0,13,ascii,"23DDC3""!!233""",si,,
0x1E1C6B2,0x1E1C6BC,10,ascii,4D5D4D3C11,si,,
0x1E20A06,0x1E20A10,10,ascii,"""C53cTTfUE",si,,
0x1E293A5,0x1E293AF,10,ascii,"1R6""24!C!-",si,,
0x1E2CE12,0x1E2CE1C,10,ascii,3322233C43,si,,
0x1E48CC7,0x1E48CD1,10,ascii,"542326!R3,",si,,
0x1E52EE2,0x1E52EF0,14,ascii,23434C33444C34,si,,
0x1E52EF2,0x1E52F00,14,ascii,4C3C343C33443C,si,,
0x1E52F02,0x1E52F10,14,ascii,3D34TUUUVUUEeU,si,,
0x1E52F12,0x1E52F20,14,ascii,UUUVUUUeUUEUVU,si,,
0x1E52F22,0x1E52F30,14,ascii,33333333CCCD3D,si,,
0x1E52F32,0x1E52F40,14,ascii,D3DCCDCCDCDCCD,si,,
0x1E67C75,0x1E67C7F,10,ascii,!24UeUFD2D,si,,
0x1E69345,0x1E69351,12,ascii,"1E4C7CEBdF""%",si,,
0x1E6ACA2,0x1E6ACAC,10,ascii,EF6VuU6U4-,si,,
0x1E77C42,0x1E77C4C,10,ascii,CCfTEuT6dS,si,,
0x1E7B4C4,0x1E7B4D1,13,ascii,"C3Dl4RcaB41E,",si,,
0x1E89202,0x1E8920F,13,ascii,"3""032BNB1""S20",si,,
0x1E96352,0x1E9635C,10,ascii,"""235DSD%TC",si,,
0x1EA4CA2,0x1EA4CAD,11,ascii,"VDDTV""BDDfF",si,,
0x1EA5334,0x1EA533F,11,ascii,RSB44RCcUFM,si,,
0x1EAB162,0x1EAB16D,11,ascii,Fd2f De4tRe,,,
0x1EAC9D6,0x1EAC9E1,11,ascii,"""/1M)0nnJ.,",si,,
0x1EBDE32,0x1EBDE40,14,ascii,UffU43VefFUeVe,si,,
0x1EBE1D2,0x1EBE1DC,10,ascii,"BCD232""!""!",si,,
0x1EBE5C2,0x1EBE5D0,14,ascii,"2""""23443""""""DCT",si,,
0x1EBEE16,0x1EBEE21,11,ascii,"3BB3234o14,",si,,
0x1EBF794,0x1EBF7A0,12,ascii,3D34TEEUUTDD,si,,
0x1EBF7B2,0x1EBF7C0,14,ascii,fUEfU44RdfUV4E,si,,
0x1EBFC32,0x1EBFC3C,10,ascii,VFFe4DCB3!,si,,
0x1EBFD95,0x1EBFD9F,10,ascii,1!B 222/B!,,,
0x1EBFF82,0x1EBFF90,14,ascii,5DCDDUD43D5C32,si,,
0x1EDC555,0x1EDC55F,10,ascii,SC0S5CEP2D,si,,
0x1EDE886,0x1EDE891,11,ascii,"SB303 ""C0A+",,,
0x1EE5E22,0x1EE5E2F,13,ascii,Cm4SoQb16P1e3,si,,
0x1EE6137,0x1EE6141,10,ascii,%AoC22bC!+,si,,
0x1EE6612,0x1EE6621,15,ascii,"P2B3%3CCC331""D,",si,,
0x1EE6832,0x1EE683E,12,ascii,"!BOC""!!%2""2!",si,,
0x1EEAA85,0x1EEAA8F,10,ascii,OA2T3122E4,si,,
0x1EEAC85,0x1EEAC8F,10,ascii,"1RAC42""32A",si,,
0x1EFCC12,0x1EFCC1F,13,ascii,"333433""2""""""""2",si,,
0x1EFF102,0x1EFF10D,11,ascii,UCRC4CfE2e2,si,,
0x1F113B2,0x1F113BC,10,ascii,B4TDTDE6UR,si,,
0x1F12AB4,0x1F12AC1,13,ascii,"2CED424""3""""2)",si,,
0x1F242F2,0x1F242FC,10,ascii,"""BCDUsS4D3",si,,
0x1F28437,0x1F28441,10,ascii,"AC2B/o74%,",si,,
0x1F2E8C2,0x1F2E8D0,14,ascii,DDDDD433333333,si,,
0x1F2E8D2,0x1F2E8E0,14,ascii,fUeVEDDDDDDDDD,si,,
0x1F2F8D0,0x1F2F8F2,34,ascii,We're here about a missing\nperson.,,si,
0x1F2F904,0x1F2F91E,26,ascii,His name is Kenzo Hojo.   ,,si,
0x1F2F948,0x1F2F972,42,ascii,Never heard of him.  Is he a\npatient here?,,si,
0x1F2F984,0x1F2F9B6,50,ascii,He's a sales rep with Tokugawa\nPharmaceuticals.   ,,si,
0x1F2F9C8,0x1F2F9EE,38,ascii,They said you do business with\nthem.  ,,si,
0x1F2FA00,0x1F2FA3A,58,ascii,May we speak with whoever\nhandles your pharmaceuticals?   ,,si,
0x1F2FA4C,0x1F2FA72,38,ascii,"Sure, I guess you mean our\npharmacist.",,si,
0x1F2FA84,0x1F2FAA6,34,ascii,He's in charge of all our drugs.  ,,si,
0x1F2FAB8,0x1F2FAC6,14,ascii,Anything else?,,,
0x1F34FD3,0x1F34FDD,10,ascii,"0!A""4CDp?N",si,,
0x1F4F3D2,0x1F4F3E1,15,ascii,"SAdeFVbCd4FNfB,",si,,
0x1F54A97,0x1F54AA1,10,ascii,"BVE?3EDu2,",si,,
0x1F5BDD2,0x1F5BDDC,10,ascii,"?QC?B""A4NO",,si,
0x1F771A2,0x1F771B0,14,ascii,ffefFDDSUUUDDe,si,,
0x1F79082,0x1F7908D,11,ascii,"43A33P124""3",si,,
0x1F79702,0x1F7970D,11,ascii,"/2A010""012N",si,,
0x1F79B12,0x1F79B1C,10,ascii,U4EB5DSRc4,si,,
0x1F7A1D2,0x1F7A1E0,14,ascii,FE3D4DC42DS22D,si,,
0x1F7A3A7,0x1F7A3B1,10,ascii,"G3363CS15,",si,,
0x1F7A5E2,0x1F7A5F0,14,ascii,FVeffVFFfUdTfU,si,,
0x1F7A682,0x1F7A690,14,ascii,E4DEDeT24U%CeV,si,,
0x1F7A6A2,0x1F7A6B0,14,ascii,TD4FUUDSDDVUcR,si,,
0x1F7AAE2,0x1F7AAEF,13,ascii,"CC3""""""33""!""""""",si,,
0x1F7AEF2,0x1F7AEFE,12,ascii,Q253S34CCQRB,si,,
0x1F7B092,0x1F7B0A0,14,ascii,"333DC33223C""""""",si,,
0x1F7B4A2,0x1F7B4AC,10,ascii,"eTfE3""2DC2",si,,
0x1F7B4F2,0x1F7B500,14,ascii,2!023DDDBRDDDC,si,,
0x1F7B502,0x1F7B510,14,ascii,"C3C3334C233""2""",si,,
0x1F7B512,0x1F7B520,14,ascii,D3DBTCU4UCDTUC,si,,
0x1F7C7D6,0x1F7C7E1,11,ascii,"""""!C2C""""32C",si,,
0x1F88673,0x1F8867D,10,ascii,"!1""4dbSEF4",si,,
0x1F8E742,0x1F8E74C,10,ascii,5UDUUU55E3,si,,
0x1F998A0,0x1F998AE,14,ascii,This your kid?,,si,
0x1F998C0,0x1F998E2,34,ascii,That's... somebody else's baby.   ,,,
0x1F998F4,0x1F99906,18,ascii,It's not yours?   ,,si,
0x1F99918,0x1F99922,10,ascii,Jonathan! ,si,,
0x1F9994C,0x1F9996E,34,ascii,It's like my picture of Lorraine. ,,si,
0x1F99980,0x1F999A2,34,ascii,A past you wanna keep to\nyourself.,,si,
0x1F999B4,0x1F999D2,30,ascii,A past you can't let go of.   ,,si,
0x1F9A332,0x1F9A340,14,ascii,TDTUTUDUFTUTUE,si,,
0x1F9C472,0x1F9C47F,13,ascii,344EDUdUE5D%4,si,,
0x1FA7327,0x1FA7331,10,ascii,&ED3RQDDR+,si,,
0x1FA7C13,0x1FA7C21,14,ascii,"EBS34P%S2424%,",si,,
0x1FA80A2,0x1FA80B0,14,ascii,"DDDC33CC""""3333",si,,
0x1FA8212,0x1FA8220,14,ascii,"2""""3""2""32233CC",si,,
0x1FA9672,0x1FA9680,14,ascii,eDDDdVVEVeeDUU,si,,
0x1FA9682,0x1FA9690,14,ascii,UFDEeTVVDUDEUE,si,,
0x1FA9AC6,0x1FA9AD0,10,ascii,Q 1!20O31!,,,
0x1FA9EB2,0x1FA9EC1,15,ascii,"%CRADPB4EB3S1D,",si,,
0x1FAA172,0x1FAA180,14,ascii,ED4U44U5DEVEDD,si,,
0x1FAA232,0x1FAA240,14,ascii,"DC4SDEDC3""334C",si,,
0x1FAB322,0x1FAB32D,11,ascii,"""""C3TrR!4E1",si,,
0x1FAF786,0x1FAF791,11,ascii,eAF?SVcdAd+,si,,
0x1FB0347,0x1FB0351,10,ascii,cC6B4rCo5+,si,,
0x1FB52F2,0x1FB5300,14,ascii,"E4T""EFEUUEUefE",si,,
0x1FB5D82,0x1FB5D90,14,ascii,EDCCDCD4TbVD5T,si,,
0x1FB67D2,0x1FB67E0,14,ascii,!BR3!3223CBTDC,si,,
0x1FB67E2,0x1FB67F0,14,ascii,DCRceDDTV5UT%D,si,,
0x1FB67F2,0x1FB6800,14,ascii,DEE%4DEEUDUTEf,si,,
0x1FB6BE2,0x1FB6BF0,14,ascii,cVfVTDTeUTDT3C,si,,
0x1FB6D02,0x1FB6D10,14,ascii,234A3243333343,si,,
0x1FB7986,0x1FB7990,10,ascii,DCC423DD43,si,,
0x1FD9870,0x1FD989A,42,ascii,"Alright, timing's everything with\nthis.   ",,si,
0x1FD98C4,0x1FD98D2,14,ascii,"On ""three"".   ",,si,
0x1FD98E4,0x1FD9906,34,ascii,"Meaning we look on ""three"",\nright?",,si,
0x1FD9918,0x1FD9926,14,ascii,One... two....,,si,
0x1FE2343,0x1FE2350,13,ascii,"""!""2!""""""33334",si,,
0x1FE2F12,0x1FE2F1C,10,ascii,"!2""P2&4BNC",si,,
0x1FF1044,0x1FF104F,11,ascii,4C2 03225R3,,,
0x1FF10D2,0x1FF10DC,10,ascii,!%22AEBPRA,si,,
0x1FF3CD2,0x1FF3CE0,14,ascii,TCDS4R53TESffe,si,,
0x1FF3E12,0x1FF3E20,14,ascii,%2DTDeDDDDUD31,si,,
0x1FF3E52,0x1FF3E60,14,ascii,D4RTTU55UUTedf,si,,
0x1FF40A2,0x1FF40B0,14,ascii,"""ETEC4FDCCScEE",si,,
0x1FF40B2,0x1FF40C0,14,ascii,TE4445TDDESTCE,si,,
0x1FFD414,0x1FFD420,12,ascii,CBTDC33DeVDS,si,,
0x1FFD4A2,0x1FFD4B0,14,ascii,ffUfeffUVffffE,si,,
0x1FFD4B2,0x1FFD4C0,14,ascii,DTDETEDETETDTD,si,,
0x2007870,0x200787A,10,ascii,See it?   ,,si,
0x200788C,0x2007896,10,ascii,Uh-huh.   ,,,
0x20078A8,0x20078C6,30,ascii,Thank god she didn't see us.  ,,si,
0x20104B4,0x20104C1,13,ascii,"TSF1DGSRUBdp,",si,,
0x2011B04,0x2011B11,13,ascii,"U""3B!!30N2S1+",si,,
0x201C702,0x201C70F,13,ascii,"A2!D5NR""!""d!6",si,,
0x20202E2,0x20202ED,11,ascii,PCR/N0R/b1/,si,,
0x2024070,0x202408A,26,ascii,What's inside that pouch? ,,si,
0x202409C,0x20240AA,14,ascii,A massquito.  ,,,
0x20308B0,0x20308BE,14,ascii,A massquito?  ,,,
0x20308E8,0x203091A,50,ascii,it's a micromachine modeled after\nthe mosquito.   ,,si,
0x2030940,0x203097A,58,ascii,Little devil's gone haywire.  Just\ndoes whatever it wants.,,si,
0x203098C,0x20309AE,34,ascii,I finally caught it a minute ago. ,,si,
0x2043A42,0x2043A4D,11,ascii,"SD254E6""24d",si,,
0x2048B02,0x2048B0D,11,ascii,",cT0CTUVtBq",si,,
0x204CE47,0x204CE51,10,ascii,"f3F7UUE""GC",si,,
0x204DD86,0x204DD90,10,ascii,CC23D4UCDT,si,,
0x204E942,0x204E950,14,ascii,D4fTCTee4ECTeT,si,,
0x20568A8,0x20568DE,54,ascii,We have to catch it! Watch it\ndoesn't suck your blood!,,si,
0x2058C17,0x2058C21,10,ascii,"3A2  L!C5,",,,
0x2069090,0x20690C6,54,ascii,"It landed on the wall, Jonathan. \nHurry and grab it!  ",,si,
0x20690D8,0x20690F2,26,ascii,We can't let it escape!   ,,si,
0x2069104,0x2069112,14,ascii,What do I do? ,,si,
0x2069124,0x206914E,42,ascii,"Click on it with the cursor.  Easy,\nnow.  ",,si,
0x207D7D7,0x207D7E1,10,ascii,"R3c5C1}4T,",si,,
0x2081CD2,0x2081CDD,11,ascii,TBBcDFUes5D,si,,
0x2086A82,0x2086A8C,10,ascii,4d41&O-FoE,si,,
0x208B070,0x208B082,18,ascii,"Damn, he's quick. ",,,
0x208D924,0x208D92F,11,ascii,"1!2R""SC""3S2",si,,
0x2092890,0x20928A2,18,ascii,It's on my nose!  ,,si,
0x20928B4,0x20928C6,18,ascii,"Don't move, Chris!",,,
0x20928D8,0x20928EE,22,ascii,Stay absolutely still!,,,
0x2092900,0x209290E,14,ascii,Just hurry!   ,,si,
0x209F092,0x209F0A0,14,ascii,UUVUeeUUVVUeUD,si,,
0x20A30F2,0x20A3100,14,ascii,CD3D3D4C4CD3D3,si,,
0x20A3102,0x20A3110,14,ascii,D4D4CDCD3D4D4C,si,,
0x20A3112,0x20A3120,14,ascii,DCD3D4D4CDCD3D,si,,
0x20A3122,0x20A3130,14,ascii,4D4CDCD3D3D4C4,si,,
0x20A3132,0x20A3140,14,ascii,CD3D3D4C333333,si,,
0x20A3142,0x20A3150,14,ascii,VVUeeUUVVeeUUV,si,,
0x20A3152,0x20A3160,14,ascii,VUeeUVVUeeUUVV,si,,
0x20A3162,0x20A3170,14,ascii,UeUUVVUeeUUVUe,si,,
0x20A3172,0x20A3180,14,ascii,eUUVVUeeUVVUee,si,,
0x20A3182,0x20A3190,14,ascii,UUDDDDDDDDDDDD,si,,
0x20A3192,0x20A31A0,14,ascii,DDDDDDDDDDDDDD,si,,
0x20A31A2,0x20A31B0,14,ascii,DDDDDDDDDDDDDD,si,,
0x20A31B2,0x20A31C0,14,ascii,DDDDCDDDDDD4DD,si,,
0x20AF070,0x20AF082,18,ascii,He got away again!,,si,
0x20B88B0,0x20B88CA,26,ascii,Man! Quit playing around! ,,,
0x20B88DC,0x20B88FA,30,ascii,I like where this is going.   ,,si,
0x20B890C,0x20B892A,30,ascii,Will you let me try this time?,,si,
0x20B893C,0x20B895E,34,ascii,Forget it.  She asked me to do it.,,si,
0x20B8970,0x20B897E,14,ascii,I know you.   ,,si,
0x20B8990,0x20B89B6,38,ascii,You're letting it get away on\npurpose!,,si,
0x20B89C8,0x20B89E6,30,ascii,"Stop wasting time, will you!  ",,si,
0x20B89F8,0x20B8A06,14,ascii,"Sorry, Chris. ",,,
0x20C86E2,0x20C86F1,15,ascii,"RT%tncCTGQTCT4,",si,,
0x20CDD52,0x20CDD5E,12,ascii,3DEcdUDeDEEU,si,,
0x20E5AC3,0x20E5ACE,11,ascii,"%S1""&3133QA",si,,
0x20E5ED2,0x20E5EE0,14,ascii,344%E53TTBBU4D,si,,
0x20E5EF2,0x20E5F00,14,ascii,43324C34343C3D,si,,
0x20E6463,0x20E6470,13,ascii,"""""""""2""33""2121",si,,
0x20E6482,0x20E6490,14,ascii,"""""""""C233324C43",si,,
0x20E6492,0x20E64A0,14,ascii,"43C233CC32334""",si,,
0x20E64B2,0x20E64C0,14,ascii,4STTTUUDfUEEUU,si,,
0x20E64C2,0x20E64D0,14,ascii,eTUEUUEUfUfVVU,si,,
0x20E64D2,0x20E64E0,14,ascii,2333C4333C3233,si,,
0x20E64E2,0x20E64F0,14,ascii,D3D3C333333333,si,,
0x20E64F2,0x20E6500,14,ascii,C33CD333C3333C,si,,
0x20E6502,0x20E6510,14,ascii,3C33DC34333333,si,,
0x20FB842,0x20FB84E,12,ascii,R3%!b2%d4ET6,si,,
0x2100892,0x21008A0,14,ascii,DDDDDDDDDDD4DC,si,,
0x21008A2,0x21008B0,14,ascii,CCC3DDC4CD3CC4,si,,
0x21008B2,0x21008C0,14,ascii,D33D3C4C333334,si,,
0x21008C2,0x21008D0,14,ascii,33C3C333333333,si,,
0x21008D2,0x21008E0,14,ascii,fffefVffVVeeVe,si,,
0x21008E2,0x21008F0,14,ascii,fUeffVfUUfUUUV,si,,
0x21008F2,0x2100900,14,ascii,UUeUUUUUUUUUUT,si,,
0x2100902,0x2100910,14,ascii,TUUUUUUUUUTUTU,si,,
0x2100912,0x2100920,14,ascii,UUEUETUDDUUTDD,si,,
0x2100922,0x2100930,14,ascii,UDTDTTDDDDTDDD,si,,
0x2100932,0x2100940,14,ascii,DDEDDDDDDDDD4D,si,,
0x2100942,0x2100950,14,ascii,DDDDD4DCDC4DD4,si,,
0x2100952,0x2100960,14,ascii,333CCD3C34C333,si,,
0x2100962,0x2100970,14,ascii,43C34333343332,si,,
0x2102880,0x21028A2,34,ascii,I can't believe he got away again!,,si,
0x21028B4,0x21028BE,10,ascii,You suck! ,,si,
0x21028D0,0x21028E2,18,ascii,I think it bit me!,,si,
0x2109275,0x2109281,12,ascii,b/AEFTWEgUD%,si,,
0x2116CE2,0x2116CF0,14,ascii,"DTUTUT55323""B3",si,,
0x2119080,0x211909A,26,ascii,"Oh, I don't believe this. ",,si,
0x21190AC,0x21190C6,26,ascii,You gotta be kidding me!  ,,si,
0x21190D8,0x2119102,42,ascii,Why don't you let a grown-up\nhandle this? ,,si,
0x2119114,0x211912A,22,ascii,I was born to do this.,,si,
0x211913C,0x211914E,18,ascii,I hate my life.   ,,si,
0x2125242,0x212524C,10,ascii,4E%UdQB55F,si,,
0x212F2A2,0x212F2AC,10,ascii,QdBDT5DCSe,si,,
0x212FE24,0x212FE2E,10,ascii,CP2C!422R?,si,,
0x213DAA2,0x213DAB0,14,ascii,14334 34TD44BT,,,
0x2149070,0x2149092,34,ascii,I can't believe he got away again!,,si,
0x21490A4,0x21490BA,22,ascii,Enough joking around! ,,,
0x214B994,0x214B9A1,13,ascii,"%u3AQ4G%r15E,",si,,
0x215D880,0x215D89E,30,ascii,Would you please just get it? ,,si,
0x2169934,0x2169946,18,ascii,I love this case. ,,si,
0x2169958,0x2169976,30,ascii,"Well... thank you, Jonathan.  ",,si,
0x2169988,0x216999E,22,ascii,"No, thank you, Chris. ",,si,
0x21699B0,0x21699C2,18,ascii,Umm... yeah....   ,,,
0x21699D4,0x21699EE,26,ascii,I seriously wanna hit you.,,si,
0x2169A00,0x2169A1E,30,ascii,You guys make quite a pair.   ,,si,
0x2169A30,0x2169A62,50,ascii,The two of you belong in your\nown buddy cop movie.,,si,
0x2169A74,0x2169A96,34,ascii,Good thing it didn't get outside. ,,si,
0x2169AA8,0x2169AB6,14,ascii,You're right. ,,,
0x2169AC8,0x2169AFE,54,ascii,"Well, you've certainly made my day\nmore interesting.  ",,si,
0x216FCF2,0x216FD00,14,ascii,"""""""""33333333DD",si,,
0x2171AB2,0x2171ABC,10,ascii,"""""33CDDDDC",si,,
0x21807C7,0x21807D1,10,ascii,"1B2O2!""33,",si,,
0x2183202,0x2183210,14,ascii,FTTeEUdUDDcdFE,si,,
0x2183212,0x2183220,14,ascii,DDeVUE33DCSS4D,si,,
0x2183514,0x2183521,13,ascii,"&b""DCRBCCB2S,",si,,
0x2183DA2,0x2183DAC,10,ascii,"C33""22""""""""",si,,
0x2183ED2,0x2183EE0,14,ascii,EEUETTEDDEDEDD,si,,
0x2184CE2,0x2184CF0,14,ascii,C4333333333341,si,,
0x2184CF2,0x2184D00,14,ascii,DdUDDdfDVeUVee,si,,
0x2184D02,0x2184D10,14,ascii,"""2""3D433433433",si,,
0x2184D12,0x2184D20,14,ascii,eUDDDTDefeVVEE,si,,
0x2184D72,0x2184D7E,12,ascii,EDDDDe5CD433,si,,
0x2184DA2,0x2184DB0,14,ascii,dVefeUTD44334D,si,,
0x2184DB2,0x2184DC0,14,ascii,333333333334DD,si,,
0x2184DE2,0x2184DEE,12,ascii,"TDDT4C2C3""22",si,,
0x2184E22,0x2184E30,14,ascii,3BETDDDT443ddE,si,,
0x2184E32,0x2184E40,14,ascii,STUfVdUdDDEEeD,si,,
0x2184E62,0x2184E6D,11,ascii,"FfEEEDE44""2",si,,
0x2184FB2,0x2184FC0,14,ascii,"2""""!2""12""4ED53",si,,
0x2184FC2,0x2184FD0,14,ascii,BCDEUTDfdfTfUf,si,,
0x2184FE2,0x2184FF0,14,ascii,443C532TDUTD3D,si,,
0x2184FF2,0x2185000,14,ascii,D45DC4DdUeVUVE,si,,
0x21852F2,0x2185300,14,ascii,3443DcDCETEETT,si,,
0x2185342,0x2185350,14,ascii,"333344CCC3333""",si,,
0x2185352,0x2185360,14,ascii,"DdED444""D4CDT3",si,,
0x2185542,0x218554C,10,ascii,33D4B22231,si,,
0x2185552,0x2185560,14,ascii,5333T4BCC3CC4C,si,,
0x2185676,0x2185681,11,ascii,"%C1C""42QBA,",si,,
0x218E912,0x218E91D,11,ascii,df?b&3TD1bP,si,,
0x21915F6,0x2191600,10,ascii,"""33B332""23",si,,
0x21BAA32,0x21BAA41,15,ascii,"A""3%S2!3b0""Q?T,",si,,
0x21BBF42,0x21BBF4D,11,ascii,BS3BC44ECu5,si,,
0x21C6526,0x21C6531,11,ascii,"3UT3""T%441F",si,,
0x21D5080,0x21D50AA,42,ascii,Can we take a look at your\npharmacy now?  ,,si,
0x21D50BC,0x21D50E2,38,ascii,No problem.  It's through that\ndoor.  ,,si,
0x21E5E35,0x21E5E40,11,ascii,2D4dTEEeVDd,si,,
0x21E8970,0x21E8986,22,ascii,"By the way, Jonathan. ",,si,
0x21E89B0,0x21E89D6,38,ascii,"No more games with the PA,\nalright?   ",,si,
0x21E89E8,0x21E89F2,10,ascii,Gotcha.   ,,,
0x21E8A04,0x21E8A42,62,ascii,I'll admit it'd be nice if someone did\nthat for me sometime.  ,,si,
0x21E8A54,0x21E8A76,34,ascii,I should've known you'd hear it.  ,,si,
0x21E8A88,0x21E8A9A,18,ascii,One other thing.  ,,si,
0x21E8AAC,0x21E8ACA,30,ascii,You ever considered quitting? ,,si,
0x21E8ADC,0x21E8AEA,14,ascii,You mean this?,,si,
0x21E8AFC,0x21E8B2E,50,ascii,You know I had to say something. \nI'm a doctor.   ,,si,
0x21E8B40,0x21E8B66,38,ascii,"You have your perfume, I have\nthis.   ",,si,
0x21E8B78,0x21E8B8A,18,ascii,You got me there. ,,si,
0x21E8B9C,0x21E8BBE,34,ascii,It's just about my only defense.  ,,si,
0x21FE3D2,0x21FE3E0,14,ascii,"44433333""""""""""""",si,,
0x2207717,0x2207721,10,ascii,"5D5B&5E46,",si,,
0x220B392,0x220B39C,10,ascii,"FcR1""FVS43",si,,
0x22123B5,0x22123BF,10,ascii,"?""43DC2  /",,,
0x2215022,0x2215030,14,ascii,34433CC3333333,si,,
0x221A192,0x221A19D,11,ascii,35133%2DT43,si,,
0x221EE94,0x221EE9E,10,ascii,M  e4ddCsE,,,
0x2223054,0x222305F,11,ascii,"""23B4TC4DD'",si,,
0x2232AA5,0x2232AB0,11,ascii,"""3""2B33444D",si,,
0x2232E22,0x2232E30,14,ascii,"dV4""EUU2cUSbDD",si,,
0x2233392,0x22333A0,14,ascii,DTETC32TDTDUT4,si,,
0x2233442,0x2233450,14,ascii,eEUDTUDDSC34FU,si,,
0x2233472,0x2233480,14,ascii,"""4333C3433CC32",si,,
0x2233F42,0x2233F50,14,ascii,TUUdVDDCDcTC5U,si,,
0x2233F92,0x2233FA0,14,ascii,UUTeeV64UdfUEC,si,,
0x22344D2,0x22344E0,14,ascii,"""33C""23C334332",si,,
0x2234524,0x2234530,12,ascii," 32%S4C255C""",si,,
0x22346A2,0x22346B0,14,ascii,fSUFTSETFfUECU,si,,
0x2235022,0x2235030,14,ascii,2332333CC33343,si,,
0x2235342,0x223534C,10,ascii,"CBCQ4""D1T2",si,,
0x2235532,0x2235540,14,ascii,!5425T54DD5VSd,si,,
0x22357E2,0x22357EC,10,ascii,UUdE%44B54,si,,
0x2236126,0x2236131,11,ascii,"bN23""!%22"",",si,,
0x2240696,0x22406A1,11,ascii," P!1C""534""+",si,,
0x22446E2,0x22446EC,10,ascii,2B24B344DS,si,,
0x22500A2,0x22500AF,13,ascii,cREVdBEc4%!3?,si,,
0x225F502,0x225F50E,12,ascii,"UV24""!2SefFD",si,,
0x2261980,0x22619AA,42,ascii,"Hey! The window's out front, you\nbunch of ",,si,
0x22619C0,0x22619CE,14,ascii,Relax.  BCP.  ,,,
0x22619E0,0x22619FE,30,ascii,The director knows about us.  ,,si,
0x2261A10,0x2261A1E,14,ascii,The police?   ,si,si,
0x2261A30,0x2261A66,54,ascii,"You're Mr. Ishida, right? The\nhospital's pharmacist?  ",,si,
0x2261A78,0x2261A8E,22,ascii,"Yeah, I'm Jun Ishida. ",,,
0x2261AA0,0x2261ACE,46,ascii,They got me in charge of the place\nfor now.   ,,si,
0x2261AE0,0x2261B02,34,ascii,"That was you guys on the PA,\nhuh? ",,si,
0x2261B14,0x2261B2A,22,ascii,So what do you need?  ,,si,
0x226B932,0x226B93F,13,ascii,CD45EcSTUeUf4,si,,
0x2271EF2,0x2271EFC,10,ascii,5UE30?2C2B,si,,
0x2279CE2,0x2279CED,11,ascii,"3DEWveVe""4S",si,,
0x227FB72,0x227FB7C,10,ascii,"TTdeCDS3""2",si,,
0x227FFC2,0x227FFCD,11,ascii,"&4eeFE""CCTD",si,,
0x2280204,0x228020F,11,ascii,"%EQC3r""15%3",si,,
0x22803C2,0x22803CC,10,ascii,bpBc4%3RUA,si,,
0x22805E2,0x22805EE,12,ascii,"""!!""""!!! 11O",,,
0x2280852,0x2280860,14,ascii,"""22""""""""2""""""2C3",si,,
0x2280A23,0x2280A31,14,ascii,"13Q23C1""B22CR,",si,,
0x2280E02,0x2280E10,14,ascii,UT2FDTUdeeeffV,si,,
0x22816D2,0x22816E0,14,ascii,"33333432""33433",si,,
0x2282522,0x2282530,14,ascii,"233""2333333C32",si,,
0x2282A02,0x2282A0C,10,ascii,feE43TCVBD,si,,
0x2282A12,0x2282A20,14,ascii,3CCD%DDFf4UdTD,si,,
0x2282A22,0x2282A2D,11,ascii,FDTCT4DD3S2,si,,
0x2282F95,0x2282FA0,11,ascii,"!""3343CCC43",si,,
0x2283354,0x228335E,10,ascii,"""An!""""B?""!",,si,
0x228D2B3,0x228D2BD,10,ascii,"3T""FCc""BE ",,si,
0x229F8B2,0x229F8BE,12,ascii,ZLklnB353bC2,si,,
0x22A2152,0x22A215D,11,ascii,22B23CCCTDC,si,,
0x22A2903,0x22A290D,10,ascii,122C45FCE3,si,,
0x22B07E2,0x22B07EC,10,ascii,"""!13BDQs43",si,,
0x22BD0B0,0x22BD0C6,22,ascii,We came to talk to you,,si,
0x22BD0D8,0x22BD10A,50,ascii,about a Kenzo Hojo from\nTokugawa Pharmaceuticals. ,,si,
0x22BD11C,0x22BD13A,30,ascii,Hojo? Something happen to\nhim?,,si,
0x22BD14C,0x22BD15E,18,ascii,He's gone missing.,,,
0x22BD170,0x22BD17A,10,ascii,Really....,si,,
0x22BD18C,0x22BD1B6,42,ascii,It has been awhile since I last seen\nhim. ,,si,
0x22BD1C8,0x22BD1DE,22,ascii,So you do know him.   ,,si,
0x22BD1F0,0x22BD1FE,14,ascii,That's right. ,,,
0x22C0956,0x22C0961,11,ascii,BFC2dgTTf5D,si,,
0x22C1512,0x22C151C,10,ascii,4DS4Ur5FtU,si,,
0x22D07D5,0x22D07E0,11,ascii," B%0""D23CSD",si,,
0x22D0E42,0x22D0E50,14,ascii,"2!!!""""!2""""233C",si,,
0x22D0E82,0x22D0E90,14,ascii,DdTEUdTDD3R4C4,si,,
0x22D0EA2,0x22D0EB0,14,ascii,3CDUfUff4EF6ef,si,,
0x22D1592,0x22D15A0,14,ascii,3B5ECVUEEUVeee,si,,
0x22D15A2,0x22D15B0,14,ascii,"233""3343333423",si,,
0x22D1916,0x22D1920,10,ascii,"""1!!B!2 3?",,,
0x22D1D72,0x22D1D80,14,ascii,33C433C33333C3,si,,
0x22D2872,0x22D287E,12,ascii,"VFd4ddDD4DC""",si,,
0x22D2A62,0x22D2A70,14,ascii,33CC333334333D,si,,
0x22D3082,0x22D308C,10,ascii,PA4BB4P2S3,si,,
0x22D8606,0x22D8611,11,ascii,"u%cDoADSBc,",si,,
0x22E9672,0x22E967E,12,ascii,444C444&%CQ3,si,,
0x22FEE62,0x22FEE6E,12,ascii,TUEDDDDDUUED,si,,
0x2300C52,0x2300C60,14,ascii,33D333333333D3,si,,
0x2301122,0x2301130,14,ascii,"""3""2C422""3323!",si,,
0x2302286,0x2302290,10,ascii,"A ""0N01 ""0",,,
0x23024E2,0x23024F0,14,ascii,"D332333""""""""""""""",si,,
0x23024F2,0x2302500,14,ascii,"E6""4E66DUTedDD",si,,
0x23033C2,0x23033D0,14,ascii,eeVf5FdFEEEVed,si,,
0x23083E2,0x23083ED,11,ascii,"DC43333""""""""",si,,
0x230A160,0x230A17A,26,ascii,What happened that day?   ,,si,
0x230A18C,0x230A1BE,50,ascii,"Well, he brought over the three\nsets of K-9, then ",,si,
0x230A1D4,0x230A1E6,18,ascii,"Wait, three sets? ",,si,
0x230A1F8,0x230A232,58,ascii,His whiteboard at Tokugawa\nPharmaceuticals said 100 sets. ,,si,
0x230A244,0x230A26E,42,ascii,That's ridiculous.  They're only\nsamples. ,,si,
0x230A280,0x230A2A2,34,ascii,What would we do with all those?  ,,si,
0x230A2B4,0x230A2FE,74,ascii,Give 'em out to people left and\nright? K-9's not even on the\nmarket yet.  ,,si,
0x230A310,0x230A33E,46,ascii,Point taken.  So we've got 97\nunaccounted for.,,si,
0x230A350,0x230A36E,30,ascii,Anything unusual about him?   ,,si,
0x230A380,0x230A3A6,38,ascii,"Actually, he did seem a little edgy.  ",,si,
0x230A3B8,0x230A3FA,66,ascii,"He was always so professional, but\nhe was more emotional that day.",,si,
0x230A40C,0x230A44E,66,ascii,Said he was going to meet with\nPresident Tokugawa after he left.  ,,si,
0x230A460,0x230A482,34,ascii,"That's what he told me, anyway.   ",,si,
0x230C002,0x230C00F,13,ascii,"322""C""!31""1P2",si,,
0x230CF22,0x230CF2D,11,ascii,50PcO46c53S,si,,
0x2310343,0x231034E,11,ascii,""" ""?!!%""4 o",,,
0x2311834,0x2311841,13,ascii,"fVUcefV!04%e,",si,,
0x2311876,0x2311880,10,ascii,"1T1QB2""3""S",si,,
0x2312E02,0x2312E0C,10,ascii,"a5oQT04""5C",si,,
0x2317262,0x231726C,10,ascii,445DDDDEEE,si,,
0x23173B2,0x23173BD,11,ascii,EDTCDCDSD5E,si,,
0x231B7E2,0x231B7EC,10,ascii,34eEegeewE,si,,
0x231B8A2,0x231B8AD,11,ascii,"4GFdVFue52""",si,,
0x231C482,0x231C48C,10,ascii,"!11""3CCC44",si,,
0x231C702,0x231C70E,12,ascii,3DDCSDDST5Ee,si,,
0x231E6C3,0x231E6CD,10,ascii,"""""2E3VUDFD",si,,
0x231F4A2,0x231F4AF,13,ascii,CEUUVfUUUDDDE,si,,
0x231F4E2,0x231F4EF,13,ascii,C4EUUFUE5TR4U,si,,
0x2324415,0x2324420,11,ascii," 33233""!444",si,,
0x23245B2,0x23245C1,15,ascii,"V6FDd3eC6ccUEE,",si,,
0x2332A32,0x2332A3D,11,ascii,"1""3CC3%55TA",si,,
0x2332AC2,0x2332ACC,10,ascii,"B3CDC5Esb""",si,,
0x233EBA6,0x233EBB1,11,ascii,"3DeDT4DeDd,",si,,
0x234DB35,0x234DB3F,10,ascii,33C344!3A.,si,,
0x235A912,0x235A91E,12,ascii,1D3BT4AETFe4,si,,
0x235ADD6,0x235ADE0,10,ascii,2D6VC2d3Tf,si,,
0x235AE83,0x235AE8E,11,ascii,"52S""4Sb1aT3",,si,
0x23668F2,0x23668FF,13,ascii,dNScE44A0Eb4?,si,,
0x2375FE6,0x2375FF1,11,ascii,"2C2nda0!CU,",si,,
0x2381C47,0x2381C51,10,ascii,"%N7bA""TJt9",si,,
0x2382F15,0x2382F20,11,ascii,DDR4c54BAFn,si,,
0x2382FF7,0x2383001,10,ascii,"E3CA5d43b,",si,,
0x2389DD2,0x2389DDC,10,ascii,2C!1u1U!PR,si,,
0x2392FA2,0x2392FB1,15,ascii,"UEaSDR%cbEEF4T,",si,,
0x2393316,0x2393321,11,ascii,"&4DF4C%52%,",si,,
0x2397D92,0x2397D9D,11,ascii,3CBC3%DTS4E,si,,
0x239E043,0x239E04E,11,ascii,2BBD4&5S3!b,si,,
0x239E922,0x239E92D,11,ascii,fvefTUT5d%F,si,,
0x23A28F0,0x23A2916,38,ascii,President Tokugawa? Good old\nSadaoki. ,,,
0x23A2928,0x23A2962,58,ascii,Regular Joes like me see him\nmaybe once in a blue moon.   ,,si,
0x23A2974,0x23A298E,26,ascii,But Hojo was different.   ,,si,
0x23A29A0,0x23A29DA,58,ascii,He got invited to eat with the\npresident pretty regularly.,,si,
0x23A29EC,0x23A2A26,58,ascii,The president prefers to associate\nwith other Japanese.   ,,si,
0x23A2A38,0x23A2A4A,18,ascii,Same racist fuck. ,,,
0x23A2A5C,0x23A2A8A,46,ascii,"Yeah, he's always been like that,\nbig-time.   ",,si,
0x23A2A9C,0x23A2AD6,58,ascii,The president might be able to tell\nyou more about him.   ,,si,
0x23A6222,0x23A622C,10,ascii,"!1""33SR3D4",si,,
0x23A79D2,0x23A79DC,10,ascii,"3%4s&SbEE""",si,,
0x23A8845,0x23A8850,11,ascii,1C33C333333,si,,
0x23A8892,0x23A88A0,14,ascii,ETEEETTETUTUTU,si,,
0x23A88A2,0x23A88B0,14,ascii,EUTTTEUUTUTEEU,si,,
0x23A88B2,0x23A88C0,14,ascii,TTTTEETTTETUDU,si,,
0x23A88D2,0x23A88E0,14,ascii,3C33C343C3C33C,si,,
0x23C1117,0x23C1121,10,ascii,"EB 0""& /A,",,,
0x23C4842,0x23C484E,12,ascii,dDEUEEF4FDC3,si,,
0x23D8572,0x23D8581,15,ascii,"A4433CaC1bR""D"",",si,,
0x23D89D2,0x23D89E0,14,ascii,"2!33""4DCD%ES4D",si,,
0x23D8B32,0x23D8B40,14,ascii,"""3323433D43433",si,,
0x23D8B62,0x23D8B6C,10,ascii,CTUdEDUUFB,si,,
0x23D8F27,0x23D8F31,10,ascii,"4A""%B!""4"",",si,,
0x23D99F5,0x23D9A00,11,ascii,"!""22""C2D343",si,,
0x23D9BA4,0x23D9BB0,12,ascii,23D4TDDeFCCE,si,,
0x23D9BB2,0x23D9BC0,14,ascii,"UfEUT333""34C3D",si,,
0x23D9C12,0x23D9C20,14,ascii,3CCC3333333D43,si,,
0x23D9E25,0x23D9E31,12,ascii,"E14233CBRCP,",si,,
0x23DA282,0x23DA28F,13,ascii,"VUcETD44333C""",si,,
0x23DA2E2,0x23DA2F0,14,ascii,"53CC4""ST%4""2DT",si,,
0x23EBB22,0x23EBB2C,10,ascii,2aBc4C%Dc ,,,
0x24050F0,0x240510E,30,ascii,Where would we find Sadaoki?  ,,si,
0x2405120,0x2405152,50,ascii,The president will be at the\nTokugawa Building.   ,,si,
0x2405178,0x24051AE,54,ascii,It's the massive pillar in the middle\nof the colony.  ,,si,
0x24051C0,0x24051DA,26,ascii,"We all call it the ""Prop"".",,si,
0x24051EC,0x2405216,42,ascii,That's where he spends most of\nhis time.  ,,si,
0x2405228,0x240526A,66,ascii,"Yeah, everybody here knows it. \nOne of Beyond's biggest\nlandmarks.",,si,
0x240527C,0x2405296,26,ascii,Time for some sightseeing.,,si,
0x2408242,0x240824D,11,ascii,2C34DTEVUFV,si,,
0x24096D2,0x24096DE,12,ascii,CB4CDS4DAWLN,si,,
0x240FCB2,0x240FCBD,11,ascii,CDUdsTFTeUF,si,,
0x2410632,0x241063E,12,ascii,T4DDTDDSD4us,,si,
0x24140F4,0x24140FE,10,ascii,"""!""ABA54EU",si,,
0x2414462,0x241446C,10,ascii,"4UGSEc2""3A",si,,
0x241C174,0x241C17E,10,ascii,"4""4BTRcDE""",si,,
0x24236A5,0x24236B1,12,ascii,",d04BF! GUdJ",,,
0x2426665,0x242666F,10,ascii,"""1!""1AAQQ2",si,,
0x2427F52,0x2427F5C,10,ascii,"""!2""Q34DC""",si,,
0x242DF14,0x242DF1E,10,ascii,553DaA5!SE,si,,
0x242EE92,0x242EE9F,13,ascii,UP51RQ3QA3D2c,,si,
0x242FB97,0x242FBA1,10,ascii,"epfb3S&V2,",si,,
0x24331C7,0x24331D1,10,ascii, b.4cO-3:&,,,
0x243B493,0x243B49E,11,ascii,"!""DDTfff62""",si,,
0x243D8D2,0x243D8DE,12,ascii,"""DeV2BeWfU13",si,,
0x2440494,0x244049F,11,ascii,/P2236%ccdT,si,,
0x2447BF2,0x2447BFD,11,ascii,"!!""""""232DDT",si,,
0x244B8B0,0x244B8D2,34,ascii,You don't... seem very happy\nhere.,,si,
0x244B8E4,0x244B8FA,22,ascii,Happy? You kidding me?,,si,
0x244B90C,0x244B91A,14,ascii,I'm not Hojo. ,,si,
0x244B92C,0x244B95A,46,ascii,I didn't know there were any of\nyou like that.,,si,
0x244B96C,0x244B9AA,62,ascii,There are things about Tokugawa\nyou just wouldn't understand. ,,si,
0x24571A2,0x24571B1,15,ascii,"CP21RN!3CB1R1c,",si,,
0x24581A2,0x24581B0,14,ascii,DDUUUEEDTDUFFU,si,,
0x2458912,0x2458920,14,ascii,4D4D3E33DD5C32,si,,
0x2458E22,0x2458E30,14,ascii,BU3ESDVT5ESDE4,si,,
0x2458E35,0x2458E40,11,ascii,3STTETdbUFE,si,,
0x2459C22,0x2459C30,14,ascii,"""!""!""""22333343",si,,
0x246BA73,0x246BA7D,10,ascii,bf&Gw5%b5D,si,,
0x246D762,0x246D76D,11,ascii,"!1B B1""33C3",,,
0x2484140,0x248415E,30,ascii,I guess we'll be on our way.  ,,si,
0x2484170,0x2484186,22,ascii,Thanks for your time. ,,si,
0x2484198,0x24841B2,26,ascii,Sorry this took so long.  ,,si,
0x24841C4,0x24841DE,26,ascii,"Shit, look at the time.   ",,si,
0x24841F0,0x248420E,30,ascii,Time is never truly wasted.   ,,si,
0x2484220,0x248422A,10,ascii,See you.  ,,si,
0x248423C,0x248424E,18,ascii,Exit's over there.,,si,
0x2484260,0x248426E,14,ascii,"Bye, officers.",,,
0x24949D2,0x24949DC,10,ascii,"""23""""2D4""""",si,,
0x2497AC2,0x2497ACD,11,ascii,"'""2%ddEgUee",si,,
0x249F8D4,0x249F8E1,13,ascii,2B3EVtuvvF b3,,,
0x24A0F02,0x24A0F11,15,ascii,"CUDdedUUdEUE4L""",si,,
0x24A8722,0x24A872C,10,ascii,4454EeeSSE,si,,
0x24B5A47,0x24B5A51,10,ascii,vB2R35Sa%+,si,,
0x24B6DC3,0x24B6DCD,10,ascii, !A22edV%!,,,
0x24B7577,0x24B7581,10,ascii,"Cn1a2BP B,",,,
0x24BB872,0x24BB87D,11,ascii,UUUUUUUUUUU,si,,
0x24BD880,0x24BD892,18,ascii,Ready to do this? ,,si,
0x24BD8A4,0x24BD8B6,18,ascii,Hojo's house....  ,,,
0x24BD8C8,0x24BD8D6,14,ascii,What's wrong? ,si,,
0x24BD8E8,0x24BD906,30,ascii,Something doesn't feel right. ,,,
0x24BD918,0x24BD93A,34,ascii,Maybe I shouldn't be doing this.  ,,si,
0x24BD94C,0x24BD956,10,ascii,"Jonathan, ",si,,
0x24BD968,0x24BD982,26,ascii,we're already in this now.,,si,
0x24BD994,0x24BD9AE,26,ascii,It's too late for that.   ,,si,
0x24BD9D8,0x24BD9EE,22,ascii,We have to do this.   ,,si,
0x24BDA00,0x24BDA0A,10,ascii,I know.   ,,,
0x24BDA1C,0x24BDA2E,18,ascii,Hojo's house....  ,,,
0x24BDA40,0x24BDA56,22,ascii,Lorraine's house....  ,,,
0x24C21D6,0x24C21E1,11,ascii,"?B""0D!?11!F",si,,
0x24DE347,0x24DE351,10,ascii,"""F!""11ACS+",si,,
0x2503FB7,0x2503FC1,10,ascii,"'TSD65EE5,",si,,
0x2505277,0x2505281,10,ascii,%C4363R4C+,si,,
0x2505795,0x25057A1,12,ascii,"4ECEcB%Drbo,",si,,
0x2505AA5,0x2505AB0,11,ascii,"""3A2""2b1RPB",si,,
0x2506675,0x2506680,11,ascii,"74BSBT2R""&E",si,,
0x2508F12,0x2508F20,14,ascii,"""""""233""3CTNQ32",si,,
0x2509204,0x2509211,13,ascii,"""""2TQABVT6dt%",si,,
0x250A5E7,0x250A5F1,10,ascii,"F0DCRRA3U,",si,,
0x250A646,0x250A650,10,ascii,"""""2""""""C 3!",,,
0x2510ED3,0x2510EE0,13,ascii,"!""0A"" 2!103""A",,,
0x2511695,0x25116A1,12,ascii,UGT3b23qDcD+,si,,
0x251A910,0x251A92A,26,ascii,This must be the place.   ,,si,
0x251A93C,0x251A95E,34,ascii,So this is where Lorraine lived.  ,,si,
0x251A970,0x251A9A2,50,ascii,"I guess we'll be talking to their\ndaughter, Karen.",,si,
0x251A9B4,0x251A9DA,38,ascii,Karen's a famous news anchor\nwith BBC.,,si,
0x251A9EC,0x251AA16,42,ascii,"Karen Hojo.  You've heard of her,\nright?  ",,si,
0x251AA28,0x251AA46,30,ascii,Lorraine told me about her.   ,,si,
0x251AA58,0x251AA72,26,ascii,Was that her I saw before?,,si,
0x251AA84,0x251AAAA,38,ascii,She's the spitting image of\nLorraine. ,,si,
0x251AABC,0x251AAD6,26,ascii,Lorraine's daughter....   ,,,
0x251AAE8,0x251AAFE,22,ascii,"Remember, Jonathan.   ",,,
0x251AB10,0x251AB26,22,ascii,It's been 30 years.   ,,si,
0x251AB38,0x251AB82,74,ascii,"I know it only feels like three to\nyou, but try to understand how it\nis   ",,si,
0x251AB94,0x251ABA6,18,ascii,for everyone else.,,si,
0x2522353,0x252235D,10,ascii,5%AC%DDRQc,si,,
0x252F402,0x252F40C,10,ascii,3E31RO6D3C,si,,
0x252FFD4,0x252FFE1,13,ascii,U24C335Q/RS0+,si,,
0x2541712,0x254171E,12,ascii,TTDEd6EoC5%3,si,,
0x2549D95,0x2549D9F,10,ascii,"""2""2%4""55B",si,,
0x25507E6,0x25507F0,10,ascii,"P5S""Q5S.J2",si,,
0x2561F52,0x2561F5C,10,ascii,CA12B0?B12,si,,
0x257D233,0x257D23E,11,ascii,DTEUTTfeOOU,si,,
0x2580142,0x258014C,10,ascii,cUT1SDQEd2,si,,
0x2589655,0x2589660,11,ascii,-1oP9O1/-.A,si,,
0x2594870,0x259487A,10,ascii,Who is it?,,si,
0x259488C,0x25948BE,50,ascii,We're with BCP.  May we speak\nwith you a minute?  ,,si,
0x25948D0,0x25948DE,14,ascii,The police?   ,si,si,
0x25948F0,0x25948FE,14,ascii,Just a moment.,,si,
0x2594910,0x2594942,50,ascii,May I see your badge? Hold it up\nto the camera.   ,,si,
0x2594954,0x259495E,10,ascii,This okay?,,si,
0x2596DF2,0x2596E00,14,ascii,"4432""""233C3333",si,,
0x259FB62,0x259FB6F,13,ascii,"ACA1E2SCB22C""",si,,
0x25B5FF2,0x25B6001,15,ascii,"C63Ad631eTB3%&,",si,,
0x25C6237,0x25C6241,10,ascii,"&O&/14R03,",si,,
0x25CB0F0,0x25CB0FA,10,ascii,Lorraine! ,si,,
0x25CB10C,0x25CB11E,18,ascii,I mean... Karen?  ,,,
0x25CB130,0x25CB146,22,ascii,"Yes, I'm Karen Hojo.  ",,si,
0x25CB158,0x25CB166,14,ascii,And you are?  ,,si,
0x25CB178,0x25CB18E,22,ascii,Jonathan Ingram...?   ,,,
0x25CB1A0,0x25CB1B6,22,ascii,"It's you, isn't it!   ",,si,
0x25CB1C8,0x25CB1D6,14,ascii,"Umm, yes...?  ",,si,
0x25D3417,0x25D3421,10,ascii," 312E1 T1,",,,
0x25E0BF2,0x25E0BFC,10,ascii,EoTfF2REBQ,si,,
0x25E1E52,0x25E1E5E,12,ascii,D2TF1DCR2S24,si,,
0x25E7BA6,0x25E7BB0,10,ascii,"""342R/0CC0",si,,
0x25EA284,0x25EA291,13,ascii,"VT22aS%F%c%3,",,si,
0x25F7082,0x25F708C,10,ascii,"-?CQSA/O?,",si,,
0x25FBF35,0x25FBF41,12,ascii," dBAf1""7ECe""",si,,
0x25FE922,0x25FE92C,10,ascii,"""O!131310!",si,,
0x25FF453,0x25FF461,14,ascii,WE4UC5cdd7udg+,,si,
0x2603110,0x260311E,14,ascii,And you are?  ,,si,
0x2603130,0x2603152,34,ascii,"I'm Ed Brown, with the Vice Unit. ",,si,
0x2603164,0x260318E,42,ascii,"You know, I used to know your\nmother too. ",,si,
0x26031A0,0x26031DE,62,ascii,Jonathan would never want to\nintentionally hurt any of you.   ,,si,
0x26031F0,0x2603206,22,ascii,He and I go way back. ,,si,
0x2603218,0x260324E,54,ascii,I've seen for myself how he feels\nabout your mother.  ,,si,
0x2610BF7,0x2610C01,10,ascii,6BTSQEUATF,si,,
0x2611675,0x261167F,10,ascii,"!3!""N3""!3!",si,,
0x26117C2,0x26117D0,14,ascii,"McA dC""2VbQP32",,,
0x2616A72,0x2616A7E,12,ascii,"2"".PSC0P013!",si,,
0x2634C53,0x2634C5E,11,ascii,Df2!cV6ETdT,si,,
0x2636352,0x263635C,10,ascii,"QSna DO""4A",,si,
0x2648920,0x2648936,22,ascii,I know how she felt.  ,,si,
0x2648948,0x264895E,22,ascii,She never forgot you. ,,si,
0x2648970,0x2648996,38,ascii,Always carried your photo with\nher.   ,,si,
0x26489A8,0x26489D6,46,ascii,Nothing my father said made any\ndifference.   ,,si,
0x26489E8,0x2648A02,26,ascii,I felt so sorry for him.  ,,si,
0x2648A14,0x2648A2E,26,ascii,She just couldn't let go. ,,si,
0x2648A40,0x2648A66,38,ascii,They were always fighting about\nit.   ,,si,
0x2648A78,0x2648A9E,38,ascii,I had to watch all that growing up.   ,,si,
0x2648AB0,0x2648AD2,34,ascii,I've despised you my entire life. ,,si,
0x265B8E2,0x265B8ED,11,ascii,"-""""Ba0A.31B",si,,
0x26631D6,0x26631E0,10,ascii,34S14bE621,,si,
0x266C2B3,0x266C2C0,13,ascii,"PFsC""AFT3!1Bn",si,,
0x26780B4,0x26780BE,10,ascii,"2!12!""!11 ",,,
0x26802F5,0x2680300,11,ascii,DTNQ1RSSDB3,si,,
0x2682142,0x2682150,14,ascii,Gs46TR56SCEUVT,si,,
0x2689CE2,0x2689CEC,10,ascii,"""""3""23333!",si,,
0x268C9C2,0x268C9CD,11,ascii,5B}/2rD!4c3,si,,
0x268E866,0x268E871,11,ascii,".1""63!E4n5,",si,,
0x269D323,0x269D32E,11,ascii,"fE4!0?VbR ,",,,
0x26A6940,0x26A695A,26,ascii,I'm sorry.  I had no idea.,,si,
0x26A696C,0x26A699A,46,ascii,"Karen, I can't say I know how you\nmust feel.  ",,si,
0x26A69AC,0x26A69CA,30,ascii,But you can't blame Jonathan. ,,si,
0x26A69DC,0x26A6A06,42,ascii,He'd been lost in space until 3\nyears ago.,,si,
0x26A6A18,0x26A6A2E,22,ascii,"Karen, listen to me.  ",,si,
0x26A6A40,0x26A6A8E,78,ascii,You and your father could be\ninvolved in something bigger than\nyou realize.   ,,si,
0x26A6AA0,0x26A6ACE,46,ascii,I wanna help the both of you any\nway I can.   ,,si,
0x26A6AE0,0x26A6B02,34,ascii,"You have to believe him, Karen.   ",,si,
0x26ACDA2,0x26ACDAE,12,ascii,DDCTD4DD333C,si,,
0x26AE917,0x26AE921,10,ascii,"""R6dC2TS"",",si,,
0x26AED56,0x26AED60,10,ascii,/n3pCC3D0 ,,,
0x26B1ED5,0x26B1EDF,10,ascii,"""4V%U0AEb""",si,,
0x26B9DC4,0x26B9DCE,10,ascii,B&C!!-TABT,si,,
0x26BC2F6,0x26BC300,10,ascii, o12R as5b,,si,
0x26BE7E7,0x26BE7F1,10,ascii,/ OGu3VT35,,,
0x26CE592,0x26CE59E,12,ascii,/RE3&T3C2QeD,si,,
0x26E6297,0x26E62A1,10,ascii,"G/""11 t&E,",,,
0x26EBEC2,0x26EBECC,10,ascii,TDED5ED3 1,,,
0x26F0EF2,0x26F0EFD,11,ascii,"""2BB2C2B2RP",si,,
0x26FE664,0x26FE66E,10,ascii,"M!?d"" 2?"" ",,,
0x2706F32,0x2706F3C,10,ascii,1C0CAAB1D3,si,,
0x2710090,0x271009A,10,ascii,You win.  ,,si,
0x27100AC,0x27100CA,30,ascii,Come on.  We can talk inside. ,,si,
0x27100DC,0x27100E6,10,ascii,Thanks.   ,si,,
0x271C647,0x271C651,10,ascii,". 2R/""0QB8",,,
0x271CC62,0x271CC6D,11,ascii,D/!/!j1 DB5,,,
0x2722736,0x2722740,10,ascii,"2!2""/""Q?!Q",si,,
0x27290D0,0x27290EE,30,ascii,So where do you want to start?,,si,
0x2729100,0x2729122,34,ascii,"You had me outside, but man....   ",,si,
0x2729134,0x272914A,22,ascii,Check this place out. ,,si,
0x2731562,0x2731570,14,ascii,DDCDDDDCTUVUUe,si,,
0x2731572,0x2731580,14,ascii,UeUUUVUVUUeUeU,si,,
0x2731582,0x2731590,14,ascii,33CD33D33D33D4,si,,
0x2734902,0x273490C,10,ascii,5TBaCsS4rS,si,,
0x273AAF3,0x273AB00,13,ascii,"!""433C33C3333",si,,
0x273AB02,0x273AB10,14,ascii,433C3C3C33343C,si,,
0x273AB12,0x273AB20,14,ascii,3333C33C334C33,si,,
0x273AB22,0x273AB30,14,ascii,3C3C3433343C33,si,,
0x273AB32,0x273AB40,14,ascii,33433C334C3EUT,si,,
0x273AB42,0x273AB50,14,ascii,UUDUTUEEUTUTEU,si,,
0x273AB52,0x273AB60,14,ascii,UUTUUUUTUTEETE,si,,
0x273AB62,0x273AB70,14,ascii,UEUUEUEUUETEUU,si,,
0x273AB72,0x273AB80,14,ascii,TTEUEUTUUEUTUU,si,,
0x273AB92,0x273ABA0,14,ascii,443434C3C4C334,si,,
0x273ABA2,0x273ABB0,14,ascii,43434C3C443344,si,,
0x273ABB2,0x273ABC0,14,ascii,3434C3C443444C,si,,
0x273EE64,0x273EE6F,11,ascii,FVUCCT3p4We,,si,
0x2746980,0x2746996,22,ascii,About your mother.... ,,si,
0x27469A8,0x27469CE,38,ascii,I held a makeshift funeral for her.   ,,si,
0x27469E0,0x2746A16,54,ascii,She didn't have many friends.  It\nwas just me there.  ,,si,
0x2746A28,0x2746A4E,38,ascii,I don't think we'll get her body\nback.,,si,
0x2746A60,0x2746A7E,30,ascii,What's happened to her body?  ,,si,
0x2746A90,0x2746AA6,22,ascii,It's still on Home.   ,,si,
0x2746AB8,0x2746AD6,30,ascii,I'd settle for just her ashes.,,si,
0x2746AE8,0x2746AF6,14,ascii,"Unfortunately,",si,,
0x2746B08,0x2746B4A,66,ascii,I can't see them allowing a body to\nbe brought into the colony.   ,,si,
0x2746B5C,0x2746B86,42,ascii,My father would be devastated if\nhe knew. ,,si,
0x2746B98,0x2746BAA,18,ascii,And her things?   ,,si,
0x2746BBC,0x2746BD6,26,ascii,No luck with them either. ,,si,
0x2746BE8,0x2746C0A,34,ascii,I see.  I'm sorry to hear that.   ,,si,
0x2746C1C,0x2746C46,42,ascii,Your mother asked me to look out\nfor you. ,,si,
0x2746C58,0x2746C6A,18,ascii,She... said that? ,,si,
0x2749315,0x2749321,12,ascii," . ""!""4"" / 2",,,
0x274B9C6,0x274B9D0,10,ascii,"3R2""5152RB",si,,
0x274BF22,0x274BF31,15,ascii,EQr2Ec3T4RpQ2F+,si,,
0x274C822,0x274C82D,11,ascii,1203APPOQn3,si,,
0x274CAA6,0x274CAB0,10,ascii,%32R4SQA3D,si,,
0x274CD86,0x274CD91,11,ascii,"C!c3ooC1QC,",si,,
0x274D494,0x274D49E,10,ascii,"U ER2""C2S1",,,
0x2757F63,0x2757F6F,12,ascii," /!""""334SB%%",si,,
0x2768022,0x276802C,10,ascii,bbSAQe21ad,si,,
0x2773753,0x277375D,10,ascii,RTR3E5Qn%4,si,,
0x2779E17,0x2779E21,10,ascii,"3/&/2Q,%3+",si,,
0x2785C16,0x2785C21,11,ascii," 3""4N1 C!Q+",,,
0x2787702,0x278770E,12,ascii,"%D3D5B4""2!2!",si,,
0x278AA23,0x278AA2D,10,ascii,DG3%/seGbE,si,,
0x278FC92,0x278FC9C,10,ascii,apqObV2DC!,si,,
0x27927D2,0x27927DC,10,ascii,"!  !0111""""",,,
0x2796002,0x2796010,14,ascii,DDCDEDTTTT3233,si,,
0x279FAE7,0x279FAF1,10,ascii,T?EUW1DB&+,si,,
0x27BC527,0x27BC531,10,ascii,"B23"" Q.DC+",,,
0x27C30F6,0x27C3101,11,ascii,"20O""1T/ """"+",,,
0x27C6C74,0x27C6C81,13,ascii,?24TR.S4C532+,si,,
0x27CEF84,0x27CEF8E,10,ascii,.bC.6P%a15,si,,
0x27CF602,0x27CF60D,11,ascii,"2""45B1BU04O",si,,
0x27D6070,0x27D6086,22,ascii,What's with this one? ,,si,
0x27D6098,0x27D60AA,18,ascii,There's no music. ,,si,
0x27D60D4,0x27D60EA,22,ascii,It's just... noise.   ,,si,
0x27E6FD2,0x27E6FDC,10,ascii,/0TNBR q3G,,,
0x27E7002,0x27E700C,10,ascii,"""F""!0""S2R.",si,,
0x27ED562,0x27ED570,14,ascii,DDDDDDCDDUUVee,si,,
0x27ED572,0x27ED580,14,ascii,UVUeUVVeUUVeeU,si,,
0x27ED582,0x27ED590,14,ascii,33CCDC4C4D4D3D,si,,
0x27ED672,0x27ED680,14,ascii,!    !     !  ,,,
0x27ED682,0x27ED691,15,ascii,"  !     !    !,",,,
0x27EF0F0,0x27EF10A,26,ascii,"That was CG too, was it?  ",,si,
0x27EF11C,0x27EF132,22,ascii,"Yes, that's correct.  ",,si,
0x27EF144,0x27EF15A,22,ascii,Was that pre-recorded?,,si,
0x27EF16C,0x27EF17A,14,ascii,"No, it's CG.  ",,si,
0x27EF18C,0x27EF1AA,30,ascii,They use a computer to create ,,si,
0x27EF1BC,0x27EF1D6,26,ascii,an exact duplicate of me. ,,si,
0x280A162,0x280A170,14,ascii,333333CDDCDDDD,si,,
0x280A1F2,0x280A200,14,ascii,DDDCDD4DDDDDDD,si,,
0x280A202,0x280A210,14,ascii,DDDDDDDCDD4DDD,si,,
0x280A212,0x280A220,14,ascii,CDDDDDDDDDDDDD,si,,
0x280A222,0x280A230,14,ascii,4DDDCDDDDDDDD4,si,,
0x280A232,0x280A240,14,ascii,UUfffVUUfffUUe,si,,
0x280A242,0x280A250,14,ascii,ffVUUfffUUUfff,si,,
0x280A252,0x280A260,14,ascii,UUeffVUUfffUUe,si,,
0x280A262,0x280A270,14,ascii,fffUUeffVUUfff,si,,
0x280A272,0x280A280,14,ascii,UUeffVUUDETDDD,si,,
0x280A282,0x280A290,14,ascii,DDDETDEDDDDDDD,si,,
0x280A292,0x280A2A0,14,ascii,ETDEDDDDDTDETD,si,,
0x280A2A2,0x280A2B0,14,ascii,DDDDDETDEDDDDD,si,,
0x280A2B2,0x280A2C0,14,ascii,TDETDDDDDDDTDE,si,,
0x2817205,0x281720F,10,ascii,"6Q2""&B4AVO",si,,
0x2818802,0x2818810,14,ascii,DDTDETDDDDDDET,si,,
0x2818812,0x2818820,14,ascii,DEDDDDDDDETDED,si,,
0x2818822,0x2818830,14,ascii,DDDDTDETDDDDDD,si,,
0x2818832,0x2818840,14,ascii,ETDEDDDDDTDETD,si,,
0x2818842,0x2818850,14,ascii,EDDDDDTDETDDDD,si,,
0x2818852,0x2818860,14,ascii,DDETDEDDDDDTDE,si,,
0x2818862,0x2818870,14,ascii,TDDDDDDETDETDD,si,,
0x2818872,0x2818880,14,ascii,DDDDETDEDDDDDT,si,,
0x2818882,0x2818890,14,ascii,DETDDDDDDETDED,si,,
0x2818892,0x28188A0,14,ascii,DDDDTDETDEDDDD,si,,
0x28188A2,0x28188B0,14,ascii,DTDETDDDDDDETD,si,,
0x28188B2,0x28188C0,14,ascii,EDDDDDTDETDDDD,si,,
0x28188C2,0x28188D0,14,ascii,DDETDETDDDDDDE,si,,
0x28188D2,0x28188E0,14,ascii,TDEDDDDDTDETDD,si,,
0x28188E2,0x28188F0,14,ascii,DDDDETDEDDDDDT,si,,
0x28188F2,0x2818900,14,ascii,DETDEDDDDDTDET,si,,
0x2818902,0x2818910,14,ascii,DDDDDDETDEDDDD,si,,
0x2818912,0x2818920,14,ascii,DTDETDDDDDDETD,si,,
0x2818922,0x2818930,14,ascii,ETDDDDDDETDEDD,si,,
0x2818932,0x2818940,14,ascii,DDDTDETDDDDDDE,si,,
0x2818942,0x2818950,14,ascii,TDEDDDDDTDETDE,si,,
0x2818952,0x2818960,14,ascii,DDDDDTDETDDDDD,si,,
0x2818962,0x2818970,14,ascii,DETDEDDDDDTDET,si,,
0x2818972,0x2818980,14,ascii,DDDDDDDTDETDDD,si,,
0x2818982,0x2818990,14,ascii,DDDETDEDDDDDTD,si,,
0x2818992,0x28189A0,14,ascii,ETDDDDDDETDEDD,si,,
0x28189A2,0x28189B0,14,ascii,DDDDDETDEDDDDD,si,,
0x28189B2,0x28189C0,14,ascii,TDETDDDDDDETDE,si,,
0x28189C2,0x28189D0,14,ascii,DDDDDTDETDDDDD,si,,
0x28189D2,0x28189E0,14,ascii,DDTDETDDDDDDET,si,,
0x28189E2,0x28189F0,14,ascii,DEDDDDDTDETDDD,si,,
0x28189F2,0x2818A00,14,ascii,DDDETDEDDDDDDD,si,,
0x2818A02,0x2818A10,14,ascii,ETDEDDDDDTDETD,si,,
0x2818A12,0x2818A20,14,ascii,DDDDDETDEDDDDD,si,,
0x2818A22,0x2818A30,14,ascii,TDETDDDDDDDTDE,si,,
0x2818A32,0x2818A40,14,ascii,TDDDDDDETDEDDD,si,,
0x2818A42,0x2818A50,14,ascii,DDTDETDDDDDDET,si,,
0x2818A52,0x2818A60,14,ascii,DEDDDDDDDETDED,si,,
0x2818A62,0x2818A70,14,ascii,DDDDTDETDDDDDD,si,,
0x2818A72,0x2818A80,14,ascii,ETDEDDDDDTDETD,si,,
0x2818A82,0x2818A90,14,ascii,DDDDDDTDETDDDD,si,,
0x2818A92,0x2818AA0,14,ascii,DDETDEDDDDDTDE,si,,
0x2818AA2,0x2818AB0,14,ascii,TDDDDDDETDETDD,si,,
0x2818AB2,0x2818AC0,14,ascii,DDDDETDEDDDDDT,si,,
0x2818AC2,0x2818AD0,14,ascii,DETDDDDDDETDED,si,,
0x2818AD2,0x2818AE0,14,ascii,DDDDTDETDEDDDD,si,,
0x2818AE2,0x2818AF0,14,ascii,DTDETDDDDDDETD,si,,
0x2818AF2,0x2818B00,14,ascii,EDDDDDTDETDDDD,si,,
0x2818B02,0x2818B10,14,ascii,DDETDETDDDDDDE,si,,
0x2818B12,0x2818B20,14,ascii,TDEDDDDDTDETDD,si,,
0x2818B22,0x2818B30,14,ascii,DDDDETDEDDDDDT,si,,
0x2818B32,0x2818B40,14,ascii,DETDEDDDDDTDET,si,,
0x2818B42,0x2818B50,14,ascii,DDDDDDETDEDDDD,si,,
0x2818B52,0x2818B60,14,ascii,DTDETDDDDDDETD,si,,
0x2818B62,0x2818B70,14,ascii,ETDDDDDDETDEDD,si,,
0x2818B72,0x2818B80,14,ascii,DDDTDETDDDDDDE,si,,
0x2818B82,0x2818B90,14,ascii,TDEDDDDDTDETDE,si,,
0x2818B92,0x2818BA0,14,ascii,DDDDDTDETDDDDD,si,,
0x2818BA2,0x2818BB0,14,ascii,DETDEDDDDDTDET,si,,
0x2818BB2,0x2818BC0,14,ascii,DDDDDDETDETDDD,si,,
0x2818BC2,0x2818BD0,14,ascii,DDDETDEDDDDDTD,si,,
0x2818BD2,0x2818BE0,14,ascii,ETDDDDDDETDEDD,si,,
0x2818BE2,0x2818BF0,14,ascii,DDDTDETDEDDDDD,si,,
0x2818BF2,0x2818C00,14,ascii,TDETDDDDDDETDE,si,,
0x2818C02,0x2818C10,14,ascii,DDDDDTDETDDDDD,si,,
0x2818C12,0x2818C20,14,ascii,DDTDETDDDDDDET,si,,
0x2818C22,0x2818C30,14,ascii,DEDDDDDTDETDDD,si,,
0x2818C32,0x2818C40,14,ascii,DDDETDEDDDDDDD,si,,
0x2818C42,0x2818C50,14,ascii,ETDEDDDDDTDETD,si,,
0x2818C52,0x2818C60,14,ascii,DDDDDETDEDDDDD,si,,
0x2818C62,0x2818C70,14,ascii,TDETDDDDDDDTDE,si,,
0x2818C72,0x2818C80,14,ascii,TDDDDDDETDEDDD,si,,
0x2818C82,0x2818C90,14,ascii,DDTDETDDDDDDET,si,,
0x2818C92,0x2818CA0,14,ascii,DEDDDDDDDETDED,si,,
0x2818CA2,0x2818CB0,14,ascii,DDDDTDETDDDDDD,si,,
0x2818CB2,0x2818CC0,14,ascii,ETDEDDDDDTDETD,si,,
0x2818CC2,0x2818CD0,14,ascii,DDDDDDTDETDDDD,si,,
0x2818CD2,0x2818CE0,14,ascii,DDETDEDDDDDTDE,si,,
0x2818CE2,0x2818CF0,14,ascii,TDDDDDDETDEDDD,si,,
0x2818CF2,0x2818D00,14,ascii,DDDDETDEDDDDDT,si,,
0x2818D02,0x2818D10,14,ascii,DETDDDDDDETDED,si,,
0x2818D12,0x2818D20,14,ascii,DDDDTDETDDDDDD,si,,
0x2818D22,0x2818D30,14,ascii,DTDETDDDDDDETD,si,,
0x2818D32,0x2818D40,14,ascii,EDDDDDTDETDDDD,si,,
0x2818D42,0x2818D50,14,ascii,DDETDETDDDDDDE,si,,
0x2818D52,0x2818D60,14,ascii,TDEDDDDDTDETDD,si,,
0x2818D62,0x2818D70,14,ascii,DDDDETDEDDDDDT,si,,
0x2818D72,0x2818D80,14,ascii,DETDEDDDDDTDET,si,,
0x2818D82,0x2818D90,14,ascii,DDDDDDETDEDDDD,si,,
0x2818D92,0x2818DA0,14,ascii,DTDETDDDDDDETD,si,,
0x2818DA2,0x2818DB0,14,ascii,ETDDDDDDETDEDD,si,,
0x2818DB2,0x2818DC0,14,ascii,DDDTDETDDDDDDE,si,,
0x2818DC2,0x2818DD0,14,ascii,TDEDDDDDTDETDE,si,,
0x2818DD2,0x2818DE0,14,ascii,DDDDDTDETDDDDD,si,,
0x2818DE2,0x2818DF0,14,ascii,DETDEDDDDDTDET,si,,
0x2818DF2,0x2818E00,14,ascii,DDDDDDETDETDDD,si,,
0x2818E02,0x2818E10,14,ascii,DDDETDEDDDDDTD,si,,
0x2818E12,0x2818E20,14,ascii,ETDDDDDDETDEDD,si,,
0x2818E22,0x2818E30,14,ascii,DDDTDETDEDDDDD,si,,
0x2818E32,0x2818E40,14,ascii,TDETDDDDDDETDE,si,,
0x2818E42,0x2818E50,14,ascii,DDDDDTDETDDDDD,si,,
0x2818E52,0x2818E60,14,ascii,DETDETDDDDDDET,si,,
0x2818E62,0x2818E70,14,ascii,DEDDDDDTDETDDD,si,,
0x2818E72,0x2818E80,14,ascii,DDDETDEDDDDDDD,si,,
0x2818E82,0x2818E90,14,ascii,ETDEDDDDDTDETD,si,,
0x2818E92,0x2818EA0,14,ascii,DDDDDETDEDDDDD,si,,
0x2818EA2,0x2818EB0,14,ascii,TDETDDDDDDDTDE,si,,
0x2818EB2,0x2818EC0,14,ascii,TDDDDDDETDEDDD,si,,
0x2818EC2,0x2818ED0,14,ascii,DDTDETDDDDDDET,si,,
0x2818ED2,0x2818EE0,14,ascii,DEDDDDDDDETDED,si,,
0x2818EE2,0x2818EF0,14,ascii,DDDDTDETDDDDDD,si,,
0x2818EF2,0x2818F00,14,ascii,ETDEDDDDDTDETD,si,,
0x2818F02,0x2818F10,14,ascii,DDDDDDTDETDDDD,si,,
0x2818F12,0x2818F20,14,ascii,DDETDEDDDDDTDE,si,,
0x2818F22,0x2818F30,14,ascii,TDDDDDDETDEDDD,si,,
0x2818F32,0x2818F40,14,ascii,DDDDETDEDDDDDT,si,,
0x2818F42,0x2818F50,14,ascii,DETDDDDDDETDED,si,,
0x2818F52,0x2818F60,14,ascii,DDDDTDETDDDDDD,si,,
0x2818F62,0x2818F70,14,ascii,DTDETDDDDDDETD,si,,
0x2818F72,0x2818F80,14,ascii,EDDDDDTDETDDDD,si,,
0x2818F82,0x2818F90,14,ascii,DDETDEDDDDDDDE,si,,
0x2818F92,0x2818FA0,14,ascii,TDEDDDDDTDETDD,si,,
0x2818FA2,0x2818FB0,14,ascii,DDDDETDEDDDDDT,si,,
0x2818FB2,0x2818FC0,14,ascii,DETDEDDDDDTDET,si,,
0x2818FC2,0x2818FD0,14,ascii,DDDDDDETDEDDDD,si,,
0x2818FD2,0x2818FE0,14,ascii,DTDETDDDDDDETD,si,,
0x2818FE2,0x2818FF0,14,ascii,ETDDDDDDETDEDD,si,,
0x2818FF2,0x2819000,14,ascii,DDDTDETDDDDDDE,si,,
0x2819002,0x2819010,14,ascii,TDEDDDDDTDETDE,si,,
0x2819012,0x2819020,14,ascii,DDDDDTDETDDDDD,si,,
0x2819022,0x2819030,14,ascii,DETDEDDDDDTDET,si,,
0x2819032,0x2819040,14,ascii,DDDDDDETDETDDD,si,,
0x2819042,0x2819050,14,ascii,DDDETDEDDDDDTD,si,,
0x2819052,0x2819060,14,ascii,ETDDDDDDETDEDD,si,,
0x2819062,0x2819070,14,ascii,DDDTDETDEDDDDD,si,,
0x2819072,0x2819080,14,ascii,TDETDDDDDDETDE,si,,
0x2819082,0x2819090,14,ascii,DDDDDTDETDDDDD,si,,
0x2819092,0x28190A0,14,ascii,DETDETDDDDDDET,si,,
0x28190A2,0x28190B0,14,ascii,DEDDDDDTDETDDD,si,,
0x28190B2,0x28190C0,14,ascii,DDDETDEDDDDDTD,si,,
0x28190C2,0x28190D0,14,ascii,ETDEDDDDDTDETD,si,,
0x28190D2,0x28190E0,14,ascii,DDDDDETDEDDDDD,si,,
0x28190E2,0x28190F0,14,ascii,TDETDDDDDDDTDE,si,,
0x28190F2,0x2819100,14,ascii,TDDDDDDETDEDDD,si,,
0x2819102,0x2819110,14,ascii,DDTDETDDDDDDET,si,,
0x2819112,0x2819120,14,ascii,DEDDDDDDDETDED,si,,
0x2819122,0x2819130,14,ascii,DDDDTDETDDDDDD,si,,
0x2819132,0x2819140,14,ascii,ETDEDDDDDTDETD,si,,
0x2819142,0x2819150,14,ascii,DDDDDDTDETDDDD,si,,
0x2819152,0x2819160,14,ascii,DDETDEDDDDDTDE,si,,
0x2819162,0x2819170,14,ascii,TDDDDDDETDEDDD,si,,
0x2819172,0x2819180,14,ascii,DDDDETDEDDDDDT,si,,
0x2819182,0x2819190,14,ascii,DETDDDDDDETDED,si,,
0x2819192,0x28191A0,14,ascii,DDDDTDETDDDDDD,si,,
0x28191A2,0x28191B0,14,ascii,DTDETDDDDDDETD,si,,
0x28191B2,0x28191C0,14,ascii,EDDDDDTDETDDDD,si,,
0x28191C2,0x28191D0,14,ascii,DDETDEDDDDDDDE,si,,
0x28191D2,0x28191E0,14,ascii,TDEDDDDDTDETDD,si,,
0x28191E2,0x28191F0,14,ascii,DDDDETDEDDDDDT,si,,
0x28191F2,0x2819200,14,ascii,DETDDDDDDDTDET,si,,
0x2819202,0x2819210,14,ascii,DDDDDDETDEDDDD,si,,
0x2819212,0x2819220,14,ascii,DTDETDDDDDDETD,si,,
0x2819222,0x2819230,14,ascii,ETDDDDDDETDEDD,si,,
0x2819232,0x2819240,14,ascii,DDDTDETDDDDDDE,si,,
0x2819242,0x2819250,14,ascii,TDEDDDDDTDETDE,si,,
0x2819252,0x2819260,14,ascii,DDDDDTDETDDDDD,si,,
0x2819262,0x2819270,14,ascii,DETDEDDDDDTDET,si,,
0x2819272,0x2819280,14,ascii,DDDDDDETDETDDD,si,,
0x2819282,0x2819290,14,ascii,DDDETDEDDDDDTD,si,,
0x2819292,0x28192A0,14,ascii,ETDDDDDDETDEDD,si,,
0x28192A2,0x28192B0,14,ascii,DDDTDETDEDDDDD,si,,
0x28192B2,0x28192C0,14,ascii,TDETDDDDDDETDE,si,,
0x28192C2,0x28192D0,14,ascii,DDDDDTDETDDDDD,si,,
0x28192D2,0x28192E0,14,ascii,DETDETDDDDDDET,si,,
0x28192E2,0x28192F0,14,ascii,DEDDDDDTDETDDD,si,,
0x28192F2,0x2819300,14,ascii,DDDETDEDDDDDTD,si,,
0x2819302,0x2819310,14,ascii,ETDEDDDDDTDETD,si,,
0x2819312,0x2819320,14,ascii,DDDDDETDEDDDDD,si,,
0x2819322,0x2819330,14,ascii,TDETDDDDDDETDE,si,,
0x2819332,0x2819340,14,ascii,TDDDDDDETDEDDD,si,,
0x2819342,0x2819350,14,ascii,DDTDETDDDDDDET,si,,
0x2819352,0x2819360,14,ascii,DEDDDDDDDETDED,si,,
0x2819362,0x2819370,14,ascii,DDDDTDETDDDDDD,si,,
0x2819372,0x2819380,14,ascii,ETDEDDDDDTDETD,si,,
0x2819382,0x2819390,14,ascii,DDDDDDTDETDDDD,si,,
0x2819392,0x28193A0,14,ascii,DDETDEDDDDDTDE,si,,
0x28193A2,0x28193B0,14,ascii,TDDDDDDETDEDDD,si,,
0x28193B2,0x28193C0,14,ascii,DDDDETDEDDDDDT,si,,
0x28193C2,0x28193D0,14,ascii,DETDDDDDDETDED,si,,
0x28193D2,0x28193E0,14,ascii,DDDDTDETDDDDDD,si,,
0x28193E2,0x28193F0,14,ascii,DTDETDDDDDDETD,si,,
0x28193F2,0x2819400,14,ascii,EDDDDDTDETDDDD,si,,
0x2819402,0x2819410,14,ascii,DDETDEDDDDDDDE,si,,
0x2819412,0x2819420,14,ascii,TDEDDDDDTDETDD,si,,
0x2819422,0x2819430,14,ascii,DDDDETDEDDDDDT,si,,
0x2819432,0x2819440,14,ascii,DETDDDDDDDTDET,si,,
0x2819442,0x2819450,14,ascii,DDDDDDETDEDDDD,si,,
0x2819452,0x2819460,14,ascii,DTDETDDDDDDETD,si,,
0x2819462,0x2819470,14,ascii,EDDDDDDDETDEDD,si,,
0x2819472,0x2819480,14,ascii,DDDTDETDDDDDDE,si,,
0x2819482,0x2819490,14,ascii,TDEDDDDDTDETDE,si,,
0x2819492,0x28194A0,14,ascii,DDDDDTDETDDDDD,si,,
0x28194A2,0x28194B0,14,ascii,DETDEDDDDDTDET,si,,
0x28194B2,0x28194C0,14,ascii,DDDDDDETDETDDD,si,,
0x28194C2,0x28194D0,14,ascii,DDDETDEDDDDDTD,si,,
0x28194D2,0x28194E0,14,ascii,ETDDDDDDETDEDD,si,,
0x28194E2,0x28194F0,14,ascii,DDDTDETDEDDDDD,si,,
0x28194F2,0x2819500,14,ascii,TDETDDDDDDETDE,si,,
0x2819502,0x2819510,14,ascii,DDDDDTDETDDDDD,si,,
0x2819512,0x2819520,14,ascii,DETDETDDDDDDET,si,,
0x2819522,0x2819530,14,ascii,DEDDDDDTDETDDD,si,,
0x2819532,0x2819540,14,ascii,DDDETDEDDDDDTD,si,,
0x2819542,0x2819550,14,ascii,ETDEDDDDDTDETD,si,,
0x2819552,0x2819560,14,ascii,DDDDDETDEDDDDD,si,,
0x2819562,0x2819570,14,ascii,TDETDDDDDDETDE,si,,
0x2819572,0x2819580,14,ascii,TDDDDDDETDEDDD,si,,
0x2819582,0x2819590,14,ascii,DDTDETDDDDDDET,si,,
0x2819592,0x28195A0,14,ascii,DEDDDDDTDETDED,si,,
0x28195A2,0x28195B0,14,ascii,DDDDTDETDDDDDD,si,,
0x28195B2,0x28195C0,14,ascii,ETDEDDDDDTDETD,si,,
0x28195C2,0x28195D0,14,ascii,DDDDDDTDETDDDD,si,,
0x28195D2,0x28195E0,14,ascii,DDETDEDDDDDTDE,si,,
0x28195E2,0x28195F0,14,ascii,TDDDDDDETDEDDD,si,,
0x28195F2,0x2819600,14,ascii,DDDDETDEDDDDDT,si,,
0x2819602,0x2819610,14,ascii,DETDDDDDDETDED,si,,
0x2819612,0x2819620,14,ascii,DDDDTDETDDDDDD,si,,
0x2819622,0x2819630,14,ascii,DTDETDDDDDDETD,si,,
0x2819632,0x2819640,14,ascii,EDDDDDTDETDDDD,si,,
0x2819642,0x2819650,14,ascii,DDETDEDDDDDDDE,si,,
0x2819652,0x2819660,14,ascii,TDEDDDDDTDETDD,si,,
0x2819662,0x2819670,14,ascii,DDDDETDEDDDDDT,si,,
0x2819672,0x2819680,14,ascii,DETDDDDDDDTDET,si,,
0x2819682,0x2819690,14,ascii,DDDDDDETDEDDDD,si,,
0x2819692,0x28196A0,14,ascii,DTDETDDDDDDETD,si,,
0x28196A2,0x28196B0,14,ascii,EDDDDDDDETDEDD,si,,
0x28196B2,0x28196C0,14,ascii,DDDTDETDDDDDDE,si,,
0x28196C2,0x28196D0,14,ascii,TDEDDDDDTDETDD,si,,
0x28196D2,0x28196E0,14,ascii,DDDDDTDETDDDDD,si,,
0x28196E2,0x28196F0,14,ascii,DETDEDDDDDTDET,si,,
0x28196F2,0x2819700,14,ascii,DDDDDDETDETDDD,si,,
0x2819702,0x2819710,14,ascii,DDDETDEDDDDDTD,si,,
0x2819712,0x2819720,14,ascii,ETDDDDDDETDEDD,si,,
0x2819722,0x2819730,14,ascii,DDDTDETDEDDDDD,si,,
0x2819732,0x2819740,14,ascii,TDETDDDDDDETDE,si,,
0x2819742,0x2819750,14,ascii,DDDDDTDETDDDDD,si,,
0x2819752,0x2819760,14,ascii,DETDETDDDDDDET,si,,
0x2819762,0x2819770,14,ascii,DEDDDDDTDETDDD,si,,
0x2819772,0x2819780,14,ascii,DDDETDEDDDDDTD,si,,
0x2819782,0x2819790,14,ascii,ETDEDDDDDTDETD,si,,
0x2819792,0x28197A0,14,ascii,DDDDDETDEDDDDD,si,,
0x28197A2,0x28197B0,14,ascii,TDETDDDDDDETDE,si,,
0x28197B2,0x28197C0,14,ascii,TDDDDDDETDEDDD,si,,
0x28197C2,0x28197D0,14,ascii,DDTDETDDDDDDET,si,,
0x28197D2,0x28197E0,14,ascii,DEDDDDDTDETDED,si,,
0x28197E2,0x28197F0,14,ascii,DDDDTDETDDDDDD,si,,
0x28197F2,0x2819800,14,ascii,ETDEDDDDDTDETD,si,,
0x2819802,0x2819810,14,ascii,DDDDDETDETDDDD,si,,
0x2819812,0x2819820,14,ascii,DDETDEDDDDDTDE,si,,
0x2819822,0x2819830,14,ascii,TDDDDDDETDEDDD,si,,
0x2819832,0x2819840,14,ascii,DDDDETDEDDDDDT,si,,
0x2819842,0x2819850,14,ascii,DETDDDDDDETDED,si,,
0x2819852,0x2819860,14,ascii,DDDDTDETDDDDDD,si,,
0x2819862,0x2819870,14,ascii,DTDETDDDDDDETD,si,,
0x2819872,0x2819880,14,ascii,EDDDDDTDETDDDD,si,,
0x2819882,0x2819890,14,ascii,DDETDEDDDDDDDE,si,,
0x2819892,0x28198A0,14,ascii,TDEDDDDDTDETDD,si,,
0x28198A2,0x28198B0,14,ascii,DDDDETDEDDDDDT,si,,
0x28198B2,0x28198C0,14,ascii,DETDDDDDDDTDET,si,,
0x28198C2,0x28198D0,14,ascii,DDDDDDETDEDDDD,si,,
0x28198D2,0x28198E0,14,ascii,DTDETDDDDDDETD,si,,
0x28198E2,0x28198F0,14,ascii,EDDDDDDDETDEDD,si,,
0x28198F2,0x2819900,14,ascii,DDDTDETDDDDDDE,si,,
0x2819902,0x2819910,14,ascii,TDEDDDDDTDETDD,si,,
0x2819912,0x2819920,14,ascii,DDDDDTDETDDDDD,si,,
0x2819922,0x2819930,14,ascii,DETDEDDDDDTDET,si,,
0x2819932,0x2819940,14,ascii,DDDDDDETDEDDDD,si,,
0x2819942,0x2819950,14,ascii,DDDETDEDDDDDTD,si,,
0x2819952,0x2819960,14,ascii,ETDDDDDDETDEDD,si,,
0x2819962,0x2819970,14,ascii,DDDTDETDEDDDDD,si,,
0x2819972,0x2819980,14,ascii,TDETDDDDDDETDE,si,,
0x2819982,0x2819990,14,ascii,DDDDDTDETDDDDD,si,,
0x2819992,0x28199A0,14,ascii,DETDETDDDDDDET,si,,
0x28199A2,0x28199B0,14,ascii,DEDDDDDTDETDDD,si,,
0x28199B2,0x28199C0,14,ascii,DDDETDEDDDDDTD,si,,
0x28199C2,0x28199D0,14,ascii,ETDEDDDDDTDETD,si,,
0x28199D2,0x28199E0,14,ascii,DDDDDETDEDDDDD,si,,
0x28199E2,0x28199F0,14,ascii,TDETDDDDDDETDE,si,,
0x28199F2,0x2819A00,14,ascii,TDDDDDDETDEDDD,si,,
0x2819A02,0x2819A10,14,ascii,DDTDETDDDDDDET,si,,
0x2819A12,0x2819A20,14,ascii,DEDDDDDTDETDED,si,,
0x2819A22,0x2819A30,14,ascii,DDDDTDETDDDDDD,si,,
0x2819A32,0x2819A40,14,ascii,ETDEDDDDDTDETD,si,,
0x2819A42,0x2819A50,14,ascii,DDDDDETDETDDDD,si,,
0x2819A52,0x2819A60,14,ascii,DDETDEDDDDDTDE,si,,
0x2819A62,0x2819A70,14,ascii,TDDDDDDETDEDDD,si,,
0x2819A72,0x2819A80,14,ascii,DDTDETDEDDDDDT,si,,
0x2819A82,0x2819A90,14,ascii,DETDDDDDDETDED,si,,
0x2819A92,0x2819AA0,14,ascii,DDDDTDETDDDDDD,si,,
0x2819AA2,0x2819AB0,14,ascii,DTDETDDDDDDETD,si,,
0x2819AB2,0x2819AC0,14,ascii,EDDDDDTDETDDDD,si,,
0x2819AC2,0x2819AD0,14,ascii,DDETDEDDDDDDDE,si,,
0x2819AD2,0x2819AE0,14,ascii,TDEDDDDDTDETDD,si,,
0x2819AE2,0x2819AF0,14,ascii,DDDDETDEDDDDDT,si,,
0x2819AF2,0x2819B00,14,ascii,DETDDDDDDDTDET,si,,
0x2819B02,0x2819B10,14,ascii,DDDDDDETDEDDDD,si,,
0x2819B12,0x2819B20,14,ascii,DTDETDDDDDDETD,si,,
0x2819B22,0x2819B30,14,ascii,EDDDDDDDETDEDD,si,,
0x2819B32,0x2819B40,14,ascii,DDDTDETDDDDDDE,si,,
0x2819B42,0x2819B50,14,ascii,TDEDDDDDTDETDD,si,,
0x2819B52,0x2819B60,14,ascii,DDDDDTDETDDDDD,si,,
0x2819B62,0x2819B70,14,ascii,DETDEDDDDDTDET,si,,
0x2819B72,0x2819B80,14,ascii,DDDDDDETDEDDDD,si,,
0x2819B82,0x2819B90,14,ascii,DDDETDEDDDDDTD,si,,
0x2819B92,0x2819BA0,14,ascii,ETDDDDDDETDEDD,si,,
0x2819BA2,0x2819BB0,14,ascii,DDDTDETDDDDDDD,si,,
0x2819BB2,0x2819BC0,14,ascii,TDETDDDDDDETDE,si,,
0x2819BC2,0x2819BD0,14,ascii,DDDDDTDETDDDDD,si,,
0x2819BD2,0x2819BE0,14,ascii,DETDETDDDDDDET,si,,
0x2819BE2,0x2819BF0,14,ascii,DEDDDDDTDETDDD,si,,
0x2819BF2,0x2819C00,14,ascii,DDDETDEDDDDDTD,si,,
0x2819C02,0x2819C10,14,ascii,ETDEDDDDDTDETD,si,,
0x2819C12,0x2819C20,14,ascii,DDDDDETDEDDDDD,si,,
0x2819C22,0x2819C30,14,ascii,TDETDDDDDDETDE,si,,
0x2819C32,0x2819C40,14,ascii,TDDDDDDETDEDDD,si,,
0x2819C42,0x2819C50,14,ascii,DDTDETDDDDDDET,si,,
0x2819C52,0x2819C60,14,ascii,DEDDDDDTDETDED,si,,
0x2819C62,0x2819C70,14,ascii,DDDDTDETDDDDDD,si,,
0x2819C72,0x2819C80,14,ascii,ETDEDDDDDTDETD,si,,
0x2819C82,0x2819C90,14,ascii,DDDDDETDETDDDD,si,,
0x2819C92,0x2819CA0,14,ascii,DDETDEDDDDDTDE,si,,
0x2819CA2,0x2819CB0,14,ascii,TDDDDDDETDEDDD,si,,
0x2819CB2,0x2819CC0,14,ascii,DDTDETDEDDDDDT,si,,
0x2819CC2,0x2819CD0,14,ascii,DETDDDDDDETDED,si,,
0x2819CD2,0x2819CE0,14,ascii,DDDDTDETDDDDDD,si,,
0x2819CE2,0x2819CF0,14,ascii,ETDETDDDDDDETD,si,,
0x2819CF2,0x2819D00,14,ascii,EDDDDDTDETDDDD,si,,
0x2819D02,0x2819D10,14,ascii,DDETDEDDDDDDDE,si,,
0x2819D12,0x2819D20,14,ascii,TDEDDDDDTDETDD,si,,
0x2819D22,0x2819D30,14,ascii,DDDDETDEDDDDDT,si,,
0x2819D32,0x2819D40,14,ascii,DETDDDDDDDTDET,si,,
0x2819D42,0x2819D50,14,ascii,DDDDDDETDEDDDD,si,,
0x2819D52,0x2819D60,14,ascii,DTDETDDDDDDETD,si,,
0x2819D62,0x2819D70,14,ascii,EDDDDDDDETDEDD,si,,
0x2819D72,0x2819D80,14,ascii,DDDTDETDDDDDDE,si,,
0x2819D82,0x2819D90,14,ascii,TDEDDDDDTDETDD,si,,
0x2819D92,0x2819DA0,14,ascii,DDDDDTDETDDDDD,si,,
0x2819DA2,0x2819DB0,14,ascii,DETDEDDDDDTDET,si,,
0x2819DB2,0x2819DC0,14,ascii,DDDDDDETDEDDDD,si,,
0x2819DC2,0x2819DD0,14,ascii,DDDETDEDDDDDTD,si,,
0x2819DD2,0x2819DE0,14,ascii,ETDDDDDDETDEDD,si,,
0x2819DE2,0x2819DF0,14,ascii,DDDTDETDDDDDDD,si,,
0x2819DF2,0x2819E00,14,ascii,TDETDDDDDDETDE,si,,
0x2819E02,0x2819E10,14,ascii,DDDDDTDETDDDDD,si,,
0x2819E12,0x2819E20,14,ascii,DETDEDDDDDDDET,si,,
0x2819E22,0x2819E30,14,ascii,DEDDDDDTDETDDD,si,,
0x2819E32,0x2819E40,14,ascii,DDDETDEDDDDDTD,si,,
0x2819E42,0x2819E50,14,ascii,ETDEDDDDDTDETD,si,,
0x2819E52,0x2819E60,14,ascii,DDDDDETDEDDDDD,si,,
0x2819E62,0x2819E70,14,ascii,TDETDDDDDDETDE,si,,
0x2819E72,0x2819E80,14,ascii,TDDDDDDETDEDDD,si,,
0x2819E82,0x2819E90,14,ascii,DDTDETDDDDDDET,si,,
0x2819E92,0x2819EA0,14,ascii,DEDDDDDTDETDED,si,,
0x2819EA2,0x2819EB0,14,ascii,DDDDTDETDDDDDD,si,,
0x2819EB2,0x2819EC0,14,ascii,ETDEDDDDDTDETD,si,,
0x2819EC2,0x2819ED0,14,ascii,DDDDDETDETDDDD,si,,
0x2819ED2,0x2819EE0,14,ascii,DDETDEDDDDDTDE,si,,
0x2819EE2,0x2819EF0,14,ascii,TDDDDDDETDEDDD,si,,
0x2819EF2,0x2819F00,14,ascii,DDTDETDEDDDDDT,si,,
0x2819F02,0x2819F10,14,ascii,DETDDDDDDETDED,si,,
0x2819F12,0x2819F20,14,ascii,DDDDTDETDDDDDD,si,,
0x2819F22,0x2819F30,14,ascii,ETDETDDDDDDETD,si,,
0x2819F32,0x2819F40,14,ascii,EDDDDDTDETDDDD,si,,
0x2819F42,0x2819F50,14,ascii,DDETDEDDDDDTDE,si,,
0x2819F52,0x2819F60,14,ascii,TDEDDDDDTDETDD,si,,
0x2819F62,0x2819F70,14,ascii,DDDDETDEDDDDDT,si,,
0x2819F72,0x2819F80,14,ascii,DETDDDDDDDTDET,si,,
0x2819F82,0x2819F90,14,ascii,DDDDDDETDEDDDD,si,,
0x2819F92,0x2819FA0,14,ascii,DTDETDDDDDDETD,si,,
0x2819FA2,0x2819FB0,14,ascii,EDDDDDDDETDEDD,si,,
0x2819FB2,0x2819FC0,14,ascii,DDDTDETDDDDDDE,si,,
0x2819FC2,0x2819FD0,14,ascii,TDEDDDDDTDETDD,si,,
0x2819FD2,0x2819FE0,14,ascii,DDDDDTDETDDDDD,si,,
0x2819FE2,0x2819FF0,14,ascii,DETDEDDDDDTDET,si,,
0x2819FF2,0x281A004,18,ascii,"DDDDDDETDEDDDD""jXS",si,,
0x281A0A0,0x281A0D2,50,ascii,Does your father have a room he\nuses for himself? ,,si,
0x281A0E4,0x281A0EE,10,ascii,A room?   ,,,
0x281A100,0x281A116,22,ascii,I suppose his study.  ,,si,
0x281A128,0x281A13E,22,ascii,"Wow, he has a study?  ",,si,
0x281A168,0x281A182,26,ascii,May we take a look inside?,,si,
0x281A194,0x281A1A6,18,ascii,Sure.  Follow me. ,,,
0x281EE06,0x281EE11,11,ascii,!34CDTVfE34,si,,
0x2826733,0x282673E,11,ascii,"/ A?!R 2P?""",,,
0x28312C5,0x28312D0,11,ascii,"1C5.D23A""QR",si,,
0x2833BF2,0x2833BFC,10,ascii,"01 !!!""1A?",,,
0x2834A05,0x2834A10,11,ascii,PR &B314R/B,,,
0x2837C43,0x2837C50,13,ascii,"46%%4RtO11S""%",si,,
0x2838332,0x283833C,10,ascii,3344CCCC32,si,,
0x283BD86,0x283BD90,10,ascii,3!!B!22!RM,si,,
0x283DF42,0x283DF4C,10,ascii,"/!1!""1!1O ",,,
0x2841A12,0x2841A20,14,ascii,fU4UfUC4TESeVT,si,,
0x2849362,0x2849371,15,ascii,"6T5CSCA3SG32RC,",si,,
0x284B512,0x284B51C,10,ascii,"""3N%B1!""3!",si,,
0x284B6F2,0x284B6FD,11,ascii,"03 21""""AoA""",,,
0x284C534,0x284C53E,10,ascii,"3""4OP!23!1",si,,
0x2853080,0x28530A6,38,ascii,This is my father's Japanese study.   ,,si,
0x285E170,0x285E18E,30,ascii,Is that... your mother's...?  ,,si,
0x285E1A0,0x285E1BA,26,ascii,"Yes, that's the butsudan. ",,si,
0x285E1CC,0x285E1F6,42,ascii,I just wish we could get her body\nback.   ,,si,
0x285E208,0x285E21A,18,ascii,"As I was saying,  ",,si,
0x285E22C,0x285E266,58,ascii,I really don't think they'll permit\nsomething like that.  ,,si,
0x285E278,0x285E2A2,42,ascii,I wanted to at least place her urn\nhere.  ,,si,
0x285E2CC,0x285E302,54,ascii,It's next to impossible to bring a\nbody into Beyond.  ,,si,
0x285E314,0x285E346,50,ascii,It's important to me since Mom\nwas part Japanese. ,,si,
0x285E358,0x285E382,42,ascii,I'm responsible for your mother's\ndeath.  ,,si,
0x285E394,0x285E3AE,26,ascii,She came to me for help...,,si,
0x285E3C0,0x285E3F6,54,ascii,but I turned her away.  I shouldn't\nhave done that.   ,,si,
0x285E408,0x285E442,58,ascii,"I'm sure she was happy she got to\nsee you again, though.  ",,si,
0x285E454,0x285E476,34,ascii,You can take some comfort in that.,,si,
0x286D8D4,0x286D8E0,12,ascii,ES A1C1RT42T,,,
0x2885602,0x288560D,11,ascii,"4A""D""P/.Q+O",si,,
0x2887A82,0x2887A8C,10,ascii,q03B0A02!b,si,,
0x28BDBC6,0x28BDBD1,11,ascii," !2A.??""""!,",si,,
0x28BFB82,0x28BFB91,15,ascii,"n035A22a5OF""uC,",,si,
0x28C5E75,0x28C5E7F,10,ascii,5%O /C!&OM,,,
0x28C6697,0x28C66A1,10,ascii,"1q-O""-NQa+",si,,
0x28D9512,0x28D951C,10,ascii,"UR?1!E35""3",si,,
0x28F26D2,0x28F26DC,10,ascii,EU&VTSTDBD,si,,
0x28F7070,0x28F7082,18,ascii,What's this card? ,,si,
0x28FC120,0x28FC13E,30,ascii,It looks like Dad's ID card.  ,,si,
0x28FC150,0x28FC172,34,ascii,I think that was a spare he made. ,,si,
0x28FC184,0x28FC1A6,34,ascii,He always was a careful person.   ,,si,
0x28FC1B8,0x28FC1FA,66,ascii,It looks like the one the guard at\nTokugawa Pharmaceuticals had.  ,,si,
0x28FC20C,0x28FC236,42,ascii,"Would you mind if we borrowed\nthis, Karen?",,si,
0x28FC248,0x28FC286,62,ascii,"No, go ahead, but please don't let\nhis work find out about it.",,si,
0x28FC298,0x28FC2D6,62,ascii,They'd be furious if they knew\nhe'd done something like that. ,,si,
0x290DCD4,0x290DCDE,10,ascii,!3DpaL?%aT,,si,
0x291B512,0x291B51D,11,ascii,UefVUTUDTef,si,,
0x292AD42,0x292AD4C,10,ascii,&dN2!4QBBt,si,,
0x292C292,0x292C2A1,15,ascii,"En!Fcaq%CP?QQ5,",si,,
0x292EAB4,0x292EABE,10,ascii,"!2CDUUC4""1",si,,
0x29400B0,0x29400D2,34,ascii,Those are Japanese family crests. ,,si,
0x29400E4,0x294010E,42,ascii,I never understood why Dad had\nthat here. ,,si,
0x2940120,0x294014A,42,ascii,There are explanations under\neach crest.  ,,si,
0x2949042,0x294904E,12,ascii,"-D425""C32 M ",,,
0x2956B62,0x2956B6C,10,ascii,rdbFef'C%b,si,,
0x295E870,0x295E896,38,ascii,"I brought this photo with me,\nKaren.  ",,si,
0x2964DC7,0x2964DD1,10,ascii,"4CT10!40P,",si,,
0x2968662,0x2968670,14,ascii,FDVDFEUS32CCD3,si,,
0x296A8A0,0x296A8B6,22,ascii,"Hey, I remember that. ",,si,
0x296A8C8,0x296A8F2,42,ascii,I want you to decide what to do\nwith it.  ,,si,
0x296A904,0x296A90E,10,ascii,What? Why?,,si,
0x296A920,0x296A952,50,ascii,I can... feel your mother's spirit\nhere on Beyond.,,si,
0x296A964,0x296A97E,26,ascii,This is where it belongs. ,,si,
0x296A990,0x296A9A6,22,ascii,I shouldn't have it.  ,,si,
0x29B5900,0x29B5926,38,ascii,"You've been a very big help,\nKaren.   ",,si,
0x29B5938,0x29B595A,34,ascii,"I'm sorry about everything, Karen.",,si,
0x29B596C,0x29B5986,26,ascii,I have to know the truth. ,,si,
0x29B5998,0x29B59BA,34,ascii,"Promise me something, will you?   ",,si,
0x29B59CC,0x29B5A22,86,ascii,I want you to tell me whatever you\nlearn about my father.  I don't\ncare how bad it is.,,si,
0x29B5A34,0x29B5A5E,42,ascii,I'll pay you whatever Mom was\nsupposed to.,,si,
0x29B5A70,0x29B5A82,18,ascii,Okay.  We promise.,,si,
0x29B5A94,0x29B5AB2,30,ascii,But this isn't about money.   ,,si,
0x29B5AC4,0x29B5AE6,34,ascii,Your mother asked me to do this.  ,,si,
0x29B5AF8,0x29B5B0A,18,ascii,This is for her...,,si,
0x29B5B1C,0x29B5B26,10,ascii,and me.   ,,si,
0x29C2082,0x29C2090,14,ascii,UUUSETETVUDdVV,si,,
0x29C2092,0x29C20A0,14,ascii,3232333333CD3D,si,,
0x29CCF82,0x29CCF8D,11,ascii,"BB""AQ""P!2!R",si,,
0x29CCF95,0x29CCFA0,11,ascii,"50pRD!""0Acc",si,,
0x29CCFA3,0x29CCFAD,10,ascii,44nCTS4RE%,si,,
0x29DD002,0x29DD00C,10,ascii,"3UD5D54""CC",si,,
0x29EBA46,0x29EBA50,10,ascii,a'?e4dTt4%,si,,
0x29FAC62,0x29FAC6C,10,ascii,"33&4""Oa""CC",si,,
0x29FDC92,0x29FDC9D,11,ascii,SC4TST355cR,si,,
0x2A001C4,0x2A001CE,10,ascii,FRQ522E!D7,si,,
0x2A00656,0x2A00661,11,ascii,"C7DQQN23o/,",si,,
0x2A0C152,0x2A0C15C,10,ascii,"PDTdDb3""DU",si,,
0x2A135D2,0x2A135DC,10,ascii,"""""""""""""""""""B",si,,
0x2A147C2,0x2A147CE,12,ascii,"O""UA5""""BEBE3",si,,
0x2A2A940,0x2A2A96A,42,ascii,"Is it... okay if I call you\n""Jonathan""?   ",,si,
0x2A2A994,0x2A2A9A2,14,ascii,"Jonathan, I...",,,
0x2A2A9B4,0x2A2A9DE,42,ascii,I was out of line earlier.  I\napologize.  ,,si,
0x2A2AA08,0x2A2AA2E,38,ascii,"given what happened to your\nmother,   ",,si,
0x2A2AA40,0x2A2AA5E,30,ascii,you could be in danger too.   ,,si,
0x2A2AA70,0x2A2AAB2,66,ascii,Don't hesitate to call the police if\nyou see anything suspicious. ,,si,
0x2A2AAC4,0x2A2AADE,26,ascii,I can send someone over.  ,,si,
0x2A2AAF0,0x2A2AAFA,10,ascii,Thanks.   ,si,,
0x2A2AB0C,0x2A2AB1E,18,ascii,"Take care, Karen. ",,,
0x2A2AB30,0x2A2AB3E,14,ascii,"Oh, Jonathan? ",,,
0x2A2AB68,0x2A2AB82,26,ascii,About your cigarette....  ,,si,
0x2A2AB94,0x2A2ABDE,74,ascii,I don't know what's wrong with\nhim either.  I hope he hasn't\noffended you.,,si,
0x2A2ABF0,0x2A2AC26,54,ascii,"No, it's just that... Mom never\nmentioned you smoke.  ",,si,
0x2A2AC38,0x2A2AC6E,54,ascii,He stays here long enough and\nhe'll be an ex-smoker.  ,,si,
0x2A2AC80,0x2A2AC92,18,ascii,"Yeah.  Well, bye. ",,,
0x2A2ACA4,0x2A2ACB2,14,ascii,"Bye, Karen.   ",,,
0x2A3D694,0x2A3D6A1,13,ascii,"Ut!0VRp5.d?m,",si,,
0x2A3DF05,0x2A3DF11,12,ascii,"oBQ2DDBS1.q,",si,,
0x2A42903,0x2A4290E,11,ascii,McD ?2o!OUr,,si,
0x2A53714,0x2A53720,12,ascii,"bN5""AAV'0 R&",,,
0x2A70D87,0x2A70D91,10,ascii,"R30C1BBRO,",si,,
0x2A712C3,0x2A712CD,10,ascii,"R 2Q""%""O4""",,,
0x2A75492,0x2A7549D,11,ascii,"0""11""!1 320",,,
0x2A77A84,0x2A77A90,12,ascii,"%5AB""""cA%CPA",si,,
0x2A77B42,0x2A77B4C,10,ascii,"CN2!""B0OR1",,si,
0x2A85085,0x2A85091,12,ascii," 02O/!//11""+",si,,
0x2A8C987,0x2A8C991,10,ascii,Uod54DeT5+,si,,
0x2A8D023,0x2A8D02E,11,ascii,"PBR&C2RC""Rs",si,,
0x2AA7B42,0x2AA7B4D,11,ascii,"5A""!1bN2!2 ",si,,
0x2AB6837,0x2AB6841,10,ascii,"1""0!5eE/A(",si,,
0x2ABEFD5,0x2ABEFDF,10,ascii,03AQ2A1BPP,si,,
0x2ABF5E2,0x2ABF5EC,10,ascii,"B?0!2""""!3!",si,,
0x2AC9F66,0x2AC9F70,10,ascii,21bReTETT4,si,,
0x2ACE0A0,0x2ACE0AE,14,ascii,"Cheer up, man.",,si,
0x2ACE0C0,0x2ACE0DE,30,ascii,She'll come around eventually.,,,
0x2ACE0F0,0x2ACE0FA,10,ascii,I hope so.,,si,
0x2ACE10C,0x2ACE126,26,ascii,You surprised me in there.,,si,
0x2ACE138,0x2ACE15A,34,ascii,I've never seen you so restrained.,,si,
0x2ACE16C,0x2ACE17E,18,ascii,What's that mean? ,,si,
0x2ACE190,0x2ACE1C6,54,ascii,Come on.  You fondle every\nattractive woman you meet. ,,si,
0x2ACE1D8,0x2ACE1F6,30,ascii,I don't remember doing that.  ,,si,
0x2ACE208,0x2ACE22A,34,ascii,Trying to hide that side from\nher?,,si,
0x2ACE23C,0x2ACE25E,34,ascii,I could never make a move on\nher. ,,si,
0x2ACE270,0x2ACE282,18,ascii,She's way too much,,,
0x2ACE294,0x2ACE2A2,14,ascii,like Lorraine.,,,
0x2ACE2B4,0x2ACE2CA,22,ascii,Forget I mentioned it.,,si,
0x2AD9163,0x2AD9171,14,ascii,/1AQ PB.P!B31&,,,
0x2AE2F92,0x2AE2FA0,14,ascii,"""""SBADS6&BTS43",si,,
0x2AE31E7,0x2AE31F1,10,ascii,"3B""o022?"",",si,,
0x2AE3336,0x2AE3341,11,ascii,"&S!4T1D TR,",,,
0x2AE3632,0x2AE363C,10,ascii," ""B3""21CP1",,,
0x2AE48A2,0x2AE48AD,11,ascii,"3 "" """"""3/b/",,,
0x2AF2757,0x2AF2761,10,ascii,"4""0""/33!1+",si,,
0x2AF3B04,0x2AF3B0E,10,ascii,"?R2A""!2BR""",si,,
0x2AF5CA2,0x2AF5CAD,11,ascii,DUDCTT4ECA3,si,,
0x2AFD4A6,0x2AFD4B1,11,ascii,oe45?DD3p3+,si,,
0x2B05F76,0x2B05F80,10,ascii,BD0QQRA53Q,si,,
0x2B0ED17,0x2B0ED21,10,ascii,"""1B3C3CT3(",si,,
0x2B1A4B2,0x2B1A4BC,10,ascii,2!2122!B !,,,
0x2B1F865,0x2B1F871,12,ascii,"2C 3OB24T3""+",,,
0x2B41870,0x2B4188E,30,ascii,Wait till you see this place. ,,si,
0x2B418B4,0x2B418DE,42,ascii,It's one of the true symbols of\nBeyond.   ,,si,
0x2B418F0,0x2B4190A,26,ascii,A real tourist hotspot.   ,,,
0x2B4191C,0x2B4193E,34,ascii,It always leaves an impression.   ,,si,
0x2B4A0F2,0x2B4A0FD,11,ascii,0E3CTdEAce5,si,,
0x2B4F2B2,0x2B4F2BE,12,ascii,RO/?C3RDb!4P,si,,
0x2B52972,0x2B5297D,11,ascii,AR44343DQCB,si,,
0x2B53E35,0x2B53E3F,10,ascii, TTD3Sg4!2,,,
0x2B59235,0x2B5923F,10,ascii,neDBaQ0.WV,si,,
0x2B6A902,0x2B6A910,14,ascii,EDEDUDUeVfeVff,si,,
0x2B6B070,0x2B6B09E,46,ascii,See it? That pillar there.  That's\nthe Prop.  ,,si,
0x2B6B0C4,0x2B6B0F2,46,ascii,The thing's essentially built into\nthe colony.,,si,
0x2B6B104,0x2B6B132,46,ascii,It connects a set of its surfaces\nand windows.,,si,
0x2B93A76,0x2B93A80,10,ascii,"RC3UeWCad""",si,,
0x2B97100,0x2B97132,50,ascii,Maybe we are a little in over our\nheads with this.,,si,
0x2B97144,0x2B97166,34,ascii,"You ain't chickening out, are\nyou?",,si,
0x2B97178,0x2B9719F,39,ascii,I don't know anything about this\nplace ,,si,
0x2B971A1,0x2B971BE,29,ascii, or Tokugawa.  Not\nanymore.  ,,si,
0x2B971D0,0x2B971EA,26,ascii,That's where I come in.   ,,si,
0x2B971FC,0x2B97216,26,ascii,That's why we're partners.,,si,
0x2B97228,0x2B9723E,22,ascii,Glad you're here...   ,,si,
0x2B97250,0x2B9725A,10,ascii,partner.  ,,,
0x2B9B672,0x2B9B67C,10,ascii,4dSDdb3%D2,si,,
0x2BA9D03,0x2BA9D0D,10,ascii,"22!CFCS""3S",si,,
0x2BDF070,0x2BDF09A,42,ascii,"Well, here it is.  Tokugawa\nHeadquarters. ",,si,
0x2BDF0AC,0x2BDF0CE,34,ascii,Gateway between heaven and\nearth. ,,si,
0x2BE26F6,0x2BE2700,10,ascii,?B%A3%FC13,si,,
0x2BFB870,0x2BFB886,22,ascii,Ready to see inside?  ,,si,
0x2BFF686,0x2BFF690,10,ascii,"1333""""""233",si,,
0x2BFF692,0x2BFF6A0,14,ascii,"3""""""2333""""""233",si,,
0x2BFF6A2,0x2BFF6B0,14,ascii,"3""""""2333B4DDCD",si,,
0x2BFF6B2,0x2BFF6C0,14,ascii,4DDC44DCC4DDCD,si,,
0x2BFF6C2,0x2BFF6D0,14,ascii,4DDC44DCC4DDSU,si,,
0x2BFF6D2,0x2BFF6E0,14,ascii,UUUUUUUUUUUUUU,si,,
0x2BFF6E2,0x2BFF6F0,14,ascii,UUUUUUUUUUUUUU,si,,
0x2BFF6F2,0x2BFF700,14,ascii,333333C34C34C3,si,,
0x2BFF702,0x2BFF711,15,ascii,"333333C34C34C3,",si,,
0x2C03D12,0x2C03D20,14,ascii,ffffffVUTUUEUU,si,,
0x2C03D22,0x2C03D30,14,ascii,UTUUEUUUTUUEUU,si,,
0x2C03D32,0x2C03D40,14,ascii,UTUUEUUUTU5DCC,si,,
0x2C03D42,0x2C03D50,14,ascii,4DDCD4DDC44DCC,si,,
0x2C03D52,0x2C03D60,14,ascii,4DDCD4DDC44DCC,si,,
0x2C03D62,0x2C03D70,14,ascii,"3333""""""2333""""""",si,,
0x2C03D72,0x2C03D80,14,ascii,"2333""""""2333""""""",si,,
0x2C068C0,0x2C068D2,18,ascii,This is the lobby.,,si,
0x2C068E4,0x2C06906,34,ascii,One of the most famous ever built.,,si,
0x2C06918,0x2C06932,26,ascii,We're inside the lobby.   ,,si,
0x2C06944,0x2C06972,46,ascii,Sounds like they've got something\ngoing on.   ,,si,
0x2C0AEC7,0x2C0AED1,10,ascii,// 4ECC0PE,,,
0x2C17AA2,0x2C17AAC,10,ascii,DTUUUVUTUU,si,,
0x2C22A42,0x2C22A50,14,ascii,C343333CC4C333,si,,
0x2C22A52,0x2C22A60,14,ascii,"3C333323""2C33""",si,,
0x2C22A82,0x2C22A90,14,ascii,"FUDDCC4CD""C%53",si,,
0x2C22CD2,0x2C22CE0,14,ascii,"""""""33333333333",si,,
0x2C22CF2,0x2C22D00,14,ascii,4DCDCD445DSDDD,si,,
0x2C22D02,0x2C22D10,14,ascii,DEDDSD5DDSDDDD,si,,
0x2C22D12,0x2C22D20,14,ascii,CD4TDCC44T4D5D,si,,
0x2C22D22,0x2C22D30,14,ascii,DTD5D4T4DCC4DD,si,,
0x2C22D32,0x2C22D40,14,ascii,CD4DCC44DCC4DD,si,,
0x2C22D42,0x2C22D50,14,ascii,CD4DCC44DCC4DD,si,,
0x2C22D52,0x2C22D60,14,ascii,CD4DCC44DCC4DD,si,,
0x2C22D62,0x2C22D70,14,ascii,CD4DCC44DCC4DD,si,,
0x2C22D72,0x2C22D80,14,ascii,CD4DCC44DCC4DD,si,,
0x2C22D82,0x2C22D90,14,ascii,CD4DCC44DCC4DD,si,,
0x2C22D92,0x2C22DA0,14,ascii,CD4DCC44DCC4DD,si,,
0x2C22DA2,0x2C22DB0,14,ascii,CD4DCC44DCC4DD,si,,
0x2C22DB2,0x2C22DC0,14,ascii,CD4DCC44DCC4DD,si,,
0x2C22DC2,0x2C22DD0,14,ascii,CD4DCC44DCC4DD,si,,
0x2C22DD2,0x2C22DE0,14,ascii,CD4DCC44DCC4DD,si,,
0x2C22DE2,0x2C22DF0,14,ascii,CD4DCC44DCC4DD,si,,
0x2C22DF2,0x2C22E00,14,ascii,CD4DDC44DCC4DD,si,,
0x2C22E02,0x2C22E10,14,ascii,CD4DDC44DCC4DD,si,,
0x2C22E12,0x2C22E20,14,ascii,CD4DDC44DCC4DD,si,,
0x2C22E22,0x2C22E30,14,ascii,CD4DDC44DCC4DD,si,,
0x2C22E32,0x2C22E40,14,ascii,CD4DDC44DCC4DD,si,,
0x2C22E42,0x2C22E50,14,ascii,CD4DDC44DCC4DD,si,,
0x2C22E52,0x2C22E60,14,ascii,CD4DDC44DCC4DD,si,,
0x2C22E62,0x2C22E70,14,ascii,CD4DDC44DCC4DD,si,,
0x2C22E72,0x2C22E80,14,ascii,CD4DDC44DCC4DD,si,,
0x2C22E82,0x2C22E90,14,ascii,CD4DDC44DCC4DD,si,,
0x2C22E92,0x2C22EA0,14,ascii,CD4DDC44DCC4DD,si,,
0x2C22EA2,0x2C22EB0,14,ascii,CD4DDC44DCC4DD,si,,
0x2C22EB2,0x2C22EC0,14,ascii,CD4DDC44DCC4DD,si,,
0x2C22EC2,0x2C22ED0,14,ascii,CD4DDC44DCC4DD,si,,
0x2C22ED2,0x2C22EE0,14,ascii,CD4DDC44DCC4DD,si,,
0x2C22EE2,0x2C22EF0,14,ascii,CD4DDC44DCC4DD,si,,
0x2C22EF2,0x2C22F00,14,ascii,CD4DDC44DCC4DD,si,,
0x2C22F02,0x2C22F10,14,ascii,CD4DDC44DCC4DD,si,,
0x2C22F12,0x2C22F20,14,ascii,CD4DDC44DCC4DD,si,,
0x2C22F22,0x2C22F30,14,ascii,CD4DDC44DCC4DD,si,,
0x2C22F32,0x2C22F40,14,ascii,CD4DDC44DCC4DD,si,,
0x2C22F42,0x2C22F50,14,ascii,CD4DDC44DUUUUU,si,,
0x2C22F52,0x2C22F60,14,ascii,UUUUUUUUUUUUUU,si,,
0x2C22F62,0x2C22F70,14,ascii,UUUUUUUUUUUUUU,si,,
0x2C22F72,0x2C22F80,14,ascii,UUUUUUUUUUUUUU,si,,
0x2C22F82,0x2C22F90,14,ascii,UUUUUUUUUUUUUU,si,,
0x2C22F92,0x2C22FA0,14,ascii,3334C34C333333,si,,
0x2C22FA2,0x2C22FB0,14,ascii,3334C34C333333,si,,
0x2C22FB2,0x2C22FC0,14,ascii,3334C34C333333,si,,
0x2C22FC2,0x2C22FD0,14,ascii,3334C34C333333,si,,
0x2C2F1D0,0x2C2F202,50,ascii,Welcome to the Tokugawa\nBuilding.  May I help you?,,si,
0x2C2F214,0x2C2F226,18,ascii,"Oh, you're back.  ",,,
0x2C2F238,0x2C2F25E,38,ascii,Something else I can help you\nwith?   ,,si,
0x2C2F270,0x2C2F292,34,ascii,Welcome to the Tokugawa\nBuilding. ,,si,
0x2C2F2A4,0x2C2F2EA,70,ascii,"We're currently hosting a launch\nparty for Tokugawa\nPharmaceuticals,  ",,si,
0x2C2F2FC,0x2C2F33A,62,ascii,so I'm afraid the entry of uninvited\npersons is prohibited.   ,,si,
0x2C2F34C,0x2C2F36A,30,ascii,Sadaoki wouldn't miss this.   ,,si,
0x2C2F37C,0x2C2F396,26,ascii,"Oh, it's you two again.   ",,si,
0x2C2F3A8,0x2C2F3DA,50,ascii,I hope we won't have a repeat of\nthe other day.   ,,si,
0x2C2F3EC,0x2C2F412,38,ascii,"Particularly your lewd behavior,\nsir. ",,si,
0x2C360F6,0x2C36100,10,ascii, CRSsT/C32,,,
0x2C3EE36,0x2C3EE40,10,ascii,3VCSWE6MA2,si,,
0x2C4EDA3,0x2C4EDAD,10,ascii,"""3D3 A""""""1",,,
0x2C567F4,0x2C567FE,10,ascii,23423TUFFV,si,,
0x2C57FA2,0x2C57FAC,10,ascii,"2B103 0""10",,,
0x2C59C34,0x2C59C3E,10,ascii,"B""""RB33b""""",si,,
0x2C62C62,0x2C62C6F,13,ascii,"EER2BB2BQ""EsT",si,,
0x2C65823,0x2C6582D,10,ascii,"211""3B3DS4",si,,
0x2C6DA32,0x2C6DA40,14,ascii,4333333343C333,si,,
0x2C6DA42,0x2C6DA50,14,ascii,333D34333CCDC4,si,,
0x2C6DA62,0x2C6DA70,14,ascii,33333333333C33,si,,
0x2C6DA82,0x2C6DA90,14,ascii,UTUEUUUTUEUUTU,si,,
0x2C6DA92,0x2C6DAA0,14,ascii,ED4CD3D4CD3D4C,si,,
0x2C6DAA2,0x2C6DAB0,14,ascii,D3DD3D4CD3D4CD,si,,
0x2C7EC63,0x2C7EC6D,10,ascii," ""2SSUVTa6",,,
0x2C7FB22,0x2C7FB30,14,ascii,D!eUT30S43643R,si,,
0x2C89080,0x2C890B6,54,ascii,We're with BCP.  Mind if we ask\nyou some questions?   ,,si,
0x2C890C8,0x2C890D6,14,ascii,The police?   ,si,si,
0x2C890E8,0x2C890FE,22,ascii,How can I help you?   ,si,si,
0x2CA41F0,0x2CA420E,30,ascii,Here's what we need to know.  ,,si,
0x2CA4220,0x2CA423E,30,ascii,"On the afternoon of the 15th, ",,si,
0x2CA4250,0x2CA427E,46,ascii,a Kenzo Hojo is supposed to have\nbeen here.   ,,si,
0x2CA4290,0x2CA429E,14,ascii,Just a moment.,,si,
0x2CA42B0,0x2CA42EA,58,ascii,"As you can understand, we get\nquite a number of visitors. ",,si,
0x2CA42FC,0x2CA431A,30,ascii,I'll check the visitor log.   ,,si,
0x2CA432C,0x2CA434E,34,ascii,All persons entering and leaving  ,,si,
0x2CA4360,0x2CA4392,50,ascii,have their arrival and departure\ntimes recorded.  ,,si,
0x2CA43A4,0x2CA43B2,14,ascii,Let's see.... ,,,
0x2CA43C4,0x2CA43D2,14,ascii,Here we go.   ,,si,
0x2CA43E4,0x2CA43FA,22,ascii,It has a Kenzo Hojo   ,,si,
0x2CA440C,0x2CA442A,30,ascii,arriving at 4 PM on the 15th. ,,si,
0x2CA443C,0x2CA446A,46,ascii,He went straight up to the\npresident's office.,,si,
0x2CA4490,0x2CA44BE,46,ascii,"Sadaoki had to have been here\ntoo, I'd assume.",,si,
0x2CA44D0,0x2CA44E2,18,ascii,When did he leave?,,si,
0x2CA44F4,0x2CA4502,14,ascii,He left at....,,si,
0x2CA452C,0x2CA454E,34,ascii,That's strange.  It doesn't say.  ,,si,
0x2CA4560,0x2CA4586,38,ascii,There's no record of his\ndeparture.   ,,si,
0x2CB1B32,0x2CB1B40,14,ascii,"""3333333344333",si,,
0x2CB2AF2,0x2CB2B00,14,ascii,D4UVeVfeUTTTFe,si,,
0x2CB4BD2,0x2CB4BDD,11,ascii,"B3""BBC1C6E6",si,,
0x2CB85A7,0x2CB85B1,10,ascii,"CCa""1f2O0%",si,,
0x2CBD665,0x2CBD66F,10,ascii,3SUT4DETfF,si,,
0x2CD3E82,0x2CD3E8E,12,ascii,!2aDEFU3&SCB,si,,
0x2CD5964,0x2CD5970,12,ascii,0JLL-.mj9LlK,si,,
0x2CEEF56,0x2CEEF61,11,ascii," Bo,1Q2%S5'",si,,
0x2CF8472,0x2CF8480,14,ascii,3D4CDDUEUEUTUD,si,,
0x2CF8482,0x2CF8490,14,ascii,43D4CEUUdfTUfU,si,,
0x2CF85D2,0x2CF85E0,14,ascii,TUEEVfeUEfUeFU,si,,
0x2CF8652,0x2CF8660,14,ascii,ffVDUfVUffTTEC,si,,
0x2CF8662,0x2CF8670,14,ascii,DD4CDCD3D4CDCD,si,,
0x2CF8685,0x2CF8690,11,ascii,"!""""""22323D3",si,,
0x2CF8722,0x2CF872D,11,ascii,3333433C333,si,,
0x2CF89A2,0x2CF89B0,14,ascii,CDDDDDCDCD3D4C,si,,
0x2CF89B2,0x2CF89C0,14,ascii,4CDC4C3CC333C3,si,,
0x2CF89C2,0x2CF89D0,14,ascii,33DC3CD3D4CDTE,si,,
0x2CF8AE2,0x2CF8AF0,14,ascii,ffUdfVUeVTUETC,si,,
0x2CF8AF2,0x2CF8B00,14,ascii,4CDDUTUEUEDTEU,si,,
0x2D04152,0x2D0415C,10,ascii,%533AEAQB.,si,,
0x2D08A22,0x2D08A2D,11,ascii,35s23UBTDml,si,,
0x2D11DC3,0x2D11DCD,10,ascii,13D33CD431,si,,
0x2D3A735,0x2D3A73F,10,ascii,"2!dB"" 2Qo""",,,
0x2D494D2,0x2D494E0,14,ascii,ffffffffffffff,si,,
0x2D494E2,0x2D494F0,14,ascii,fffffffffffffU,si,,
0x2D494F2,0x2D49500,14,ascii,TUEUUTUEUUTTUE,si,,
0x2D49502,0x2D49510,14,ascii,UUTUEUUTUEUUTU,si,,
0x2D49512,0x2D49520,14,ascii,EUU3DD3D4CD3D4,si,,
0x2D49522,0x2D49530,14,ascii,CD3D4CD3D4CD3D,si,,
0x2D4B0E0,0x2D4B0F6,22,ascii,This is us right here.,,si,
0x2D4B108,0x2D4B13E,54,ascii,We're buddies with Tokugawa\nfrom our Policenauts days.,,si,
0x2D4B150,0x2D4B162,18,ascii,Quoted for truth. ,,si,
0x2D4B174,0x2D4B18E,26,ascii,"Oh, I'm terribly sorry!   ",,,
0x2D4B1A0,0x2D4B1AE,14,ascii,I had no idea!,,si,
0x2D4B1C0,0x2D4B1EE,46,ascii,"I recognize your friend, but what\nabout you?  ",,si,
0x2D4B200,0x2D4B20A,10,ascii,Too young?,,,
0x2D4B21C,0x2D4B242,38,ascii,"I get it.  Anti-aging surgery,\nright? ",,si,
0x2D4B254,0x2D4B272,30,ascii,Had your telomeres lengthened?,,si,
0x2D4B29C,0x2D4B2CA,46,ascii,Just got a lot of sleep when I was\nyounger.   ,,si,
0x2D4DA12,0x2D4DA20,14,ascii,C4DTTSdDTDUUUU,si,,
0x2D4DA22,0x2D4DA30,14,ascii,233333333D3C33,si,,
0x2D4DB22,0x2D4DB30,14,ascii,"DC333C332C34""2",si,,
0x2D63144,0x2D6314F,11,ascii,rBTr6Gf&t?),si,,
0x2D6F863,0x2D6F86F,12,ascii,"C0SDMQ2 ""12A",,,
0x2DA0880,0x2DA08A2,34,ascii,You can't say I didn't warn you.  ,,si,
0x2DAC8A0,0x2DAC8D2,50,ascii,I'll be forced to call security if you\ndon't stop.,,si,
0x2DAC8FC,0x2DAC916,26,ascii,I'll do it! Just watch!   ,,si,
0x2DAC928,0x2DAC946,30,ascii,I don't think she's kidding.  ,,,
0x2DAEE62,0x2DAEE70,14,ascii,C3CCDSCDDTTDUU,si,,
0x2DAEE72,0x2DAEE80,14,ascii,fefUeVffffeeVf,si,,
0x2DAEE82,0x2DAEE90,14,ascii,333333433CCC33,si,,
0x2DAEE92,0x2DAEEA0,14,ascii,43333333333333,si,,
0x2DAEEA2,0x2DAEEB0,14,ascii,fefffeffVTUUEV,si,,
0x2DAEEB2,0x2DAEEC0,14,ascii,VVUEEeDTDD4333,si,,
0x2DAEEF2,0x2DAEF00,14,ascii,"33""3""333DCDDDE",si,,
0x2DAEF02,0x2DAEF10,14,ascii,23333333443DC4,si,,
0x2DAF032,0x2DAF040,14,ascii,43CDDDDU43CD3T,si,,
0x2DAF042,0x2DAF050,14,ascii,"""""333343223333",si,,
0x2DAF0A2,0x2DAF0B0,14,ascii,TD454SCU4S4TUf,si,,
0x2DAF0B2,0x2DAF0C0,14,ascii,fTTETCD4STUUUV,si,,
0x2DAF0C2,0x2DAF0D0,14,ascii,"3CDC433""""22""""3",si,,
0x2DB24F6,0x2DB2501,11,ascii,! R313UUE4E,,,
0x2DB56D2,0x2DB56DC,10,ascii,"4C3C""22""3""",si,,
0x2DC0F52,0x2DC0F60,14,ascii,344C3343C334CC,si,,
0x2DC0F62,0x2DC0F70,14,ascii,344C3343C334CD,si,,
0x2DC0F72,0x2DC0F80,14,ascii,TEDUDTEDTEDUDT,si,,
0x2DC0F82,0x2DC0F90,14,ascii,EDUDDUDTEDUDTE,si,,
0x2DC0F92,0x2DC0FA0,14,ascii,DTUUUUUUUeffff,si,,
0x2DC0FA2,0x2DC0FB0,14,ascii,ffffffffffffff,si,,
0x2DC0FB2,0x2DC0FC0,14,ascii,3333333CD3D4CD,si,,
0x2DC0FC2,0x2DC0FD0,14,ascii,CD3D4CDCD3D4C4,si,,
0x2DD1880,0x2DD189E,30,ascii,Security to the front desk!   ,,si,
0x2DD18B0,0x2DD18C2,18,ascii,That's our cue!   ,,si,
0x2DD3EC2,0x2DD3ED0,14,ascii,CcFDeVe6DDDUef,si,,
0x2DD9CC2,0x2DD9CD0,14,ascii,fDDDD4DDDDDDD4,si,,
0x2DD9CD2,0x2DD9CDE,12,ascii,"!""""""""""""""""""""""",si,,
0x2DDFB64,0x2DDFB70,12,ascii,133D41D4CD/A,si,,
0x2DE22E6,0x2DE22F0,10,ascii,MB33CDTDDD,si,,
0x2DEB870,0x2DEB88E,30,ascii,I didn't think she'd do it.   ,,si,
0x2DEB8A0,0x2DEB8D2,50,ascii,It's not in our interest to cause\ntrouble here.   ,,si,
0x2DFDAA0,0x2DFDAB6,22,ascii,What's that smile for?,,si,
0x2DFDAC8,0x2DFDADA,18,ascii,That was great.   ,,si,
0x2DFDB04,0x2DFDB1A,22,ascii,"Yeah, you back there. ",,si,
0x2DFDB2C,0x2DFDB3A,14,ascii,What did I do?,,si,
0x2DFDB4C,0x2DFDB66,26,ascii,Same thing you always did.,,si,
0x2DFDB90,0x2DFDBBA,42,ascii,Fly off the fucking handle for no\nreason. ,,si,
0x2DFDBCC,0x2DFDBDE,18,ascii,I was like that?  ,,si,
0x2DFDBF0,0x2DFDC0E,30,ascii,When were you not like that?  ,,si,
0x2DFDC20,0x2DFDC46,38,ascii,"Alright, well... you can stop\nsmiling.",,si,
0x2DFDC58,0x2DFDC66,14,ascii,It's creepy.  ,,,
0x2DFDC78,0x2DFDCA6,46,ascii,"It really takes me back, doing this\nwith you. ",,si,
0x2DFDCB8,0x2DFDCD6,30,ascii,It's like LA all over again.  ,,si,
0x2DFDCE8,0x2DFDD0A,34,ascii,"We were young, full of ambition.  ",,si,
0x2DFDD1C,0x2DFDD36,26,ascii,Reckless... fearless....  ,,,
0x2DFDD5C,0x2DFDD92,54,ascii,"I know you probably feel all warm\nand fuzzy inside,   ",,si,
0x2DFDDA4,0x2DFDDCA,38,ascii,but it ain't quite the same for me.   ,,si,
0x2DFDDDC,0x2DFDDE6,10,ascii,I'll bet. ,,,
0x2DFDDF8,0x2DFDE2E,54,ascii,You'll only feel old thinking that\nway.  Believe me.  ,,si,
0x2DFDE40,0x2DFDE62,34,ascii,"You and I were the best, right?   ",,si,
0x2DFDE74,0x2DFDEAA,54,ascii,"Way better cops than Tokugawa or\nGates or Sal, right? ",,si,
0x2DFDEBC,0x2DFDECA,14,ascii,We still are. ,,si,
0x2DFDEDC,0x2DFDEF2,22,ascii,We always got our man.,,si,
0x2DFDF04,0x2DFDF26,34,ascii,Here's hoping we can do it again. ,,si,
0x2E02082,0x2E0208E,12,ascii,"!""3CT3FeDGf7",si,,
0x2E0C9D7,0x2E0C9E1,10,ascii,"%""!FEttADC",si,,
0x2E176C7,0x2E176D1,10,ascii,BDEE!/!3!G,si,,
0x2E17D56,0x2E17D61,11,ascii,"34""!3CT4C1F",si,,
0x2E22912,0x2E2291C,10,ascii,EeuteuTESC,si,,
0x2E2BB06,0x2E2BB11,11,ascii,1C5!!t322GE,si,,
0x2E38C27,0x2E38C31,10,ascii,4dUWcDUE%&,si,,
0x2E48C67,0x2E48C71,10,ascii,"""!AB2CE""F&",si,,
0x2E4A297,0x2E4A2A1,10,ascii,"!dD ""11!A)",,,
0x2E573E6,0x2E573F1,11,ascii,"FE/L1""DEg65",si,,
0x2E595A3,0x2E595AD,10,ascii,"122""SACRC!",si,,
0x2E7AD97,0x2E7ADA1,10,ascii,".,:m-KKm?F",si,,
0x2E7BB42,0x2E7BB4F,13,ascii,LK/./-0./.OM.,si,,
0x2EA39C7,0x2EA39D1,10,ascii,.R55StW%AG,si,,
0x2EB1747,0x2EB1751,10,ascii,cETD6 14DH,,,
0x2EB4432,0x2EB443E,12,ascii,"4CCCB4DC4""Q?",si,,
0x2EB8E42,0x2EB8E50,14,ascii,TQ?PRS5%%C1 Q1,,,
0x2EC8A12,0x2EC8A1D,11,ascii, !AEV42BA!S,si,,
0x2ECE0A3,0x2ECE0AE,11,ascii,4vtbUUe%%T1,si,,
0x2ECE6C3,0x2ECE6CE,11,ascii,4DD!naQoQ2!,si,,
0x2EF5EB6,0x2EF5EC0,10,ascii,"M!3""?bUddU",si,,
0x2EFC070,0x2EFC07A,10,ascii,Let's go. ,si,,
0x2F039B0,0x2F039DA,42,ascii,That elevator will take you to the\nGarden.,,si,
0x2F039EC,0x2F03A2A,62,ascii,"Again, I apologize for the other\nday.  I really had no idea.  ",,si,
0x2F03A3C,0x2F03A46,10,ascii,Arigato.  ,,,
0x2F03A58,0x2F03A66,14,ascii,Not at all.   ,,si,
0x2F03A78,0x2F03AC2,74,ascii,"The Garden is a zero-gravity\nenvironment, so take care in\nregard to SAS.  ",,si,
0x2F03AD4,0x2F03AE2,14,ascii,I'll be fine. ,,si,
0x2F03AF4,0x2F03B1E,42,ascii,I'm already in heaven after seeing\nyou.   ,,si,
0x2F03B30,0x2F03B42,18,ascii,"Oh, you're good.  ",,,
0x2F03B54,0x2F03B7E,42,ascii,"There's nothing wrong with a little\nfun,  ",,si,
0x2F03B90,0x2F03BB6,38,ascii,"but behave yourself up there,\nokay?   ",,si,
0x2F03BC8,0x2F03BE6,30,ascii,"Have a nice time, Policenauts.",,si,
0x2F0E763,0x2F0E76E,11,ascii,"""1!1CAAC%!B",si,,
0x2F0FD65,0x2F0FD70,11,ascii," 1 ""4C35C N",,,
0x2F319A2,0x2F319AF,13,ascii, ATDDSR%VeEF',si,,
0x2F3C416,0x2F3C420,10,ascii,"D%BT""S4 Eb",,,
0x2F44192,0x2F4419E,12,ascii,"2QB4S0""D4c2U",si,,
0x2F49DD2,0x2F49DE0,14,ascii,32333323423333,si,,
0x2F49E72,0x2F49E80,14,ascii,ETEUDVD2CDED35,si,,
0x2F49EC2,0x2F49ED0,14,ascii,C3TED434BSD2UT,si,,
0x2F49EE2,0x2F49EF0,14,ascii,4C4UTUE3UUDFTD,si,,
0x2F49EF2,0x2F49F00,14,ascii,DEfDUETfUDDe4D,si,,
0x2F49F02,0x2F49F10,14,ascii,EeDEFUeETEDUU5,si,,
0x2F49F22,0x2F49F30,14,ascii,DUUDEUfVeeUEeV,si,,
0x2F49FC2,0x2F49FD0,14,ascii,333323333C4C43,si,,
0x2F4A032,0x2F4A040,14,ascii,334C43C4CD33C4,si,,
0x2F4A082,0x2F4A090,14,ascii,DDfFTEEET4DUUT,si,,
0x2F4A092,0x2F4A0A0,14,ascii,TTTU5CD3D4C3DE,si,,
0x2F4A0A2,0x2F4A0B0,14,ascii,CDCD34D3D5DDTC,si,,
0x2F4A0B2,0x2F4A0C0,14,ascii,D3D4D4C4CDSUTT,si,,
0x2F4A0C2,0x2F4A0D0,14,ascii,D4343DUEUTT3Df,si,,
0x2F4A0D2,0x2F4A0E0,14,ascii,DTD4TVfEUefVff,si,,
0x2F4A0E2,0x2F4A0F1,15,ascii,"3343D3CC433DD4,",si,,
0x2F4B162,0x2F4B170,14,ascii,D3333C33333333,si,,
0x2F4B172,0x2F4B180,14,ascii,VVUTVeeefeEUUU,si,,
0x2F4B182,0x2F4B190,14,ascii,TUEU4E5TTT5SDU,si,,
0x2F4B192,0x2F4B1A0,14,ascii,UTTDUTdTEUUVdf,si,,
0x2F4B352,0x2F4B360,14,ascii,3C33C433333323,si,,
0x2F4B362,0x2F4B370,14,ascii,FUDUEUUT3D4CD4,si,,
0x2F4B462,0x2F4B470,14,ascii,TVUeTefVeUUffe,si,,
0x2F4B472,0x2F4B480,14,ascii,EUfUUEUeVEEUVf,si,,
0x2F4B482,0x2F4B490,14,ascii,eeeeUdEUUTUfVf,si,,
0x2F4DF02,0x2F4DF10,14,ascii,5423TBD5DeUeCU,si,,
0x2F4DFF2,0x2F4E000,14,ascii,4e532dS3BDDTTe,si,,
0x2F4E002,0x2F4E010,14,ascii,3C3333C332D343,si,,
0x2F4E012,0x2F4E020,14,ascii,3333232234433C,si,,
0x2F4E032,0x2F4E040,14,ascii,fFE33D33UU4SDD,si,,
0x2F4E052,0x2F4E060,14,ascii,T3CTED3DUD433U,si,,
0x2F4E062,0x2F4E070,14,ascii,VEUV4CDUDSVEEU,si,,
0x2F4E072,0x2F4E080,14,ascii,UUTU5CDDDEU4CC,si,,
0x2F4E092,0x2F4E0A0,14,ascii,3DTTUU3DE5CDDD,si,,
0x2F4E0A2,0x2F4E0B0,14,ascii,D5DUTUEUUUUEUe,si,,
0x2F4E152,0x2F4E160,14,ascii,D3333333333322,si,,
0x2F4E202,0x2F4E210,14,ascii,4CD3D4CD3D4CUT,si,,
0x2F4E212,0x2F4E220,14,ascii,UEUUTUUEUUTUEU,si,,
0x2F4E222,0x2F4E230,14,ascii,UTUEUeffffffff,si,,
0x2F5F812,0x2F5F820,14,ascii,DU23TD3TUT4SDU,si,,
0x2F64182,0x2F64190,14,ascii,ffffffffffffff,si,,
0x2F64192,0x2F641A0,14,ascii,ffffffffffVfff,si,,
0x2F641A2,0x2F641B0,14,ascii,ffffffffffffff,si,,
0x2F65870,0x2F65892,34,ascii,This is a linear motor elevator.  ,,si,
0x2F658A4,0x2F658E2,62,ascii,"Unlike the traction or hydraulic\nelevators you get on Home,   ",,si,
0x2F658F4,0x2F6591A,38,ascii,this runs on a superconducting\nmotor. ,,si,
0x2F6592C,0x2F6595E,50,ascii,"That makes it faster, smoother and\nmore accurate. ",,si,
0x2F67BC2,0x2F67BD0,14,ascii,3323334D434DDD,si,,
0x2F68B42,0x2F68B4E,12,ascii,"32C12""""""100""",si,,
0x2F7B442,0x2F7B44D,11,ascii,452ue5DE!1Q,si,,
0x2F8B7B2,0x2F8B7BC,10,ascii,"""CtSdCf524",si,,
0x2F8F960,0x2F8F97E,30,ascii,"Check it out.  Some view, huh?",,si,
0x2F8F990,0x2F8F99A,10,ascii,Amazing.  ,,,
0x2F8F9AC,0x2F8F9CA,30,ascii,"We created this entire world, ",,si,
0x2F8F9DC,0x2F8FA02,38,ascii,right out in the middle of nothing.   ,,si,
0x2F8FA14,0x2F8FA46,50,ascii,We might not be dependent on\nevolution anymore.   ,,si,
0x2F8FA58,0x2F8FA6E,22,ascii,I wouldn't be so sure.,,si,
0x2F8FA80,0x2F8FABA,58,ascii,Mother Nature's still throwing\neverything she's got at us.,,si,
0x2F8FACC,0x2F8FAFA,46,ascii,Space is full of disasters waiting to\nhappen. ,,si,
0x2F8FB0C,0x2F8FB2E,34,ascii,This is a dangerous place to be.  ,,si,
0x2F8FB40,0x2F8FB7E,62,ascii,"And the more defiant we become,\nthe more dangerous it gets.   ",,si,
0x2FA65E6,0x2FA65F1,11,ascii,PLNO.ON??/',,si,
0x2FA8234,0x2FA823E,10,ascii,",43DE3""2D%",si,,
0x2FB5452,0x2FB5460,14,ascii,VSTTUUDCD4TUD3,si,,
0x2FB63B2,0x2FB63C0,14,ascii,3333C3D4333333,si,,
0x2FB7422,0x2FB7430,14,ascii,33CC343433D434,si,,
0x2FB7442,0x2FB7450,14,ascii,V4eUES5S3UTdeT,si,,
0x2FB7642,0x2FB7650,14,ascii,333333332C3323,si,,
0x2FB8092,0x2FB80A0,14,ascii,434CC3333323C3,si,,
0x2FB8742,0x2FB8750,14,ascii,TeT54C4DTTUUUU,si,,
0x2FB9A22,0x2FB9A2C,10,ascii,!! 3% RQ3T,,,
0x2FBB1A2,0x2FBB1AC,10,ascii,FD6UDEEfU4,si,,
0x2FCDDD5,0x2FCDDE0,11,ascii,"2C""1B4!34CU",si,,
0x2FDC872,0x2FDC87E,12,ascii,"1!2O1""0P""43!",si,,
0x2FEFDC2,0x2FEFDCE,12,ascii,DdcUR76eUt%S,si,,
0x2FF2E32,0x2FF2E3C,10,ascii,DETScSSSSS,si,,
0x2FF90A0,0x2FF90C2,34,ascii,We're in the center of the colony.,,si,
0x2FF90D4,0x2FF90FA,38,ascii,Watch out for SAS while we're\nhere.   ,,si,
0x2FF910C,0x2FF912E,34,ascii,"Yeah, I know.  Look ma, no feet.  ",,si,
0x2FF9140,0x2FF917E,62,ascii,I wonder if that SAS drug I took\non the plane will still work.,,si,
0x2FF9190,0x2FF91BA,42,ascii,That one Tokugawa\nPharmaceuticals makes?  ,,si,
0x2FF91CC,0x2FF91D6,10,ascii,Who else. ,,si,
0x2FFAEA2,0x2FFAEB0,14,ascii,TUDTUdDUETVTCC,si,,
0x30004C2,0x30004D0,14,ascii,UfD22233341TUU,si,,
0x3000662,0x3000670,14,ascii,DBT42S52E5DD3C,si,,
0x3000692,0x30006A0,14,ascii,RF3DD%4CeTD4Uf,si,,
0x3001002,0x3001010,14,ascii,43232A33DD4433,si,,
0x300EAC2,0x300EAD0,14,ascii,FSEFTDTTUU4VUf,si,,
0x300EAD2,0x300EAE0,14,ascii,"3223""323C3333""",si,,
0x3020682,0x302068C,10,ascii,14SR%cCFcR,si,,
0x3028C03,0x3028C0D,10,ascii,"""!23BQ4C04",si,,
0x3031070,0x30310A2,50,ascii,"So this is their zero-G\nplayground, the Garden.   ",,si,
0x30310B4,0x30310CE,26,ascii,This is my kinda party.   ,,si,
0x30310E0,0x30310FA,26,ascii,Let's look for Tokugawa.  ,,si,
0x30333A3,0x30333B0,13,ascii,033433CD43DDD,si,,
0x3034732,0x303473C,10,ascii,"""!011B122 ",,,
0x303A252,0x303A260,14,ascii,TDUeDB4DC!3TUD,si,,
0x303A272,0x303A280,14,ascii,"33""""333""2333D4",si,,
0x303A3E3,0x303A3EF,12,ascii,"QUCUD""""3DFdU",si,,
0x303A422,0x303A430,14,ascii,V5RU3DTDTfVVec,si,,
0x303A462,0x303A470,14,ascii,"D5DTeE""3CTU2D4",si,,
0x303A482,0x303A490,14,ascii,"""D4DEU3""TeE2DV",si,,
0x303A4E2,0x303A4F0,14,ascii,"4D3TVfeU4""DeUU",si,,
0x303A4F2,0x303A500,14,ascii,VDUUeDVFUFUTUV,si,,
0x303A6E2,0x303A6F0,14,ascii,D3333333333323,si,,
0x303A6F2,0x303A700,14,ascii,DSdfUTE2CCBECE,si,,
0x303A842,0x303A850,14,ascii,2C34313DDUUU5D,si,,
0x303A852,0x303A860,14,ascii,"""""333333CD3333",si,,
0x303A8C2,0x303A8D0,14,ascii,EEUVUUVVDSVVf3,si,,
0x303A912,0x303A920,14,ascii,"""33DDDE3eVFUDE",si,,
0x303A9A2,0x303A9B0,14,ascii,eTeVUUVeeeF4TU,si,,
0x303AA62,0x303AA70,14,ascii,"""3323333C34333",si,,
0x303ABE2,0x303ABF0,14,ascii,"""""""333333334DC",si,,
0x303AD22,0x303AD30,14,ascii,VTeeeUUEDTeUDE,si,,
0x303AE82,0x303AE90,14,ascii,DETDDDEeeeVFDT,si,,
0x303AF62,0x303AF70,14,ascii,ffVfeVeVfUEUUC,si,,
0x303B042,0x303B050,14,ascii,TDDCCC3C4C4DDD,si,,
0x303B052,0x303B060,14,ascii,DTeUUEETUEU4DE,si,,
0x303B062,0x303B070,14,ascii,EDEDTDDDD5DUTE,si,,
0x303B072,0x303B080,14,ascii,EDCD4DDDDCD3DD,si,,
0x303B082,0x303B090,14,ascii,CDDDDDD334DD4D,si,,
0x303B092,0x303B0A0,14,ascii,DCDDDTTUUUUUUE,si,,
0x303B0A2,0x303B0B0,14,ascii,TTUTETUUUVUeUU,si,,
0x303B0E2,0x303B0F0,14,ascii,323D33C32333CD,si,,
0x303B102,0x303B110,14,ascii,33333333333CDD,si,,
0x303B112,0x303B120,14,ascii,DDDDDDDD333333,si,,
0x303B152,0x303B160,14,ascii,DDDDDC3C3334D4,si,,
0x303B172,0x303B180,14,ascii,3334DC3C43C334,si,,
0x303B182,0x303B190,14,ascii,343333D33DD333,si,,
0x303B192,0x303B1A0,14,ascii,UeUUeeTEUTTTSU,si,,
0x303B1A2,0x303B1B0,14,ascii,UDT4DDDC44DDC4,si,,
0x303B1B2,0x303B1BE,12,ascii,"CDC4DD343""3""",si,,
0x303B232,0x303B240,14,ascii,3C3433CCCC2333,si,,
0x303B242,0x303B250,14,ascii,"""3233C44CCD4DD",si,,
0x303B252,0x303B260,14,ascii,3DCD4DDCDDC4DC,si,,
0x303B262,0x303B270,14,ascii,DDDDE44CC33244,si,,
0x303B272,0x303B280,14,ascii,4D3D33CCCDDDCD,si,,
0x303B282,0x303B290,14,ascii,DDC4DCC3443C33,si,,
0x303B292,0x303B2A0,14,ascii,4344C333CC4434,si,,
0x303B2A2,0x303B2B0,14,ascii,DC4DC3CCC3333C,si,,
0x303B2C2,0x303B2D0,14,ascii,DC3C34DCD33343,si,,
0x303B342,0x303B350,14,ascii,"""""""""""21""22""""""""",si,,
0x303B3A2,0x303B3B0,14,ascii,333243D343CC3C,si,,
0x303B3B2,0x303B3C0,14,ascii,4D4DDCDDD4DTCD,si,,
0x303B3C2,0x303B3D0,14,ascii,DDC4D444433333,si,,
0x303B3D2,0x303B3E0,14,ascii,C3344CCD3DCCC4,si,,
0x303B3E2,0x303B3F0,14,ascii,443BC444C332D3,si,,
0x303B412,0x303B420,14,ascii,33444433CC3433,si,,
0x303B422,0x303B430,14,ascii,4444433333C3CC,si,,
0x303B546,0x303B550,10,ascii,"""""""!""!!""!""",si,,
0x303F762,0x303F770,14,ascii,334D33C3333333,si,,
0x303F772,0x303F780,14,ascii,33333344334333,si,,
0x303F782,0x303F790,14,ascii,33C33433333433,si,,
0x303F792,0x303F7A0,14,ascii,33D43333333CDD,si,,
0x303FD42,0x303FD50,14,ascii,DDDDDDDDD43333,si,,
0x303FD52,0x303FD60,14,ascii,333333DDDDDDDD,si,,
0x303FD62,0x303FD70,14,ascii,DD43333333333D,si,,
0x303FD72,0x303FD80,14,ascii,DDDDDDDDD33333,si,,
0x303FD82,0x303FD90,14,ascii,333333DDDDDDDD,si,,
0x3040F12,0x3040F20,14,ascii,3C433CDDD3CDDD,si,,
0x3040F22,0x3040F30,14,ascii,DDDDDD43333DCD,si,,
0x3040F32,0x3040F40,14,ascii,33CD333CDD3333,si,,
0x3040F42,0x3040F50,14,ascii,33DCD3CDDDDDD4,si,,
0x3040F52,0x3040F60,14,ascii,3343CDD433CDC4,si,,
0x3040F62,0x3040F70,14,ascii,334343333D3CC3,si,,
0x3040F72,0x3040F80,14,ascii,C4D33D333C43DC,si,,
0x3040F82,0x3040F90,14,ascii,333CDD43CDDDDD,si,,
0x3041372,0x3041380,14,ascii,3333CDDDDDDD43,si,,
0x3041382,0x3041390,14,ascii,effffefVfeVfef,si,,
0x3041392,0x30413A0,14,ascii,VfeeVfeeeVfefV,si,,
0x30413A2,0x30413B0,14,ascii,feVeffVffeVeff,si,,
0x30413B2,0x30413C0,14,ascii,eUVUeUUUeUUVUD,si,,
0x30413C2,0x30413D0,14,ascii,DETUUUEDDDDDUE,si,,
0x30413D2,0x30413E0,14,ascii,EdDUUT5FDTDDEd,si,,
0x30413E2,0x30413F0,14,ascii,DDUUUUEUTU5UDD,si,,
0x30413F2,0x3041400,14,ascii,DEETUUUEEDTTDD,si,,
0x3041402,0x3041410,14,ascii,DEDUDDEUUFTEUD,si,,
0x3041412,0x3041420,14,ascii,UDUEUUEDTUDDTU,si,,
0x3041422,0x3041430,14,ascii,TUDEDUUUDDUUDU,si,,
0x3041432,0x3041440,14,ascii,EeTeTEeUDFTUTD,si,,
0x3041442,0x3041450,14,ascii,TFTUUUFDUeDTUS,si,,
0x3041452,0x3041460,14,ascii,FTUETDDTEUUUDU,si,,
0x3041462,0x3041470,14,ascii,UDUeDTETEDEdDT,si,,
0x3041472,0x3041480,14,ascii,UTEUUEEDTDUUUU,si,,
0x3041482,0x3041490,14,ascii,UTUUUDTUEDDETU,si,,
0x3041492,0x30414A0,14,ascii,TUDDDDDDUUEUDD,si,,
0x30414A2,0x30414B0,14,ascii,DEUEDDDUEDTED5,si,,
0x30414B2,0x30414C0,14,ascii,UUDDUETEUUDDUU,si,,
0x30414C2,0x30414D0,14,ascii,4FUDTDTDDTUUUU,si,,
0x30414D2,0x30414E0,14,ascii,UUTUUUEDDUUUUU,si,,
0x30414E2,0x30414F0,14,ascii,EUUUUUUUUUUTDD,si,,
0x30414F2,0x3041500,14,ascii,DDUFDTUUUUDUUE,si,,
0x3041502,0x3041510,14,ascii,DTEUUUEDTUUDDU,si,,
0x3041512,0x3041520,14,ascii,USUUEDDUFDTUeD,si,,
0x3041522,0x3041530,14,ascii,DDTUUUUUEDTDUU,si,,
0x3041532,0x3041540,14,ascii,ETDDDTUUDTUUDU,si,,
0x3041542,0x3041550,14,ascii,UUUTUEETDDTUTD,si,,
0x3041552,0x3041560,14,ascii,TETUUEDTEDDDTD,si,,
0x3041562,0x3041570,14,ascii,TEDDTEDDDDTUUU,si,,
0x3041572,0x3041580,14,ascii,EDDUUDUUUUUEDD,si,,
0x3041582,0x3041590,14,ascii,EDDETDEDDDUFFD,si,,
0x3041592,0x30415A0,14,ascii,TEETUDDTUDDDUU,si,,
0x30415A2,0x30415B0,14,ascii,UUUUUUDUUTUUUU,si,,
0x30415B2,0x30415C0,14,ascii,EDUFDUUDUEUTUT,si,,
0x30415C2,0x30415D0,14,ascii,EDUUDUDUUTUUDT,si,,
0x30415D2,0x30415E0,14,ascii,UUUTTDDUEDUETU,si,,
0x30415E2,0x30415F0,14,ascii,UETDTEDDEedDDU,si,,
0x30415F2,0x3041600,14,ascii,UUEEEDTDUDDDTE,si,,
0x3041602,0x3041610,14,ascii,UEETeDTTUDTDTE,si,,
0x3041612,0x3041620,14,ascii,TUUUEDEDUETEDD,si,,
0x3041622,0x3041630,14,ascii,EDDDUUUTUEDTDD,si,,
0x3041632,0x3041640,14,ascii,UETUTDUDUDETDE,si,,
0x3041642,0x3041650,14,ascii,TDEETSTSDUES5D,si,,
0x3041652,0x3041660,14,ascii,ETDETEETETDETE,si,,
0x3041662,0x3041670,14,ascii,TDTDUDTDDUTETT,si,,
0x3041672,0x3041680,14,ascii,ETDETDDTTDEETD,si,,
0x3041682,0x3041690,14,ascii,5UCTETDETTDDEE,si,,
0x3041692,0x30416A0,14,ascii,DEEEEDTEDETDET,si,,
0x30416A2,0x30416B0,14,ascii,DDETDTDE5E5ETT,si,,
0x30416B2,0x30416C0,14,ascii,DDETDETEDETDDD,si,,
0x30416C2,0x30416D0,14,ascii,S5U5UCTDEETVeU,si,,
0x30416D2,0x30416E0,14,ascii,UVUUUVUeUVUeUU,si,,
0x30416E2,0x30416F0,14,ascii,UeUUVeUUVVUeUf,si,,
0x30416F2,0x3041700,14,ascii,eeVVVfeeeeeeVV,si,,
0x3041702,0x3041710,14,ascii,feeefeeVfeeeeU,si,,
0x3041712,0x3041720,14,ascii,VfeeefVVUVfffe,si,,
0x3041722,0x3041730,14,ascii,eeffefefeVffeV,si,,
0x3041732,0x3041740,14,ascii,efeeVfVfeeeVVf,si,,
0x3041742,0x3041750,14,ascii,33333DDD333333,si,,
0x3041B32,0x3041B40,14,ascii,DDDDDDDD433333,si,,
0x3041B42,0x3041B50,14,ascii,33333CDDDDDDDD,si,,
0x3041ED2,0x3041EE0,14,ascii,DDDDDDD3333333,si,,
0x3041EE2,0x3041EF0,14,ascii,3333D443C3C334,si,,
0x3041EF2,0x3041F00,14,ascii,4343343C334333,si,,
0x3041F02,0x3041F10,14,ascii,3C333343C3333C,si,,
0x3041F12,0x3041F20,14,ascii,33333344C3343C,si,,
0x3041F22,0x3041F30,14,ascii,33C3343C334CC3,si,,
0x3041F32,0x3041F40,14,ascii,443C3C33C333C3,si,,
0x3041F42,0x3041F50,14,ascii,VffefVfeUVUeUU,si,,
0x3041F52,0x3041F60,14,ascii,UeUUVeUUVUUUFU,si,,
0x3041F62,0x3041F70,14,ascii,TEUEUTEUEeTEUT,si,,
0x3041F72,0x3041F80,14,ascii,UETUEUTUUTEeDU,si,,
0x3041F82,0x3041F90,14,ascii,TEUEUTUEUTUEUT,si,,
0x3041F92,0x3041FA0,14,ascii,VEeTTFUTEEUTUU,si,,
0x3041FA2,0x3041FB0,14,ascii,TEUTEUTFUTFUUU,si,,
0x3041FB2,0x3041FC0,14,ascii,DUUDe4DDDDCD4D,si,,
0x3041FC2,0x3041FD0,14,ascii,DDDCD4DDD4DC3C,si,,
0x3041FD2,0x3041FE0,14,ascii,34DC3CC34C4C34,si,,
0x3041FE2,0x3041FF0,14,ascii,44CC43444C4C3D,si,,
0x3041FF2,0x3042000,14,ascii,3D3C4C4443D3CC,si,,
0x3042002,0x3042010,14,ascii,43434C4C43434C,si,,
0x3042012,0x3042020,14,ascii,4CC343D3CC4CC4,si,,
0x3042022,0x3042030,14,ascii,3443D3CC3CC344,si,,
0x3042032,0x3042040,14,ascii,344343C4CC3443,si,,
0x3042042,0x3042050,14,ascii,D3CC43C434433D,si,,
0x3042052,0x3042060,14,ascii,33CC3CC3CC4344,si,,
0x3042062,0x3042070,14,ascii,3443C433CC4334,si,,
0x3042072,0x3042080,14,ascii,4344D3344443CC,si,,
0x3042082,0x3042090,14,ascii,3333CC43CCC334,si,,
0x3042092,0x30420A0,14,ascii,44334D3C34CCCC,si,,
0x30420A2,0x30420B0,14,ascii,33CCCCCCCC3333,si,,
0x30420B2,0x30420C0,14,ascii,333333CC333333,si,,
0x30420C2,0x30420D0,14,ascii,33333C34444333,si,,
0x30420D2,0x30420E0,14,ascii,33CCCC33333333,si,,
0x3042122,0x3042130,14,ascii,C3334444444333,si,,
0x3042132,0x3042140,14,ascii,3CC3CCCCCCCC33,si,,
0x3042172,0x3042180,14,ascii,BC33343CC33244,si,,
0x3042192,0x30421A0,14,ascii,3334433433C332,si,,
0x30421A2,0x30421B0,14,ascii,43CC33B33343CC,si,,
0x30421B2,0x30421C0,14,ascii,332433C3CC3344,si,,
0x30421F2,0x3042200,14,ascii,34444433DCDDD4,si,,
0x3042202,0x3042210,14,ascii,DDCDDD4TETDDDT,si,,
0x3042212,0x3042220,14,ascii,UUEEDTUUDDD5UU,si,,
0x3042222,0x3042230,14,ascii,DDTUEDDUUDDUED,si,,
0x3042232,0x3042240,14,ascii,UEDUDDUTDUDDUD,si,,
0x3042242,0x3042250,14,ascii,DUEDUEDUTSVUeU,si,,
0x3042252,0x3042260,14,ascii,VUeUUUeUUVeUef,si,,
0x3042262,0x3042270,14,ascii,eVffeVVfefVfUf,si,,
0x3042272,0x3042280,14,ascii,VeVfeVefUfVfVf,si,,
0x3042282,0x3042290,14,ascii,VVVfefefUfVfVf,si,,
0x3042292,0x30422A0,14,ascii,eVVfUfVVffeVfV,si,,
0x30422A2,0x30422B0,14,ascii,feeVeVfeefVfff,si,,
0x30422B2,0x30422C0,14,ascii,DDDDDDDDDD4333,si,,
0x30425E2,0x30425F0,14,ascii,43DDDD3C3C3CDD,si,,
0x3042602,0x3042610,14,ascii,D4DDDD43C3CDCD,si,,
0x3042622,0x3042630,14,ascii,DDDDDDDD433333,si,,
0x3042632,0x3042640,14,ascii,VUVefUUUfVUUef,si,,
0x3042642,0x3042650,14,ascii,UUUfVUVeVUeUVV,si,,
0x3042652,0x3042660,14,ascii,UeeUeUVVUeeUVU,si,,
0x3042662,0x3042670,14,ascii,fUUeeUVUVVUeeU,si,,
0x3042672,0x3042680,14,ascii,VUVUeUVUeUUUeU,si,,
0x3042682,0x3042690,14,ascii,UVeUUDDEDDEDDD,si,,
0x3042692,0x30426A0,14,ascii,DDDDDDDDDDDDD5,si,,
0x30426A2,0x30426B0,14,ascii,DDDEDDTDDDDDDD,si,,
0x30426B2,0x30426C0,14,ascii,DDDDDDDDDD4TD4,si,,
0x30426C2,0x30426D0,14,ascii,DT4DDSDDCDDDDD,si,,
0x30426D2,0x30426E0,14,ascii,"DCDDDDDDC23""3""",si,,
0x304A212,0x304A220,14,ascii,"&""2D44""4CC4DdU",si,,
0x304A232,0x304A240,14,ascii,432CU53DE34TE2,si,,
0x304A6C2,0x304A6D0,14,ascii,3CDD3233C433C4,si,,
0x304B353,0x304B35F,12,ascii,"?P5"" oS&CC""2",,,
0x304D706,0x304D710,10,ascii,"!C3""""2""!!""",si,,
0x304D892,0x304D8A0,14,ascii,%C&!1TfEDTeffU,si,,
0x304D8B2,0x304D8C0,14,ascii,B333df%2VUVUUU,si,,
0x304D8C2,0x304D8CF,13,ascii,DeEDD3d5243DD,si,,
0x304D8F2,0x304D900,14,ascii,DVUeEcV4dDDTeE,si,,
0x304D902,0x304D910,14,ascii,"""""""33""23D3D34C",si,,
0x304F870,0x304F882,18,ascii,This is new to me.,,si,
0x304F894,0x304F8B6,34,ascii,Talk about heavy-duty hardware.   ,,si,
0x304F8C8,0x304F8EA,34,ascii,Are we looking at a military\nEMPS?,,si,
0x3051C32,0x3051C40,14,ascii,"!""43223SETUUDT",si,,
0x3051C62,0x3051C70,14,ascii,3343343433C4D4,si,,
0x305B324,0x305B32E,10,ascii,0E44TCBD?/,si,,
0x3067CB2,0x3067CC0,14,ascii,UUeUVeUTEUEUUV,si,,
0x3067CC2,0x3067CD0,14,ascii,deEDDDDTDDEUVe,si,,
0x3067CD2,0x3067CE0,14,ascii,UUUEUVVUfeVVfe,si,,
0x3067CE2,0x3067CF0,14,ascii,UUVUfeUeUUUVUV,si,,
0x3067CF2,0x3067D00,14,ascii,eFVVeUVUeUUeeU,si,,
0x3067D02,0x3067D10,14,ascii,eUUeUVeUeeffef,si,,
0x3067D12,0x3067D20,14,ascii,333333333333C3,si,,
0x3067D22,0x3067D30,14,ascii,33333333343333,si,,
0x30698A0,0x30698BE,30,ascii,They're escorts for the party.,,si,
0x30698D0,0x30698E6,22,ascii,I've heard about them.,,si,
0x30698F8,0x306991E,38,ascii,They must be Tokugawa's\nRebirthers.   ,,si,
0x3069930,0x306993E,14,ascii,Rebirthers?   ,si,,
0x3069950,0x306995E,14,ascii,Cloned humans.,,,
0x3069970,0x30699A2,50,ascii,They take the DNA of famous\nactresses and models  ,,si,
0x30699B4,0x30699E6,50,ascii,and create exact copies of the\noriginal person.   ,,si,
0x30699F8,0x3069A42,74,ascii,"They're not allowed to ""rebirth""\nsomeone until 20 years after their\ndeath.",,si,
0x3069A54,0x3069A8A,54,ascii,Naturally they aren't considered\nthe same individual. ,,si,
0x3069A9C,0x3069ACE,50,ascii,They're treated as blood relatives\nof Tokugawa.   ,,si,
0x3069AE0,0x3069B02,34,ascii,They don't always talk to people. ,,si,
0x3069B14,0x3069B4A,54,ascii,They should learn some manners\nfrom our girlfriends.  ,,si,
0x306B6B2,0x306B6C0,14,ascii,"32CDTUED43""DBD",si,,
0x3085375,0x3085380,11,ascii,"!dcVT4d%""4e",si,,
0x30865F3,0x3086601,14,ascii,"4C%""%3Blc03O3,",si,,
0x3086DE6,0x3086DF1,11,ascii,"4!1!  !!""!,",,,
0x308D242,0x308D24C,10,ascii,"ee%D3""!TD2",si,,
0x30A9715,0x30A971F,10,ascii,"oCR6ADUD2""",si,,
0x30ACE43,0x30ACE4D,10,ascii,"3""1QB1!30""",si,,
0x30B0B75,0x30B0B81,12,ascii,Q7F!TfUTe%74,si,,
0x30B25E4,0x30B25EE,10,ascii,"13C""""C4""""2",si,,
0x30B9242,0x30B9250,14,ascii,453TfE5CFET54B,si,,
0x30B9262,0x30B9270,14,ascii,2CCD%2UV453!DB,si,,
0x30B9272,0x30B927C,10,ascii,CDETDU5AT4,,si,
0x30B92E2,0x30B92F0,14,ascii,"2""24""4433CD4C4",si,,
0x30B9722,0x30B9730,14,ascii,"4T4DU4D332BD3""",si,,
0x30B9732,0x30B9740,14,ascii,244TD33CUDE3TE,si,,
0x30B9A93,0x30B9AA0,13,ascii,"""""""""""""""2""""2C3",si,,
0x30BA062,0x30BA06C,10,ascii,"feVU512""!""",si,,
0x30BA322,0x30BA330,14,ascii,43TDD32C23DfTU,si,,
0x30BA332,0x30BA33D,11,ascii,eEUefUUETTE,si,,
0x30BA4D2,0x30BA4E0,14,ascii,fEefUUTDEEDDDD,si,,
0x30BA4E2,0x30BA4F0,14,ascii,CDeVEUETTU44ED,si,,
0x30BA672,0x30BA680,14,ascii,"DTB32D33D4""CDD",si,,
0x30BA892,0x30BA8A0,14,ascii,"4DC333""""2333""""",si,,
0x30BA8A2,0x30BA8B0,14,ascii,CEDDDDC4C3DD4B,si,,
0x30BA8C2,0x30BA8D0,14,ascii,TUUEU5UUUdfffV,si,,
0x30BAD92,0x30BADA0,14,ascii,CDC4CC33CC3333,si,,
0x30BADB2,0x30BADC0,14,ascii,C3CCDDDCD3C4DD,si,,
0x30BAE92,0x30BAEA0,14,ascii,TdVTUfUDUUeTED,si,,
0x30BAFE2,0x30BAFF0,14,ascii,33343344434333,si,,
0x30BAFF2,0x30BB000,14,ascii,UefVUEUdUEUVdf,si,,
0x30BB002,0x30BB010,14,ascii,"TDUECD4C33442""",si,,
0x30BB012,0x30BB020,14,ascii,"222C2223323""""""",si,,
0x30BB052,0x30BB060,14,ascii,3CD5EDDUETUTUU,si,,
0x30BB1E2,0x30BB1F0,14,ascii,ffffUVUTUVEEED,si,,
0x30BB322,0x30BB330,14,ascii,efDDTUD4DTDC43,si,,
0x30BB332,0x30BB340,14,ascii,T44CDEUD3C3D44,si,,
0x30BB372,0x30BB380,14,ascii,TDD4DeDD4333TD,si,,
0x30BB382,0x30BB390,14,ascii,EETDdEEUETfVUU,si,,
0x30BB472,0x30BB480,14,ascii,4333DD33C3C443,si,,
0x30BB502,0x30BB510,14,ascii,"""!BC34C""22""2""""",si,,
0x30BB552,0x30BB560,14,ascii,3233CDE3CD332B,si,,
0x30BB562,0x30BB570,14,ascii,43DTEUUUUCTCDT,si,,
0x30BB662,0x30BB670,14,ascii,DDDDDDTCUD34CB,si,,
0x30BB682,0x30BB690,14,ascii,CD35CDEEDDTDDT,si,,
0x30BB792,0x30BB7A0,14,ascii,2333333333333C,si,,
0x30BB7A2,0x30BB7B0,14,ascii,FUUTDDDDEUDEE4,si,,
0x30BB823,0x30BB830,13,ascii,"2""""C22EdEDTTU",si,,
0x30BB9A2,0x30BB9B0,14,ascii,4444443D343D34,si,,
0x30BB9C2,0x30BB9D0,14,ascii,UfVUUDTDTDED4D,si,,
0x30BB9E6,0x30BB9F0,10,ascii,"A2""22C233D",si,,
0x30BBA02,0x30BBA10,14,ascii,D4DTUUVDTeEfUV,si,,
0x30BBB34,0x30BBB40,12,ascii,"!""43EEUdfTUf",si,,
0x30BBBB2,0x30BBBC0,14,ascii,DDC43333CDC4D3,si,,
0x30BBBF2,0x30BBC00,14,ascii,32DTDDdUTTVVfV,si,,
0x30BEAB2,0x30BEABD,11,ascii,22BCDT3D313,si,,
0x30CD0B2,0x30CD0BC,10,ascii,DT2e55 E4U,,,
0x30D7BE2,0x30D7BF0,14,ascii,4DD33C33333333,si,,
0x30D7C02,0x30D7C10,14,ascii,DTTDDEDUDDT4C2,si,,
0x30D84D2,0x30D84DF,13,ascii,DdSDCE34T337d,si,,
0x30E38D0,0x30E38DA,10,ascii,"Hi, boys. ",,,
0x30E38EC,0x30E3906,26,ascii,They look friendly enough.,,si,
0x30E3918,0x30E393A,34,ascii,I don't think they're Rebirthers. ,,,
0x30E55D2,0x30E55E0,14,ascii,SUeCSUEEDU4CEE,si,,
0x30EF872,0x30EF880,14,ascii,"UfVUEC""CEUDeV5",si,,
0x30EF912,0x30EF920,14,ascii,333C3C4DBDeTE3,si,,
0x30EF922,0x30EF930,14,ascii,CUUFVEEDTUUTTE,si,,
0x30EFA02,0x30EFA10,14,ascii,443233D4333333,si,,
0x30EFA12,0x30EFA20,14,ascii,"3422""""""""""""""""""""",si,,
0x30EFAC2,0x30EFAD0,14,ascii,CDTUUTVVTDDCCD,si,,
0x30EFC32,0x30EFC40,14,ascii,2323DDSTD4DDED,si,,
0x30EFC42,0x30EFC50,14,ascii,3SUTd4EedUED4E,si,,
0x30EFC52,0x30EFC60,14,ascii,UeUUUUeVUUEUVe,si,,
0x30EFC72,0x30EFC80,14,ascii,eECT4EE34CCDSD,si,,
0x30F21B3,0x30F21BD,10,ascii,"2 ""31BB""B1",,,
0x30F3B25,0x30F3B31,12,ascii,CA22EC42U45%,si,,
0x30F6F12,0x30F6F20,14,ascii,"""1""/ 3CDUddEES",,,
0x30FC5A6,0x30FC5B0,10,ascii,%TDUUEeuTF,si,,
0x30FE332,0x30FE340,14,ascii,"343CCA""CCUV4TF",si,,
0x30FE342,0x30FE350,14,ascii,T%TTD323C3D34T,si,,
0x30FE3A2,0x30FE3B0,14,ascii,!3B2B1CCS2TFUS,si,,
0x30FE3B2,0x30FE3C0,14,ascii,4UTCUEUU5TdESE,si,,
0x30FE432,0x30FE440,14,ascii,TeUVUUUUUfUfVU,si,,
0x30FE452,0x30FE460,14,ascii,"323343""""334343",si,,
0x30FE482,0x30FE490,14,ascii,EUDT4EC4DDTTTU,si,,
0x30FF0A0,0x30FF0B2,18,ascii,"Go ahead, then.   ",,si,
0x30FF0E0,0x30FF0EA,10,ascii,Jonathan! ,si,,
0x31014B2,0x31014C0,14,ascii,DDDDDETDTDDDDT,si,,
0x31014C2,0x31014D0,14,ascii,DEEEEDDTDTDEDE,si,,
0x31014D2,0x31014E0,14,ascii,DE5DDDD4DCD4DC,si,,
0x3101512,0x3101520,14,ascii,333C4DD4CDDDDT,si,,
0x3101522,0x3101530,14,ascii,TETDTUETTEDTeT,si,,
0x3101532,0x3101540,14,ascii,FUUUEUUUTDUUdD,si,,
0x3101552,0x3101560,14,ascii,33333C3D3D3333,si,,
0x3101562,0x3101570,14,ascii,UVUUFTVeVfeUTV,si,,
0x3101572,0x3101580,14,ascii,33333C433CD34C,si,,
0x3101582,0x3101590,14,ascii,4DC3DD44D33333,si,,
0x31015C2,0x31015D0,14,ascii,"C3""1D53DECEU52",si,,
0x3102DA7,0x3102DB1,10,ascii,"!B2TFEU5Y""",si,,
0x3108702,0x3108710,14,ascii,331S6C42AT5DT2,,si,
0x3108F62,0x3108F6C,10,ascii,3BCTVDVdE4,si,,
0x31091E3,0x31091F0,13,ascii,"""33TEED!""D22S",si,,
0x31138C8,0x31138D6,14,ascii,"Oh, alright.  ",,,
0x3113904,0x3113912,14,ascii,Mi amore....  ,,,
0x311D854,0x311D85E,10,ascii, !!22SAD5F,,,
0x3126BC2,0x3126BD1,15,ascii,"""e%!2G3cC5SgeS1",si,,
0x312C080,0x312C08B,11,ascii,Your turn! ,,si,
0x312C0A8,0x312C0BE,22,ascii,What are you doing!   ,,si,
0x3131DC2,0x3131DD0,14,ascii,TUUEUUUC44DCD4,si,,
0x3134D92,0x3134DA0,14,ascii,"1333""""""2333""""""",si,,
0x3134DA2,0x3134DB0,14,ascii,"2333""""""2333""""""",si,,
0x3134DB2,0x3134DC0,14,ascii,2333CC44DCD4DD,si,,
0x3134DC2,0x3134DD0,14,ascii,C44DCC44DCD4DD,si,,
0x3134DD2,0x3134DE0,14,ascii,C44DCC44DUUUTU,si,,
0x3134DE2,0x3134DF0,14,ascii,UEUUUTUUEUUUTU,si,,
0x3134DF2,0x3134E00,14,ascii,UEUUUTUUEUUUef,si,,
0x3134E02,0x3134E10,14,ascii,3333C34C343333,si,,
0x3134E12,0x3134E21,15,ascii,"3333C34C343333,",si,,
0x31380C3,0x31380D0,13,ascii,"""!""!""O ""!A/!!",,,
0x3138763,0x313876E,11,ascii,"!01 !10O !""",,,
0x31418F0,0x314190A,26,ascii,I'm done talking to you.  ,,si,
0x314191C,0x3141926,10,ascii,Get lost. ,,,
0x3141938,0x3141956,30,ascii,I don't think she likes us.   ,,si,
0x3143C52,0x3143C60,14,ascii,DDEDDUUdfUfVfe,si,,
0x3154845,0x315484F,10,ascii,"""""""""""""""""""C",si,,
0x315B213,0x315B220,13,ascii,DRA36EDUfDTES,si,,
0x315B4B2,0x315B4C0,14,ascii,34C34C3C3C3333,si,,
0x315B4C2,0x315B4D0,14,ascii,ffffeeUVVUUUVU,si,,
0x315B4D2,0x315B4E0,14,ascii,TEUEUUTEFEUTEE,si,,
0x315D880,0x315D88E,14,ascii,Can we go now?,,si,
0x315D8A0,0x315D8C2,34,ascii,I guess that's the end of that.   ,,si,
0x315D8D4,0x315D8EA,22,ascii,So close that time.   ,,si,
0x3162C92,0x3162CA0,14,ascii,135CD4C3EBCE5E,si,,
0x3162DA2,0x3162DB0,14,ascii,V%C3C%DCT53TTE,si,,
0x3162DB3,0x3162DC0,13,ascii,33dfF2EE33B20,si,,
0x3163E72,0x3163E80,14,ascii,"""2D4CDCC4SDEfe",si,,
0x3163E82,0x3163E90,14,ascii,UV6E4TcdUeVfee,si,,
0x3163E92,0x3163EA0,14,ascii,UET55UEDF4VVES,si,,
0x3163EA2,0x3163EB0,14,ascii,UU4CDD443S3T34,si,,
0x3163EC2,0x3163ED0,14,ascii,SEDEDeVffeeffU,si,,
0x3163ED2,0x3163EE0,14,ascii,VfeFUVUTTEEVVT,si,,
0x3163EE2,0x3163EF0,14,ascii,DDDER4UEDUDTUU,si,,
0x31640A2,0x31640B0,14,ascii,VUEEU5U3S132B2,si,,
0x31640E2,0x31640F0,14,ascii,eVdfUUUUeEFVVS,si,,
0x31640F2,0x3164100,14,ascii,CC3DDVVUUUETfV,si,,
0x3164122,0x3164130,14,ascii,TTDDDTUEEE34DU,si,,
0x3164132,0x3164140,14,ascii,TEDTTUDESFD2DS,si,,
0x3164142,0x3164150,14,ascii,SDUEUEE5CTUUEV,si,,
0x3164152,0x3164160,14,ascii,fETE4DC344CCCD,si,,
0x3164192,0x31641A0,14,ascii,4DETEDE%43TdDS,si,,
0x31641A2,0x31641B0,14,ascii,EUFEU44TDTUUET,si,,
0x31641E2,0x31641F0,14,ascii,33333334433433,si,,
0x3164202,0x3164210,14,ascii,5D45BDCDUDB4ET,si,,
0x3164252,0x3164260,14,ascii,eUeUD4444UU434,si,,
0x3164282,0x3164290,14,ascii,CSE4DDeDDEUdfU,si,,
0x3164292,0x31642A0,14,ascii,eUUTFEE4CDUT3D,si,,
0x3164342,0x3164350,14,ascii,3C4C3333333223,si,,
0x3164352,0x3164360,14,ascii,UEDDET5UEedD3E,si,,
0x3164462,0x3164470,14,ascii,3334C332333333,si,,
0x3164482,0x3164490,14,ascii,4D4333CD33C3C4,si,,
0x3164532,0x3164540,14,ascii,C3D333CD3CC333,si,,
0x3176D77,0x3176D81,10,ascii,"&B31B""3Ba,",si,,
0x3176D97,0x3176DA1,10,ascii,"4!cn13Q3P,",si,,
0x3177AF2,0x3177B00,14,ascii,43C344CC344C33,si,,
0x3177B02,0x3177B10,14,ascii,43C344CC344C33,si,,
0x3177B12,0x3177B20,14,ascii,43C344CC344C33,si,,
0x3177B22,0x3177B30,14,ascii,43C344CC34DDUD,si,,
0x3177B32,0x3177B40,14,ascii,TEDTEDUDTEDUDD,si,,
0x3177B42,0x3177B50,14,ascii,UDTEDUDTEDTEDU,si,,
0x3177B52,0x3177B60,14,ascii,DTEDUDDUDTEDUD,si,,
0x3177B62,0x3177B70,14,ascii,TEDTEDUDTEDUDD,si,,
0x3177B72,0x3177B80,14,ascii,UDTEDUDTEDTEDU,si,,
0x3177B82,0x3177B90,14,ascii,DTEDUDDUDTEDUD,si,,
0x3177B92,0x3177BA0,14,ascii,TUDTEDUDTEDUED,si,,
0x3177BA2,0x3177BB0,14,ascii,UDTEDUDTUDTEDU,si,,
0x3177BB2,0x3177BC0,14,ascii,DTEDUEDUDTEDUD,si,,
0x3177BC2,0x3177BD0,14,ascii,TUDTEDUDTEDUED,si,,
0x3177BD2,0x3177BE0,14,ascii,UDTEDUDTUDTEDU,si,,
0x3177BE2,0x3177BF0,14,ascii,DTEDUEDUDTEDUD,si,,
0x3177BF2,0x3177C00,14,ascii,TUDTEDUDTEDUED,si,,
0x3177C02,0x3177C10,14,ascii,UDTEDUDTUDTEDU,si,,
0x3177C12,0x3177C20,14,ascii,DTEDUEDUDTEDUD,si,,
0x3177C22,0x3177C30,14,ascii,TUDTEDUDTEDUED,si,,
0x3177C32,0x3177C40,14,ascii,UDTEDUDTUDTEDU,si,,
0x3177C42,0x3177C50,14,ascii,DTEDUEDUDTEDUD,si,,
0x3177C52,0x3177C60,14,ascii,TUDTEDUDTEDUED,si,,
0x3177C62,0x3177C70,14,ascii,UDTEDUDTUDTEDU,si,,
0x3177C72,0x3177C80,14,ascii,DTEDUEDUDTEDUD,si,,
0x3177C82,0x3177C90,14,ascii,TUDTEDUDTEDUED,si,,
0x3177C92,0x3177CA0,14,ascii,UDTEDUDTUDTEDU,si,,
0x3177CA2,0x3177CB0,14,ascii,DTEDUEDUDTEDUD,si,,
0x3177CB2,0x3177CC0,14,ascii,DUDTEDUDTEDTED,si,,
0x3177CC2,0x3177CD0,14,ascii,UDTEDUDDUDTEDU,si,,
0x3177CD2,0x3177CE0,14,ascii,DTEDTEDUDTEDUD,si,,
0x3177CE2,0x3177CF0,14,ascii,DUDTEDUDTEDTED,si,,
0x3177CF2,0x3177D00,14,ascii,UDTEDUDDUDTEDU,si,,
0x3177D02,0x3177D10,14,ascii,DTEDTEDUDTEDUD,si,,
0x3177D12,0x3177D20,14,ascii,DUDTEDUDTEDTED,si,,
0x3177D22,0x3177D30,14,ascii,UDTEDUDDUDTEDU,si,,
0x3177D32,0x3177D40,14,ascii,DTEDTEDUDTEDUD,si,,
0x3177D42,0x3177D50,14,ascii,DUDTEDUDTEDTED,si,,
0x3177D52,0x3177D60,14,ascii,UDTEDUDDUDTEDU,si,,
0x3177D62,0x3177D70,14,ascii,DTEDTEDUDTEDUD,si,,
0x3177D72,0x3177D80,14,ascii,DUDTEDUDTEDTED,si,,
0x3177D82,0x3177D90,14,ascii,UDTEDUDDUDTEDU,si,,
0x3177D92,0x3177DA0,14,ascii,DTEDTEDUDTEDUD,si,,
0x3177DA2,0x3177DB0,14,ascii,DUDTEDUDTEDTED,si,,
0x3177DB2,0x3177DC0,14,ascii,UDTEDUDDUDTEDU,si,,
0x3177DC2,0x3177DD0,14,ascii,DTEDTEDUDTEDUD,si,,
0x3177DD2,0x3177DE0,14,ascii,DUDTEDUDTUDTED,si,,
0x3177DE2,0x3177DF0,14,ascii,UDTEDUEDUDTEDU,si,,
0x3177DF2,0x3177E00,14,ascii,DTUDTEDUDTEDUE,si,,
0x3177E02,0x3177E10,14,ascii,DUDTEDUDTUDTED,si,,
0x3177E12,0x3177E20,14,ascii,UDTEDUEDUDTEDU,si,,
0x3177E22,0x3177E30,14,ascii,DTUDTEDUDTEDUE,si,,
0x3177E32,0x3177E40,14,ascii,DUDTEDUDTUDTED,si,,
0x3177E42,0x3177E50,14,ascii,UDTEDUEDUDTEDU,si,,
0x3177E52,0x3177E60,14,ascii,DTUDTEDUDTEDUE,si,,
0x3177E62,0x3177E70,14,ascii,DUDTEDUDTUDTED,si,,
0x3177E72,0x3177E80,14,ascii,UDTEDUEDUDTEDU,si,,
0x3177E82,0x3177E90,14,ascii,DTUDTEDUDTEDUE,si,,
0x3177E92,0x3177EA0,14,ascii,DUDTEDUDTUDTED,si,,
0x3177EA2,0x3177EB0,14,ascii,UDTEDUEDUDTEDU,si,,
0x3177EB2,0x3177EC0,14,ascii,DTUDTEDUDTEDUE,si,,
0x3177EC2,0x3177ED0,14,ascii,DUDTEDUDTUDTED,si,,
0x3177ED2,0x3177EE0,14,ascii,UDTEDUEDUDTEDU,si,,
0x3177EE2,0x3177EF0,14,ascii,DTUDTEDUDTEDUE,si,,
0x3177EF2,0x3177F00,14,ascii,DUDTEDUDDUDTED,si,,
0x3177F02,0x3177F10,14,ascii,UDTEDTEDUDTEDU,si,,
0x3177F12,0x3177F20,14,ascii,DDUDTEDUDTEDTE,si,,
0x3177F22,0x3177F30,14,ascii,DUDTEDUDDUDTED,si,,
0x3177F32,0x3177F40,14,ascii,UDTEDTEDUDTEDU,si,,
0x3177F42,0x3177F50,14,ascii,DDUDTEDUDTEDTE,si,,
0x3177F52,0x3177F60,14,ascii,DUDTEDUDDUDTED,si,,
0x3177F62,0x3177F70,14,ascii,UDTEDTEDUDTEDU,si,,
0x3177F72,0x3177F80,14,ascii,DDUDTEDUDTEDTE,si,,
0x3177F82,0x3177F90,14,ascii,DUDTEDUDDUDTED,si,,
0x3177F92,0x3177FA0,14,ascii,UDTEDTEDUDTEDU,si,,
0x3177FA2,0x3177FB0,14,ascii,DDUDTEDUDTEDTE,si,,
0x3177FB2,0x3177FC0,14,ascii,DUDTEDUDDUDTED,si,,
0x3177FC2,0x3177FD0,14,ascii,UDTEDTEDUDTEDU,si,,
0x3177FD2,0x3177FE0,14,ascii,DDUDTEDUDTEDTE,si,,
0x3177FE2,0x3177FF0,14,ascii,DUDTEDUDDUDTED,si,,
0x3177FF2,0x3178000,14,ascii,UDTEDTEDUDTEDU,si,,
0x3178002,0x3178010,14,ascii,DDUDTEDUDTEDTE,si,,
0x3178012,0x3178020,14,ascii,DUDTEDUDDUDTED,si,,
0x3178022,0x3178030,14,ascii,UDTUDTEDUDTEDU,si,,
0x3178032,0x3178040,14,ascii,EDUDTEDUDTUDTE,si,,
0x3178042,0x3178050,14,ascii,DUDTEDUEDUDTED,si,,
0x3178052,0x3178060,14,ascii,UDTUDTEDUDTEDU,si,,
0x3178062,0x3178070,14,ascii,EDUDTEDUDTUDTE,si,,
0x3178072,0x3178080,14,ascii,DUDTEDUEDUDTED,si,,
0x3178082,0x3178090,14,ascii,UDTUDTEDUDTEDU,si,,
0x3178092,0x31780A0,14,ascii,EDUDTEDUDTUDTE,si,,
0x31780A2,0x31780B0,14,ascii,DUDTEDUEDUDTED,si,,
0x31780B2,0x31780C0,14,ascii,UDTUDTEDUDTEDU,si,,
0x31780C2,0x31780D0,14,ascii,EDUDTEDUDTUDTE,si,,
0x31780D2,0x31780E0,14,ascii,DUDTEDUEDUDTED,si,,
0x31780E2,0x31780F0,14,ascii,UDTUDTEDUDTEDU,si,,
0x31780F2,0x3178100,14,ascii,EDUDTEDUDTUDTE,si,,
0x3178102,0x3178110,14,ascii,DUDTEDUEDUDTED,si,,
0x3178112,0x3178120,14,ascii,UDTUDTEDUDTEDU,si,,
0x3178122,0x3178130,14,ascii,EDUDTEDUDTUDTE,si,,
0x3178132,0x3178140,14,ascii,DUDTEDUEDUDTED,si,,
0x3178142,0x3178150,14,ascii,UDDUDTEDUDTEDT,si,,
0x3178152,0x3178160,14,ascii,EDUDTEDUDDUDTE,si,,
0x3178162,0x3178170,14,ascii,DUDTEDTEDUDTED,si,,
0x3178172,0x3178180,14,ascii,UDDUDTEDUDTEDT,si,,
0x3178182,0x3178190,14,ascii,EDUDTEDUDDUDTE,si,,
0x3178192,0x31781A0,14,ascii,DUDTEDTEDUDTED,si,,
0x31781A2,0x31781B0,14,ascii,UDDUDTEDUDTEDT,si,,
0x31781B2,0x31781C0,14,ascii,EDUDTEDUDDUDTE,si,,
0x31781C2,0x31781D0,14,ascii,DUDTEDTEDUDTED,si,,
0x31781D2,0x31781E0,14,ascii,UDDUDTEDUDTEDT,si,,
0x31781E2,0x31781F0,14,ascii,EDUDTEDUDDUDTE,si,,
0x31781F2,0x3178200,14,ascii,DUDTEDTEDUDTED,si,,
0x3178202,0x3178210,14,ascii,UDDUDTEDUDTEDT,si,,
0x3178212,0x3178220,14,ascii,EDUDTEDUDDUDTE,si,,
0x3178222,0x3178230,14,ascii,DUDTEDTEDUDTED,si,,
0x3178232,0x3178240,14,ascii,UDDUDTEDUDTEDT,si,,
0x3178242,0x3178250,14,ascii,EDUDTEDUDDUDTE,si,,
0x3178252,0x3178260,14,ascii,DUDTEDTEDUDTED,si,,
0x3178262,0x3178270,14,ascii,UDDUDTEDUDTUDT,si,,
0x3178272,0x3178280,14,ascii,EDUDTEDUEDUDTE,si,,
0x3178282,0x3178290,14,ascii,DUDTUDTEDUDTED,si,,
0x3178292,0x31782A0,14,ascii,UEDUDTEDUDTUDT,si,,
0x31782A2,0x31782B0,14,ascii,EDUDTEDUEDUDTE,si,,
0x31782B2,0x31782C0,14,ascii,DUDTUDTEDUDTED,si,,
0x31782C2,0x31782D0,14,ascii,UEDUDTEDUDTUDT,si,,
0x31782D2,0x31782E0,14,ascii,EDUDTEDUEDUDTE,si,,
0x31782E2,0x31782F0,14,ascii,DUDTUDTEDUDTED,si,,
0x31782F2,0x3178300,14,ascii,UEDUDTEDUDTUDT,si,,
0x3178302,0x3178310,14,ascii,EDUDTEDUEDUDTE,si,,
0x3178312,0x3178320,14,ascii,DUDTUDTEDUDTED,si,,
0x3178322,0x3178330,14,ascii,UEDUDTEDUDTUDT,si,,
0x3178332,0x3178340,14,ascii,EDUDTEDUEDUDTE,si,,
0x3178342,0x3178350,14,ascii,DUDTUDTEDUDTED,si,,
0x3178352,0x3178360,14,ascii,UEDUDTEDUDTUDT,si,,
0x3178362,0x3178370,14,ascii,EDUDTEDUEDUDTE,si,,
0x3178372,0x3178380,14,ascii,DUDTUDTEDUDTED,si,,
0x3178382,0x3178390,14,ascii,UEDUDTEDUDDUDT,si,,
0x3178392,0x31783A0,14,ascii,EDUDTEDTEDUDTE,si,,
0x31783A2,0x31783B0,14,ascii,DUDDUDTEDUDTED,si,,
0x31783B2,0x31783C0,14,ascii,TEDUDTEDUDDUDT,si,,
0x31783C2,0x31783D0,14,ascii,EDUDTEDTEDUDTE,si,,
0x31783D2,0x31783E0,14,ascii,DUDDUDTEDUDTED,si,,
0x31783E2,0x31783F0,14,ascii,TEDUDTEDUDDUDT,si,,
0x31783F2,0x3178400,14,ascii,EDUDTEDTEDUDTE,si,,
0x3178402,0x3178410,14,ascii,DUDDUDTEDUDTED,si,,
0x3178412,0x3178420,14,ascii,TEDUDTEDUDDUDT,si,,
0x3178422,0x3178430,14,ascii,EDUDTEDTEDUDTE,si,,
0x3178432,0x3178440,14,ascii,DUDDUDTEDUDTED,si,,
0x3178442,0x3178450,14,ascii,TEDUDTEDUDDUDT,si,,
0x3178452,0x3178460,14,ascii,EDUDTEDTEDUDTE,si,,
0x3178462,0x3178470,14,ascii,DUDDUDTEDUDTED,si,,
0x3178472,0x3178480,14,ascii,TEDUDTEDUDDUDT,si,,
0x3178482,0x3178490,14,ascii,EDUDTEDTEDUDTE,si,,
0x3178492,0x31784A0,14,ascii,DUDDUDTEDUDTED,si,,
0x31784A2,0x31784B0,14,ascii,TEDUDTEDUDDUDT,si,,
0x31784B2,0x31784C0,14,ascii,EDUDTUDTEDUDTE,si,,
0x31784C2,0x31784D0,14,ascii,DUEDUDTEDUDTUD,si,,
0x31784D2,0x31784E0,14,ascii,TEDUDTEDUEDUDT,si,,
0x31784E2,0x31784F0,14,ascii,EDUDTUDTEDUDTE,si,,
0x31784F2,0x3178500,14,ascii,DUEDUDTEDUDTUD,si,,
0x3178502,0x3178510,14,ascii,TEDUDTEDUEDUDT,si,,
0x3178512,0x3178520,14,ascii,EDUDTUDTEDUDTE,si,,
0x3178522,0x3178530,14,ascii,DUEDUDTEDUDTUD,si,,
0x3178532,0x3178540,14,ascii,TEDUDTEDUEDUDT,si,,
0x3178542,0x3178550,14,ascii,EDUDTUDTEDUDTE,si,,
0x3178552,0x3178560,14,ascii,DUEDUDTEDUDTUD,si,,
0x3178562,0x3178570,14,ascii,TEDUDTEDUEDUDT,si,,
0x3178572,0x3178580,14,ascii,EDUDTUDTEDUDTE,si,,
0x3178582,0x3178590,14,ascii,DUEDUDTEDUDTUD,si,,
0x3178592,0x31785A0,14,ascii,TEDUDTEDUEDUDT,si,,
0x31785A2,0x31785B0,14,ascii,EDUDTUDTEDUDTE,si,,
0x31785B2,0x31785C0,14,ascii,DUEDUDTEDUDTUD,si,,
0x31785C2,0x31785D0,14,ascii,TEDUDTEDUEDUDT,si,,
0x31785D2,0x31785E0,14,ascii,EDUDDUDTEDUDTE,si,,
0x31785E2,0x31785F0,14,ascii,DTEDUDTEDUDDUD,si,,
0x31785F2,0x3178600,14,ascii,TEDUDTEDTEDUDT,si,,
0x3178602,0x3178610,14,ascii,EDUDDUDTEDUDTE,si,,
0x3178612,0x3178620,14,ascii,DTEDUDTEDUDDUD,si,,
0x3178622,0x3178630,14,ascii,TEDUDTEDTEDUDT,si,,
0x3178632,0x3178640,14,ascii,EDUDDUDTEDUDTE,si,,
0x3178642,0x3178650,14,ascii,DTEDUDTEDUDDUD,si,,
0x3178652,0x3178660,14,ascii,TEDUDTEDTEDUDT,si,,
0x3178662,0x3178670,14,ascii,EDUDDUDTEDUDTE,si,,
0x3178672,0x3178680,14,ascii,DTEDUDTEDUDDUD,si,,
0x3178682,0x3178690,14,ascii,TEDUDTEDTEDUDT,si,,
0x3178692,0x31786A0,14,ascii,EDUDDUDTEDUDTE,si,,
0x31786A2,0x31786B0,14,ascii,DTEDUDTEDUDDUD,si,,
0x31786B2,0x31786C0,14,ascii,TEDUDTEDTEDUDT,si,,
0x31786C2,0x31786D0,14,ascii,EDUDDUDTEDUDTE,si,,
0x31786D2,0x31786E0,14,ascii,DTEDUDTEDUDDUD,si,,
0x31786E2,0x31786F0,14,ascii,TEDUDTEDTEDUDT,si,,
0x31786F2,0x3178700,14,ascii,EDUDDUDTEDUDTU,si,,
0x3178702,0x3178710,14,ascii,DTEDUDTEDUEDUD,si,,
0x3178712,0x3178720,14,ascii,TEDUDTUDTEDUDT,si,,
0x3178722,0x3178730,14,ascii,EDUEDUDTEDUDTU,si,,
0x3178732,0x3178740,14,ascii,DTEDUDTEDUEDUD,si,,
0x3178742,0x3178750,14,ascii,TEDUDTUDTEDUDT,si,,
0x3178752,0x3178760,14,ascii,EDUEDUDTEDUDTU,si,,
0x3178762,0x3178770,14,ascii,DTEDUDTEDUEDUD,si,,
0x3178772,0x3178780,14,ascii,TEDUDTUDTEDUDT,si,,
0x3178782,0x3178790,14,ascii,EDUEDUDTEDUDTU,si,,
0x3178792,0x31787A0,14,ascii,DTEDUDTEDUEDUD,si,,
0x31787A2,0x31787B0,14,ascii,TEDUDTUDTEDUDT,si,,
0x31787B2,0x31787C0,14,ascii,EDUEDUDTEDUDTU,si,,
0x31787C2,0x31787D0,14,ascii,DTEDUDTEDUEDUD,si,,
0x31787D2,0x31787E0,14,ascii,TEDUDTUDTEDUDT,si,,
0x31787E2,0x31787F0,14,ascii,EDUEDUDTEDUDTU,si,,
0x31787F2,0x3178800,14,ascii,DTEDUDTEDUEDUD,si,,
0x3178802,0x3178810,14,ascii,TEDUDTUDTEDUDT,si,,
0x3178812,0x3178820,14,ascii,EDUEDUDTEDUDDU,si,,
0x3178822,0x3178830,14,ascii,DTEDUDTEDTEDUD,si,,
0x3178832,0x3178840,14,ascii,TEDUDDUDTEDUDT,si,,
0x3178842,0x3178850,14,ascii,EDTEDUDTEDUDDU,si,,
0x3178852,0x3178860,14,ascii,DTEDUDTEDTEDUD,si,,
0x3178862,0x3178870,14,ascii,TEDUDDUDTEDUDT,si,,
0x3178872,0x3178880,14,ascii,EDTEDUDTEDUDDU,si,,
0x3178882,0x3178890,14,ascii,DTEDUDTEDTEDUD,si,,
0x3178892,0x31788A0,14,ascii,TEDUDDUDTEDUDT,si,,
0x31788A2,0x31788B0,14,ascii,EDTEDUDTEDUDDU,si,,
0x31788B2,0x31788C0,14,ascii,DTEDUDTEDTEDUD,si,,
0x31788C2,0x31788D0,14,ascii,TEDUDDUDTEDUDT,si,,
0x31788D2,0x31788E0,14,ascii,EDTEDUDTEDUDDU,si,,
0x31788E2,0x31788F0,14,ascii,DTEDUDTEDTEDUD,si,,
0x31788F2,0x3178900,14,ascii,TEDUDDUDTEDUDT,si,,
0x3178902,0x3178910,14,ascii,EDTEDUDTEDUDDU,si,,
0x3178912,0x3178920,14,ascii,DTEDUDTEDTEDUD,si,,
0x3178922,0x3178930,14,ascii,TEDUDDUDTEDUDT,si,,
0x3178932,0x3178940,14,ascii,EDTEDUDTEDUDDU,si,,
0x3178942,0x3178950,14,ascii,DTEDUDTUDTEDUD,si,,
0x3178952,0x3178960,14,ascii,TEDUEDUDTEDUDT,si,,
0x3178962,0x3178970,14,ascii,UDTEDUDTEDUEDU,si,,
0x3178972,0x3178980,14,ascii,DTEDUDTUDTEDUD,si,,
0x3178982,0x3178990,14,ascii,TEDUEDUDTEDUDT,si,,
0x3178992,0x31789A0,14,ascii,UDTEDUDTEDUEDU,si,,
0x31789A2,0x31789B0,14,ascii,DTEDUDTUDTEDUD,si,,
0x31789B2,0x31789C0,14,ascii,TEDUEDUDTEDUDT,si,,
0x31789C2,0x31789D0,14,ascii,UDTEDUDTEDUEDU,si,,
0x31789D2,0x31789E0,14,ascii,DTEDUDTUDTEDUD,si,,
0x31789E2,0x31789F0,14,ascii,TEDUEDUDTEDUDT,si,,
0x31789F2,0x3178A00,14,ascii,UDTEDUDTEDUEDU,si,,
0x3178A02,0x3178A10,14,ascii,DTEDUDTUDTEDUD,si,,
0x3178A12,0x3178A20,14,ascii,TEDUEDUDTEDUDT,si,,
0x3178A22,0x3178A30,14,ascii,UDTEDUDTEDUEDU,si,,
0x3178A32,0x3178A40,14,ascii,DTEDUDTUDTEDUD,si,,
0x3178A42,0x3178A50,14,ascii,TEDUEDUDTEDUDT,si,,
0x3178A52,0x3178A60,14,ascii,UDTEDUDTEDUEDU,si,,
0x3178A62,0x3178A70,14,ascii,DTEDUDDUDTEDUD,si,,
0x3178A72,0x3178A80,14,ascii,TEDTEDUDTEDUDD,si,,
0x3178A82,0x3178A90,14,ascii,UDTEDUDTEDTEDU,si,,
0x3178A92,0x3178AA0,14,ascii,DTEDUDDUDTEDUD,si,,
0x3178AA2,0x3178AB0,14,ascii,TEDTEDUDTEDUDD,si,,
0x3178AB2,0x3178AC0,14,ascii,UDTEDUDTEDTEDU,si,,
0x3178AC2,0x3178AD0,14,ascii,DTEDUDDUDTEDUD,si,,
0x3178AD2,0x3178AE0,14,ascii,TEDTEDUDTEDUDD,si,,
0x3178AE2,0x3178AF0,14,ascii,UDTEDUDTEDTEDU,si,,
0x3178AF2,0x3178B00,14,ascii,DTEDUDDUDTEDUD,si,,
0x3178B02,0x3178B10,14,ascii,TEDTEDUDTEDUDD,si,,
0x3178B12,0x3178B20,14,ascii,UDTEDUDTEDTEDU,si,,
0x3178B22,0x3178B30,14,ascii,DTEDUDDUDTEDUD,si,,
0x3178B32,0x3178B40,14,ascii,TEDTEDUDTEDUDD,si,,
0x3178B42,0x3178B50,14,ascii,UDTEDUDTEDTEDU,si,,
0x3178B52,0x3178B60,14,ascii,DTEDUDDUDTEDUD,si,,
0x3178B62,0x3178B70,14,ascii,TEDTEDUDTEDUDD,si,,
0x3178B72,0x3178B80,14,ascii,UDTEDUDTEDTEDU,si,,
0x3178B82,0x3178B90,14,ascii,DTEDUDDUDTEDUD,si,,
0x3178B92,0x3178BA0,14,ascii,TUDTEDUDTEDUED,si,,
0x3178BA2,0x3178BB0,14,ascii,UDTEDUDTUDTEDU,si,,
0x3178BB2,0x3178BC0,14,ascii,DTEDUEDUDTEDUD,si,,
0x3178BC2,0x3178BD0,14,ascii,TUDTEDUDTEDUED,si,,
0x3178BD2,0x3178BE0,14,ascii,UDTEDUDTUDTEDU,si,,
0x3178BE2,0x3178BF0,14,ascii,DTEDUEDUDTEDUD,si,,
0x3178BF2,0x3178C00,14,ascii,TUDTEDUDTEDUED,si,,
0x3178C02,0x3178C10,14,ascii,UDTEDUDTUDTEDU,si,,
0x3178C12,0x3178C20,14,ascii,DTEDUEDUDTEDUD,si,,
0x3178C22,0x3178C30,14,ascii,TUDTEDUDTEDUED,si,,
0x3178C32,0x3178C40,14,ascii,UDTEDUDTUDTEDU,si,,
0x3178C42,0x3178C50,14,ascii,DTEDUEDUDTEDUD,si,,
0x3178C52,0x3178C60,14,ascii,TUDTEDUDTEDUED,si,,
0x3178C62,0x3178C70,14,ascii,UDTEDUDTUDTEDU,si,,
0x3178C72,0x3178C80,14,ascii,DTEDUEDUDTEDUD,si,,
0x3178C82,0x3178C90,14,ascii,TUDTEDUDTEDUED,si,,
0x3178C92,0x3178CA0,14,ascii,UDTEDUDTUDTEDU,si,,
0x3178CA2,0x3178CB0,14,ascii,DTEDUEDUDTEDUD,si,,
0x3178CB2,0x3178CC0,14,ascii,DUDTEDUDTEDTED,si,,
0x3178CC2,0x3178CD0,14,ascii,UDTEDUDDUDTEDU,si,,
0x3178CD2,0x3178CE0,14,ascii,DTEDTEDUDTEDUD,si,,
0x3178CE2,0x3178CF0,14,ascii,DUDTEDUDTEDTED,si,,
0x3178CF2,0x3178D00,14,ascii,UDTEDUDDUDTEDU,si,,
0x3178D02,0x3178D10,14,ascii,DTEDTEDUDTEDUD,si,,
0x3178D12,0x3178D20,14,ascii,DUDTEDUDTEDTED,si,,
0x3178D22,0x3178D30,14,ascii,UDTEDUDDUDTEDU,si,,
0x3178D32,0x3178D40,14,ascii,DTEDTEDUDTEDUD,si,,
0x3178D42,0x3178D50,14,ascii,DUDTEDUDTEDTED,si,,
0x3178D52,0x3178D60,14,ascii,UDTEDUDDUDTEDU,si,,
0x3178D62,0x3178D70,14,ascii,DTEDTEDUDTEDUD,si,,
0x3178D72,0x3178D80,14,ascii,DUDTEDUDTEDTED,si,,
0x3178D82,0x3178D90,14,ascii,UDTEDUDDUDTEDU,si,,
0x3178D92,0x3178DA0,14,ascii,DTEDTEDUDTEDUD,si,,
0x3178DA2,0x3178DB0,14,ascii,DUDTEDUDTEDTED,si,,
0x3178DB2,0x3178DC0,14,ascii,UDTEDUDDUDTEDU,si,,
0x3178DC2,0x3178DD0,14,ascii,DTEDTEDUDTEDUD,si,,
0x3178DD2,0x3178DE0,14,ascii,DUDTEDUDTUDTED,si,,
0x3178DE2,0x3178DF0,14,ascii,UDTEDUEDUDTEDU,si,,
0x3178DF2,0x3178E00,14,ascii,DTUDTEDUDTEDUE,si,,
0x3178E02,0x3178E10,14,ascii,DUDTEDUDTUDTED,si,,
0x3178E12,0x3178E20,14,ascii,UDTEDUEDUDTEDU,si,,
0x3178E22,0x3178E30,14,ascii,DTUDTEDUDTEDUE,si,,
0x3178E32,0x3178E40,14,ascii,DUDTEDUDTUDTED,si,,
0x3178E42,0x3178E50,14,ascii,UDTEDUEDUDTEDU,si,,
0x3178E52,0x3178E60,14,ascii,DTUDTEDUDTEDUE,si,,
0x3178E62,0x3178E70,14,ascii,DUDTEDUDTUDTED,si,,
0x3178E72,0x3178E80,14,ascii,UDTEDUEDUDTEDU,si,,
0x3178E82,0x3178E90,14,ascii,DTUDTEDUDTEDUE,si,,
0x3178E92,0x3178EA0,14,ascii,DUDTEDUDTUDTED,si,,
0x3178EA2,0x3178EB0,14,ascii,UDTEDUEDUDTEDU,si,,
0x3178EB2,0x3178EC0,14,ascii,DTUDTEDUDTEDUE,si,,
0x3178EC2,0x3178ED0,14,ascii,DUDTEDUDTUDTED,si,,
0x3178ED2,0x3178EE0,14,ascii,UDTEDUEDUDTEDU,si,,
0x3178EE2,0x3178EF0,14,ascii,DTUDTEDUDTEDUE,si,,
0x3178EF2,0x3178F00,14,ascii,DUDTEDUDDUDTED,si,,
0x3178F02,0x3178F10,14,ascii,UDTEDTEDUDTEDU,si,,
0x3178F12,0x3178F20,14,ascii,DDUDTEDUDTEDTE,si,,
0x3178F22,0x3178F30,14,ascii,DUDTEDUDDUDTED,si,,
0x3178F32,0x3178F40,14,ascii,UDTEDTEDUDTEDU,si,,
0x3178F42,0x3178F50,14,ascii,DDUDTEDUDTEDTE,si,,
0x3178F52,0x3178F60,14,ascii,DUDTEDUDDUDTED,si,,
0x3178F62,0x3178F70,14,ascii,UDTEDTEDUDTEDU,si,,
0x3178F72,0x3178F80,14,ascii,DDUDTEDUDTEDTE,si,,
0x3178F82,0x3178F90,14,ascii,DUDTEDUDDUDTED,si,,
0x3178F92,0x3178FA0,14,ascii,UDTEDTEDUDTEDU,si,,
0x3178FA2,0x3178FB0,14,ascii,DDUDTEDUDTEDTE,si,,
0x3178FB2,0x3178FC0,14,ascii,DUDTEDUDDUDTED,si,,
0x3178FC2,0x3178FD0,14,ascii,UDTEDTEDUDTEDU,si,,
0x3178FD2,0x3178FE0,14,ascii,DDUDTEDUDTEDTE,si,,
0x3178FE2,0x3178FF0,14,ascii,DUDTEDUDDUDTED,si,,
0x3178FF2,0x3179004,18,ascii,"UDTEDTEDUDTEDU""jXS",si,,
0x3179080,0x317908E,14,ascii,We're leaving!,,,
0x31790A0,0x31790AA,10,ascii,See ya.   ,,,
0x317B212,0x317B220,14,ascii,CCC4DD44444445,si,,
0x317B222,0x317B230,14,ascii,EE54E54DTDDDED,si,,
0x317B232,0x317B240,14,ascii,CCC3BC4444333C,si,,
0x317B242,0x317B250,14,ascii,DCDCTC4DDDSTEE,si,,
0x317B252,0x317B260,14,ascii,TEDDEUTSDEDEUT,si,,
0x317B262,0x317B270,14,ascii,EUUDEEEeEDUDUU,si,,
0x317B272,0x317B280,14,ascii,TE3544CTUUCDCU,si,,
0x317B292,0x317B2A0,14,ascii,"""""!""3""1223C43C",si,,
0x317B2A2,0x317B2B0,14,ascii,"3""3433333333CD",si,,
0x3182870,0x318287E,14,ascii,Hey! Sadaoki! ,,,
0x3182890,0x31828A2,18,ascii,Let's head over.  ,,si,
0x3184A62,0x3184A70,14,ascii,"4%4DC1""!2DDDCC",si,,
0x318CE92,0x318CEA0,14,ascii,3D4CD3D4CD3D4C,si,,
0x318CEA2,0x318CEB0,14,ascii,D3D4CD4CD3D4CD,si,,
0x318CEB2,0x318CEC0,14,ascii,3D4CD3D4CD3D4C,si,,
0x318CEC2,0x318CED0,14,ascii,D3D4CD4CD3D4CD,si,,
0x318CED2,0x318CEE0,14,ascii,3D4CD3D4CD3D4C,si,,
0x318CEE2,0x318CEF0,14,ascii,D3D4CD4CD3D4CD,si,,
0x318CEF2,0x318CF00,14,ascii,3D4CD3D4CD3D4C,si,,
0x318CF02,0x318CF10,14,ascii,D3D4CD4CD3D4CD,si,,
0x318CF12,0x318CF20,14,ascii,3D4CD3D4CD3D4C,si,,
0x318CF22,0x318CF30,14,ascii,D3D4CD4CD3D4CD,si,,
0x318CF32,0x318CF40,14,ascii,3D4CD3D4CD3D4C,si,,
0x318CF42,0x318CF50,14,ascii,D3D43D4CD3D4CD,si,,
0x318CF52,0x318CF60,14,ascii,3D4CD3D4CD3D4C,si,,
0x318CF62,0x318CF70,14,ascii,D3D43D4CD3D4CD,si,,
0x318CF72,0x318CF80,14,ascii,3D4CD3D4CD3D4C,si,,
0x318CF82,0x318CF90,14,ascii,D3D43D4CD3D4CD,si,,
0x318CF92,0x318CFA0,14,ascii,3D4CD3D4CD3D4C,si,,
0x318CFA2,0x318CFB0,14,ascii,D3D43D4CD3D4CD,si,,
0x318CFB2,0x318CFC0,14,ascii,3D4CD3D4CD3D4C,si,,
0x318CFC2,0x318CFD0,14,ascii,D3D43D4CD3D4CD,si,,
0x318CFD2,0x318CFE0,14,ascii,3D4CD3D4CD3D4C,si,,
0x318CFE2,0x318CFF0,14,ascii,D3D43D4CD3D4CD,si,,
0x318CFF2,0x318D000,14,ascii,3D4CD3D4CD3D4C,si,,
0x318D002,0x318D010,14,ascii,D3D43D4CD3D4CD,si,,
0x318D012,0x318D020,14,ascii,3D4CD3D4CD3D4C,si,,
0x318D022,0x318D030,14,ascii,D3D43D4CD3D4CD,si,,
0x318D032,0x318D040,14,ascii,3D4CD3D4CD3D4C,si,,
0x318D042,0x318D050,14,ascii,D3D43D4CD3D4CD,si,,
0x318D052,0x318D060,14,ascii,3D4CD3D4CD3D4C,si,,
0x318D062,0x318D070,14,ascii,D3D43D4CD3D4CD,si,,
0x318D072,0x318D080,14,ascii,3D4CD3D4CD3D4C,si,,
0x318D082,0x318D090,14,ascii,D3DD3D4CD3D4CD,si,,
0x318D092,0x318D0A0,14,ascii,3D4CD3D4CD3D4C,si,,
0x318D0A2,0x318D0B0,14,ascii,D3DD3D4CD3D4CD,si,,
0x318D0B2,0x318D0C0,14,ascii,3D4CD3D4CD3D4C,si,,
0x318D0C2,0x318D0D0,14,ascii,D3DD3D4CD3D4CD,si,,
0x318D0D2,0x318D0E0,14,ascii,3D4CD3D4CD3D4C,si,,
0x318D0E2,0x318D0F0,14,ascii,D3DD3D4CD3D4CD,si,,
0x318D0F2,0x318D100,14,ascii,3D4CD3D4CD3D4C,si,,
0x318D102,0x318D110,14,ascii,D3DD3D4CD3D4CD,si,,
0x318D112,0x318D120,14,ascii,3D4CD3D4CD3D4C,si,,
0x318D122,0x318D130,14,ascii,D3DD3D4CD3D4CD,si,,
0x318D132,0x318D140,14,ascii,3D4CD3D4CD3D4C,si,,
0x318D142,0x318D150,14,ascii,D3DD3D4CD3D4CD,si,,
0x318D152,0x318D160,14,ascii,3D4CD3D4CD3D4C,si,,
0x318D162,0x318D170,14,ascii,D3DD3D4CD3D4CD,si,,
0x318D172,0x318D180,14,ascii,3D4CD3D4CD3D4C,si,,
0x318D182,0x318D190,14,ascii,D3DD3D4CD3D4CD,si,,
0x318D192,0x318D1A0,14,ascii,3D4CD3D4CD3D4C,si,,
0x318D1A2,0x318D1B0,14,ascii,D3CD3D4CD3D4CD,si,,
0x318D1B2,0x318D1C0,14,ascii,3D4CD3D4CD3D4C,si,,
0x318D1C2,0x318D1D0,14,ascii,D3CD3D4CD3D4CD,si,,
0x318D1D2,0x318D1E0,14,ascii,3D4CD3D4CD3D4C,si,,
0x318D1E2,0x318D1F0,14,ascii,D3CD3D4CD3D4CD,si,,
0x318D1F2,0x318D200,14,ascii,3D4CD3D4CD3D4C,si,,
0x318D202,0x318D210,14,ascii,D3CD3D4CD3D4CD,si,,
0x318D212,0x318D220,14,ascii,3D4CD3D4CD3D4C,si,,
0x318D222,0x318D230,14,ascii,D3CD3D4CD3D4CD,si,,
0x318D232,0x318D240,14,ascii,3D4CD3D4CD3D4C,si,,
0x318D242,0x318D250,14,ascii,D3CD3D4CD3D4CD,si,,
0x318D252,0x318D260,14,ascii,3D4CD3D4CD3D4C,si,,
0x318D262,0x318D270,14,ascii,D3CD3D4CD3D4CD,si,,
0x318D272,0x318D280,14,ascii,3D4CD3D4CD3D4C,si,,
0x318D282,0x318D290,14,ascii,D3CD3D4CD3D4CD,si,,
0x318D292,0x318D2A0,14,ascii,3D4CD3D4CD3D4C,si,,
0x318D2A2,0x318D2B0,14,ascii,D3CD3D4CD3D4CD,si,,
0x318D2B2,0x318D2C0,14,ascii,3D4CD3D4CD3D4C,si,,
0x318D2C2,0x318D2D0,14,ascii,D4CD3D4CD3D4CD,si,,
0x318D2D2,0x318D2E0,14,ascii,3D4CD3D4CD3D4C,si,,
0x318D2E2,0x318D2F0,14,ascii,D4CD3D4CD3D4CD,si,,
0x318D2F2,0x318D300,14,ascii,3D4CD3D4CD3D4C,si,,
0x318D302,0x318D310,14,ascii,D4CD3D4CD3D4CD,si,,
0x318D312,0x318D320,14,ascii,3D4CD3D4CD3D4C,si,,
0x318D322,0x318D330,14,ascii,D4CD3D4CD3D4CD,si,,
0x318D332,0x318D340,14,ascii,3D4CD3D4CD3D4C,si,,
0x318D342,0x318D350,14,ascii,D4CD3D4CD3D4CD,si,,
0x318D352,0x318D360,14,ascii,3D4CD3D4CD3D4C,si,,
0x318D362,0x318D370,14,ascii,D4CD3D4CD3D4CD,si,,
0x318D372,0x318D380,14,ascii,3D4CD3D4CD3D4C,si,,
0x318D382,0x318D390,14,ascii,D4CD3D4CD3D4CD,si,,
0x318D392,0x318D3A0,14,ascii,3D4CD3D4CD3D4C,si,,
0x318D3A2,0x318D3B0,14,ascii,D4CD3D4CD3D4CD,si,,
0x318D3B2,0x318D3C0,14,ascii,3D4CD3D4CD3D4C,si,,
0x318D3C2,0x318D3D0,14,ascii,D4CD3D4CD3D4CD,si,,
0x318D3D2,0x318D3E0,14,ascii,3D4CD3D4CD3D43,si,,
0x318D3E2,0x318D3F0,14,ascii,D4CD3D4CD3D4CD,si,,
0x318D3F2,0x318D400,14,ascii,3D4CD3D4CD3D43,si,,
0x318D402,0x318D410,14,ascii,D4CD3D4CD3D4CD,si,,
0x318D412,0x318D420,14,ascii,3D4CD3D4CD3D43,si,,
0x318D422,0x318D430,14,ascii,D4CD3D4CD3D4CD,si,,
0x318D432,0x318D440,14,ascii,3D4CD3D4CD3D43,si,,
0x318D442,0x318D450,14,ascii,D4CD3D4CD3D4CD,si,,
0x318D452,0x318D460,14,ascii,3D4CD3D4CD3D43,si,,
0x318D462,0x318D470,14,ascii,D4CD3D4CD3D4CD,si,,
0x318D472,0x318D480,14,ascii,3D4CD3D4CD3D43,si,,
0x318D482,0x318D490,14,ascii,D4CD3D4CD3D4CD,si,,
0x318D492,0x318D4A0,14,ascii,3D4CD3D4CD3D43,si,,
0x318D4A2,0x318D4B0,14,ascii,D4CD3D4CD3D4CD,si,,
0x318D4B2,0x318D4C0,14,ascii,3D4CD3D4CD3D43,si,,
0x318D4C2,0x318D4D0,14,ascii,D4CD3D4CD3D4CD,si,,
0x318D4D2,0x318D4E0,14,ascii,3D4CD3D4CD3D43,si,,
0x318D4E2,0x318D4F0,14,ascii,D4CD3D4CD3D4CD,si,,
0x318D4F2,0x318D500,14,ascii,3D4CD3D4CD3DD3,si,,
0x318D502,0x318D510,14,ascii,D4CD3D4CD3D4CD,si,,
0x318D512,0x318D520,14,ascii,3D4CD3D4CD3DD3,si,,
0x318D522,0x318D530,14,ascii,D4CD3D4CD3D4CD,si,,
0x318D532,0x318D540,14,ascii,3D4CD3D4CD3DD3,si,,
0x318D542,0x318D550,14,ascii,D4CD3D4CD3D4CD,si,,
0x318D552,0x318D560,14,ascii,3D4CD3D4CD3DD3,si,,
0x318D562,0x318D570,14,ascii,D4CD3D4CD3D4CD,si,,
0x318D572,0x318D580,14,ascii,3D4CD3D4CD3DD3,si,,
0x318D582,0x318D590,14,ascii,D4CD3D4CD3D4CD,si,,
0x318D592,0x318D5A0,14,ascii,3D4CD3D4CD3DD3,si,,
0x318D5A2,0x318D5B0,14,ascii,D4CD3D4CD3D4CD,si,,
0x318D5B2,0x318D5C0,14,ascii,3D4CD3D4CD3DD3,si,,
0x318D5C2,0x318D5D0,14,ascii,D4CD3D4CD3D4CD,si,,
0x318D5D2,0x318D5E0,14,ascii,3D4CD3D4CD3DD3,si,,
0x318D5E2,0x318D5F0,14,ascii,D4CD3D4CD3D4CD,si,,
0x318D5F2,0x318D600,14,ascii,3D4CD3D4CD3DD3,si,,
0x318D602,0x318D610,14,ascii,D4CD3D4CD3D4CD,si,,
0x318D612,0x318D620,14,ascii,3D4CD3D4CD3CD3,si,,
0x318D622,0x318D630,14,ascii,D4CD3D4CD3D4CD,si,,
0x318D632,0x318D640,14,ascii,3D4CD3D4CD3CD3,si,,
0x318D642,0x318D650,14,ascii,D4CD3D4CD3D4CD,si,,
0x318D652,0x318D660,14,ascii,3D4CD3D4CD3CD3,si,,
0x318D662,0x318D670,14,ascii,D4CD3D4CD3D4CD,si,,
0x318D672,0x318D680,14,ascii,3D4CD3D4CD3CD3,si,,
0x318D682,0x318D690,14,ascii,D4CD3D4CD3D4CD,si,,
0x318D692,0x318D6A0,14,ascii,3D4CD3D4CD3CD3,si,,
0x318D6A2,0x318D6B0,14,ascii,D4CD3D4CD3D4CD,si,,
0x318D6B2,0x318D6C0,14,ascii,3D4CD3D4CD3CD3,si,,
0x318D6C2,0x318D6D0,14,ascii,D4CD3D4CD3D4CD,si,,
0x318D6D2,0x318D6E0,14,ascii,3D4CD3D4CD3CD3,si,,
0x318D6E2,0x318D6F0,14,ascii,D4CD3D4CD3D4CD,si,,
0x318D6F2,0x318D700,14,ascii,3D4CD3D4CD3CD3,si,,
0x318D702,0x318D710,14,ascii,D4CD3D4CD3D4CD,si,,
0x318D712,0x318D720,14,ascii,3D4CD3D4CD3CD3,si,,
0x318D722,0x318D730,14,ascii,D4CD3D4CD3D4CD,si,,
0x318D732,0x318D740,14,ascii,3D4CD3D4CD3CD3,si,,
0x318D742,0x318D750,14,ascii,D4CD3D4CD3D4CD,si,,
0x318D752,0x318D760,14,ascii,3D4CD3D4CD4CD3,si,,
0x318D762,0x318D770,14,ascii,D4CD3D4CD3D4CD,si,,
0x318D772,0x318D780,14,ascii,3D4CD3D4CD4CD3,si,,
0x318D782,0x318D790,14,ascii,D4CD3D4CD3D4CD,si,,
0x318D792,0x318D7A0,14,ascii,3D4CD3D4CD4CD3,si,,
0x318D7A2,0x318D7B0,14,ascii,D4CD3D4CD3D4CD,si,,
0x318D7B2,0x318D7C0,14,ascii,3D4CD3D4CD4CD3,si,,
0x318D7C2,0x318D7D0,14,ascii,D4CD3D4CD3D4CD,si,,
0x318D7D2,0x318D7E0,14,ascii,3D4CD3D4CD4CD3,si,,
0x318D7E2,0x318D7F0,14,ascii,D4CD3D4CD3D4CD,si,,
0x318D7F2,0x318D800,14,ascii,3D4CD3D4CD4CD3,si,,
0x318D802,0x318D810,14,ascii,D4CD3D4CD3D4CD,si,,
0x318D812,0x318D820,14,ascii,3D4CD3D4CD4CD3,si,,
0x318D822,0x318D830,14,ascii,D4CD3D4CD3D4CD,si,,
0x318D832,0x318D840,14,ascii,3D4CD3D4CD4CD3,si,,
0x318D842,0x318D850,14,ascii,D4CD3D4CD3D4CD,si,,
0x318D852,0x318D860,14,ascii,3D4CD3D4CD4CD3,si,,
0x318D862,0x318D870,14,ascii,D4CD3D4CD3D4CD,si,,
0x318D872,0x318D880,14,ascii,3D4CD3D43D4CD3,si,,
0x318D882,0x318D890,14,ascii,D4CD3D4CD3D4CD,si,,
0x318D892,0x318D8A0,14,ascii,3D4CD3D43D4CD3,si,,
0x318D8A2,0x318D8B0,14,ascii,D4CD3D4CD3D4CD,si,,
0x318D8B2,0x318D8C0,14,ascii,3D4CD3D43D4CD3,si,,
0x318D8C2,0x318D8D0,14,ascii,D4CD3D4CD3D4CD,si,,
0x318D8D2,0x318D8E0,14,ascii,3D4CD3D43D4CD3,si,,
0x318D8E2,0x318D8F0,14,ascii,D4CD3D4CD3D4CD,si,,
0x318D8F2,0x318D900,14,ascii,3D4CD3D43D4CD3,si,,
0x318D902,0x318D910,14,ascii,D4CD3D4CD3D4CD,si,,
0x318D912,0x318D920,14,ascii,3D4CD3D43D4CD3,si,,
0x318D922,0x318D930,14,ascii,D4CD3D4CD3D4CD,si,,
0x318D932,0x318D940,14,ascii,3D4CD3D43D4CD3,si,,
0x318D942,0x318D950,14,ascii,D4CD3D4CD3D4CD,si,,
0x318D952,0x318D960,14,ascii,3D4CD3D43D4CD3,si,,
0x318D962,0x318D970,14,ascii,D4CD3D4CD3D4CD,si,,
0x318D972,0x318D980,14,ascii,3D4CD3D43D4CD3,si,,
0x318D982,0x318D990,14,ascii,D4CD3D4CD3D4CD,si,,
0x318D992,0x318D9A0,14,ascii,3D4CD3DD3D4CD3,si,,
0x318D9A2,0x318D9B0,14,ascii,D4CD3D4CD3D4CD,si,,
0x318D9B2,0x318D9C0,14,ascii,3D4CD3DD3D4CD3,si,,
0x318D9C2,0x318D9D0,14,ascii,D4CD3D4CD3D4CD,si,,
0x318D9D2,0x318D9E0,14,ascii,3D4CD3DD3D4CD3,si,,
0x318D9E2,0x318D9F0,14,ascii,D4CD3D4CD3D4CD,si,,
0x318D9F2,0x318DA00,14,ascii,3D4CD3DD3D4CD3,si,,
0x318DA02,0x318DA10,14,ascii,D4CD3D4CD3D4CD,si,,
0x318DA12,0x318DA20,14,ascii,3D4CD3DD3D4CD3,si,,
0x318DA22,0x318DA30,14,ascii,D4CD3D4CD3D4CD,si,,
0x318DA32,0x318DA40,14,ascii,3D4CD3DD3D4CD3,si,,
0x318DA42,0x318DA50,14,ascii,D4CD3D4CD3D4CD,si,,
0x318DA52,0x318DA60,14,ascii,3D4CD3DD3D4CD3,si,,
0x318DA62,0x318DA70,14,ascii,D4CD3D4CD3D4CD,si,,
0x318DA72,0x318DA80,14,ascii,3D4CD3DD3D4CD3,si,,
0x318DA82,0x318DA90,14,ascii,D4CD3D4CD3D4CD,si,,
0x318DA92,0x318DAA0,14,ascii,3D4CD3DD3D4CD3,si,,
0x318DAA2,0x318DAB0,14,ascii,D4CD3D4CD3D4CD,si,,
0x318DAB2,0x318DAC0,14,ascii,3D4CD3CD3D4CD3,si,,
0x318DAC2,0x318DAD0,14,ascii,D4CD3D4CD3D4CD,si,,
0x318DAD2,0x318DAE0,14,ascii,3D4CD3CD3D4CD3,si,,
0x318DAE2,0x318DAF0,14,ascii,D4CD3D4CD3D4CD,si,,
0x318DAF2,0x318DB00,14,ascii,3D4CD3CD3D4CD3,si,,
0x318DB02,0x318DB10,14,ascii,D4CD3D4CD3D4CD,si,,
0x318DB12,0x318DB20,14,ascii,3D4CD3CD3D4CD3,si,,
0x318DB22,0x318DB30,14,ascii,D4CD3D4CD3D4CD,si,,
0x318DB32,0x318DB40,14,ascii,3D4CD3CD3D4CD3,si,,
0x318DB42,0x318DB50,14,ascii,D4CD3D4CD3D4CD,si,,
0x318DB52,0x318DB60,14,ascii,3D4CD3CD3D4CD3,si,,
0x318DB62,0x318DB70,14,ascii,D4CD3D4CD3D4CD,si,,
0x318DB72,0x318DB80,14,ascii,3D4CD3CD3D4CD3,si,,
0x318DB82,0x318DB90,14,ascii,D4CD3D4CD3D4CD,si,,
0x318DB92,0x318DBA0,14,ascii,3D4CD3CD3D4CD3,si,,
0x318DBA2,0x318DBB0,14,ascii,D4CD3D4CD3D4CD,si,,
0x318DBB2,0x318DBC0,14,ascii,3D4CD3CD3D4CD3,si,,
0x318DBC2,0x318DBD0,14,ascii,D4CD3D4CD3D4CD,si,,
0x318DBD2,0x318DBE0,14,ascii,3D4CD4CD3D4CD3,si,,
0x318DBE2,0x318DBF0,14,ascii,D4CD3D4CD3D4CD,si,,
0x318DBF2,0x318DC00,14,ascii,3D4CD4CD3D4CD3,si,,
0x318DC02,0x318DC10,14,ascii,D4CD3D4CD3D4CD,si,,
0x318DC12,0x318DC20,14,ascii,3D4CD4CD3D4CD3,si,,
0x318DC22,0x318DC30,14,ascii,D4CD3D4CD3D4CD,si,,
0x318DC32,0x318DC40,14,ascii,3D4CD4CD3D4CD3,si,,
0x318DC42,0x318DC50,14,ascii,D4CD3D4CD3D4CD,si,,
0x318DC52,0x318DC60,14,ascii,3D4CD4CD3D4CD3,si,,
0x318DC62,0x318DC70,14,ascii,D4CD3D4CD3D4CD,si,,
0x318DC72,0x318DC80,14,ascii,3D4CD4CD3D4CD3,si,,
0x318DC82,0x318DC90,14,ascii,D4CD3D4CD3D4CD,si,,
0x318DC92,0x318DCA0,14,ascii,3D4CD4CD3D4CD3,si,,
0x318DCA2,0x318DCB0,14,ascii,D4CD3D4CD3D4CD,si,,
0x318DCB2,0x318DCC0,14,ascii,3D4CD4CD3D4CD3,si,,
0x318DCC2,0x318DCD0,14,ascii,D4CD3D4CD3D4CD,si,,
0x318DCD2,0x318DCE0,14,ascii,3D4CD4CD3D4CD3,si,,
0x318DCE2,0x318DCF0,14,ascii,D4CD3D4CD3D4CD,si,,
0x318DCF2,0x318DD00,14,ascii,3D4CD4CD3D4CD3,si,,
0x318DD02,0x318DD10,14,ascii,D4CD3D4CD3D4CD,si,,
0x318DD12,0x318DD20,14,ascii,3D43D4CD3D4CD3,si,,
0x318DD22,0x318DD30,14,ascii,D4CD3D4CD3D4CD,si,,
0x318DD32,0x318DD40,14,ascii,3D43D4CD3D4CD3,si,,
0x318DD42,0x318DD50,14,ascii,D4CD3D4CD3D4CD,si,,
0x318DD52,0x318DD60,14,ascii,3D43D4CD3D4CD3,si,,
0x318DD62,0x318DD70,14,ascii,D4CD3D4CD3D4CD,si,,
0x318DD72,0x318DD80,14,ascii,3D43D4CD3D4CD3,si,,
0x318DD82,0x318DD90,14,ascii,D4CD3D4CD3D4CD,si,,
0x318DD92,0x318DDA0,14,ascii,3D43D4CD3D4CD3,si,,
0x318DDA2,0x318DDB0,14,ascii,D4CD3D4CD3D4CD,si,,
0x318DDB2,0x318DDC0,14,ascii,3D43D4CD3D4CD3,si,,
0x318DDC2,0x318DDD0,14,ascii,D4CD3D4CD3D4CD,si,,
0x318DDD2,0x318DDE0,14,ascii,3D43D4CD3D4CD3,si,,
0x318DDE2,0x318DDF0,14,ascii,D4CD3D4CD3D4CD,si,,
0x318DDF2,0x318DE00,14,ascii,3D43D4CD3D4CD3,si,,
0x318DE02,0x318DE10,14,ascii,D4CD3D4CD3D4CD,si,,
0x318DE12,0x318DE20,14,ascii,3D43D4CD3D4CD3,si,,
0x318DE22,0x318DE30,14,ascii,D4CD3D4CD3D4CD,si,,
0x318DE32,0x318DE40,14,ascii,3DD3D4CD3D4CD3,si,,
0x318DE42,0x318DE50,14,ascii,D4CD3D4CD3D4CD,si,,
0x318DE52,0x318DE60,14,ascii,3DD3D4CD3D4CD3,si,,
0x318DE62,0x318DE70,14,ascii,D4CD3D4CD3D4CD,si,,
0x318DE72,0x318DE80,14,ascii,3DD3D4CD3D4CD3,si,,
0x318DE82,0x318DE90,14,ascii,D4CD3D4CD3D4CD,si,,
0x318DE92,0x318DEA0,14,ascii,3DD3D4CD3D4CD3,si,,
0x318DEA2,0x318DEB0,14,ascii,D4CD3D4CD3D4CD,si,,
0x318DEB2,0x318DEC0,14,ascii,3DD3D4CD3D4CD3,si,,
0x318DEC2,0x318DED0,14,ascii,D4CD3D4CD3D4CD,si,,
0x318DED2,0x318DEE0,14,ascii,3DD3D4CD3D4CD3,si,,
0x318DEE2,0x318DEF0,14,ascii,D4CD3D4CD3D4CD,si,,
0x318DEF2,0x318DF00,14,ascii,3DD3D4CD3D4CD3,si,,
0x318DF02,0x318DF10,14,ascii,D4CD3D4CD3D4CD,si,,
0x318DF12,0x318DF20,14,ascii,3DD3D4CD3D4CD3,si,,
0x318DF22,0x318DF30,14,ascii,D4CD3D4CD3D4CD,si,,
0x318DF32,0x318DF40,14,ascii,3DD3D4CD3D4CD3,si,,
0x318DF42,0x318DF50,14,ascii,D4CD3D4CD3D4CD,si,,
0x318DF52,0x318DF60,14,ascii,3CD3D4CD3D4CD3,si,,
0x318DF62,0x318DF70,14,ascii,D4CD3D4CD3D4CD,si,,
0x318DF72,0x318DF80,14,ascii,3CD3D4CD3D4CD3,si,,
0x318DF82,0x318DF90,14,ascii,D4CD3D4CD3D4CD,si,,
0x318DF92,0x318DFA0,14,ascii,3CD3D4CD3D4CD3,si,,
0x318DFA2,0x318DFB0,14,ascii,D4CD3D4CD3D4CD,si,,
0x318DFB2,0x318DFC0,14,ascii,3CD3D4CD3D4CD3,si,,
0x318DFC2,0x318DFD0,14,ascii,D4CD3D4CD3D4CD,si,,
0x318DFD2,0x318DFE0,14,ascii,3CD3D4CD3D4CD3,si,,
0x318DFE2,0x318DFF0,14,ascii,D4CD3D4CD3D4CD,si,,
0x318DFF2,0x318E000,14,ascii,3CD3D4CD3D4CD3,si,,
0x318E002,0x318E010,14,ascii,D4CD3D4CD3D4CD,si,,
0x318E012,0x318E020,14,ascii,3CD3D4CD3D4CD3,si,,
0x318E022,0x318E030,14,ascii,D4CD3D4CD3D4CD,si,,
0x318E032,0x318E040,14,ascii,3CD3D4CD3D4CD3,si,,
0x318E042,0x318E050,14,ascii,D4CD3D4CD3D4CD,si,,
0x318E052,0x318E060,14,ascii,3CD3D4CD3D4CD3,si,,
0x318E062,0x318E070,14,ascii,D4CD3D4CD3D4CD,si,,
0x318E072,0x318E080,14,ascii,4CD3D4CD3D4CD3,si,,
0x318E082,0x318E090,14,ascii,D4CD3D4CD3D4CD,si,,
0x318E092,0x318E0A0,14,ascii,4CD3D4CD3D4CD3,si,,
0x318E0A2,0x318E0B0,14,ascii,D4CD3D4CD3D4CD,si,,
0x318E0B2,0x318E0C0,14,ascii,4CD3D4CD3D4CD3,si,,
0x318E0C2,0x318E0D0,14,ascii,D4CD3D4CD3D4CD,si,,
0x318E0D2,0x318E0E0,14,ascii,4CD3D4CD3D4CD3,si,,
0x318E0E2,0x318E0F0,14,ascii,D4CD3D4CD3D4CD,si,,
0x318E0F2,0x318E100,14,ascii,4CD3D4CD3D4CD3,si,,
0x318E102,0x318E110,14,ascii,D4CD3D4CD3D4CD,si,,
0x318E112,0x318E120,14,ascii,4CD3D4CD3D4CD3,si,,
0x318E122,0x318E130,14,ascii,D4CD3D4CD3D4CD,si,,
0x318E132,0x318E140,14,ascii,4CD3D4CD3D4CD3,si,,
0x318E142,0x318E150,14,ascii,D4CD3D4CD3D4CD,si,,
0x318E152,0x318E160,14,ascii,4CD3D4CD3D4CD3,si,,
0x318E162,0x318E170,14,ascii,D4CD3D4CD3D4CD,si,,
0x318E172,0x318E180,14,ascii,4CD3D4CD3D4CD3,si,,
0x318E182,0x318E190,14,ascii,D4CD3D4CD3D43D,si,,
0x318E192,0x318E1A0,14,ascii,4CD3D4CD3D4CD3,si,,
0x318E1A2,0x318E1B0,14,ascii,D4CD3D4CD3D43D,si,,
0x318E1B2,0x318E1C0,14,ascii,4CD3D4CD3D4CD3,si,,
0x318E1C2,0x318E1D0,14,ascii,D4CD3D4CD3D43D,si,,
0x318E1D2,0x318E1E0,14,ascii,4CD3D4CD3D4CD3,si,,
0x318E1E2,0x318E1F0,14,ascii,D4CD3D4CD3D43D,si,,
0x318E1F2,0x318E200,14,ascii,4CD3D4CD3D4CD3,si,,
0x318E202,0x318E210,14,ascii,D4CD3D4CD3D43D,si,,
0x318E212,0x318E220,14,ascii,4CD3D4CD3D4CD3,si,,
0x318E222,0x318E230,14,ascii,D4CD3D4CD3D43D,si,,
0x318E232,0x318E240,14,ascii,4CD3D4CD3D4CD3,si,,
0x318E242,0x318E250,14,ascii,D4CD3D4CD3D43D,si,,
0x318E252,0x318E260,14,ascii,4CD3D4CD3D4CD3,si,,
0x318E262,0x318E270,14,ascii,D4CD3D4CD3D43D,si,,
0x318E272,0x318E280,14,ascii,4CD3D4CD3D4CD3,si,,
0x318E282,0x318E290,14,ascii,D4CD3D4CD3D43D,si,,
0x318E292,0x318E2A0,14,ascii,4CD3D4CD3D4CD3,si,,
0x318E2A2,0x318E2B0,14,ascii,D4CD3D4CD3D43D,si,,
0x318E2B2,0x318E2C0,14,ascii,4CD3D4CD3D4CD3,si,,
0x318E2C2,0x318E2D0,14,ascii,D4CD3D4CD3DD3D,si,,
0x318E2D2,0x318E2E0,14,ascii,4CD3D4CD3D4CD3,si,,
0x318E2E2,0x318E2F0,14,ascii,D4CD3D4CD3DD3D,si,,
0x318E2F2,0x318E300,14,ascii,4CD3D4CD3D4CD3,si,,
0x318E302,0x318E310,14,ascii,D4CD3D4CD3DD3D,si,,
0x318E312,0x318E320,14,ascii,4CD3D4CD3D4CD3,si,,
0x318E322,0x318E330,14,ascii,D4CD3D4CD3DD3D,si,,
0x318E332,0x318E340,14,ascii,4CD3D4CD3D4CD3,si,,
0x318E342,0x318E350,14,ascii,D4CD3D4CD3DD3D,si,,
0x318E352,0x318E360,14,ascii,4CD3D4CD3D4CD3,si,,
0x318E362,0x318E370,14,ascii,D4CD3D4CD3DD3D,si,,
0x318E372,0x318E380,14,ascii,4CD3D4CD3D4CD3,si,,
0x318E382,0x318E390,14,ascii,D4CD3D4CD3DD3D,si,,
0x318E392,0x318E3A0,14,ascii,4CD3D4CD3D4CD3,si,,
0x318E3A2,0x318E3B0,14,ascii,D4CD3D4CD3DD3D,si,,
0x318E3B2,0x318E3C0,14,ascii,4CD3D4CD3D4CD3,si,,
0x318E3C2,0x318E3D0,14,ascii,D4CD3D4CD3DD3D,si,,
0x318E3D2,0x318E3E0,14,ascii,4CD3D4CD3D4CD3,si,,
0x318E3E2,0x318E3F0,14,ascii,D4CD3D4CD3CD3D,si,,
0x318E3F2,0x318E400,14,ascii,4CD3D4CD3D4CD3,si,,
0x318E402,0x318E410,14,ascii,D4CD3D4CD3CD3D,si,,
0x318E412,0x318E420,14,ascii,4CD3D4CD3D4CD3,si,,
0x318E422,0x318E430,14,ascii,D4CD3D4CD3CD3D,si,,
0x318E432,0x318E440,14,ascii,4CD3D4CD3D4CD3,si,,
0x318E442,0x318E450,14,ascii,D4CD3D4CD3CD3D,si,,
0x318E452,0x318E460,14,ascii,4CD3D4CD3D4CD3,si,,
0x318E462,0x318E470,14,ascii,D4CD3D4CD3CD3D,si,,
0x318E472,0x318E480,14,ascii,4CD3D4CD3D4CD3,si,,
0x318E482,0x318E490,14,ascii,D4CD3D4CD3CD3D,si,,
0x318E492,0x318E4A0,14,ascii,4CD3D4CD3D4CD3,si,,
0x318E4A2,0x318E4B0,14,ascii,D4CD3D4CD3CD3D,si,,
0x318E4B2,0x318E4C0,14,ascii,4CD3D4CD3D4CD3,si,,
0x318E4C2,0x318E4D0,14,ascii,D4CD3D4CD3CD3D,si,,
0x318E4D2,0x318E4E0,14,ascii,4CD3D4CD3D4CD3,si,,
0x318E4E2,0x318E4F0,14,ascii,D4CD3D4CD3CD3D,si,,
0x318E4F2,0x318E500,14,ascii,4CD3D4CD3D4CD3,si,,
0x318E502,0x318E510,14,ascii,D4CD3D4CD4CD3D,si,,
0x318E512,0x318E520,14,ascii,4CD3D4CD3D4CD3,si,,
0x318E522,0x318E530,14,ascii,D4CD3D4CD4CD3D,si,,
0x318E532,0x318E540,14,ascii,4CD3D4CD3D4CD3,si,,
0x318E542,0x318E550,14,ascii,D4CD3D4CD4CD3D,si,,
0x318E552,0x318E560,14,ascii,4CD3D4CD3D4CD3,si,,
0x318E562,0x318E570,14,ascii,D4CD3D4CD4CD3D,si,,
0x318E572,0x318E580,14,ascii,4CD3D4CD3D4CD3,si,,
0x318E582,0x318E590,14,ascii,D4CD3D4CD4CD3D,si,,
0x318E592,0x318E5A0,14,ascii,4CD3D4CD3D4CD3,si,,
0x318E5A2,0x318E5B0,14,ascii,D4CD3D4CD4CD3D,si,,
0x318E5B2,0x318E5C0,14,ascii,4CD3D4CD3D4CD3,si,,
0x318E5C2,0x318E5D0,14,ascii,D4CD3D4CD4CD3D,si,,
0x318E5D2,0x318E5E0,14,ascii,4CD3D4CD3D4CD3,si,,
0x318E5E2,0x318E5F0,14,ascii,D4CD3D4CD4CD3D,si,,
0x318E5F2,0x318E600,14,ascii,4CD3D4CD3D4CD3,si,,
0x318E970,0x318E97E,14,ascii,Remember me?  ,,,
0x318E990,0x318E99E,14,ascii,Jonathan...?  ,si,,
0x318E9B0,0x318E9C2,18,ascii,Jonathan Ingram?  ,,,
0x318E9D4,0x318E9E2,14,ascii,"Sal! Hey, man!",,,
0x318E9F4,0x318EA12,30,ascii,"Ed, Jonathan! Holy shiitake.  ",,,
0x318EA24,0x318EA32,14,ascii,"Hey, you two. ",,si,
0x318EA44,0x318EA5A,22,ascii,"This is Dr. Goldwin,  ",,si,
0x318EA6C,0x318EA7E,18,ascii,director of BCCH. ,,si,
0x318EA90,0x318EAB2,34,ascii,Chris? What are you doing\nhere?   ,,si,
0x318EAC4,0x318EAD2,14,ascii,Small world.  ,,,
0x3193C62,0x3193C6C,10,ascii,"d23U,B%COb",si,,
0x319D176,0x319D180,10,ascii,Bte5521acr,si,,
0x31A0B62,0x31A0B6F,13,ascii,4DeeCSu%655aQ,si,,
0x31A43B5,0x31A43C0,11,ascii,"""""""1020""02?",si,,
0x31A4673,0x31A467F,12,ascii,"2""11!""""A?B0!",si,,
0x31A4D16,0x31A4D21,11,ascii,"221""0""""211,",si,,
0x31B8017,0x31B8021,10,ascii,"2A0""1""A""2,",si,,
0x31B85E3,0x31B85F1,14,ascii,"B11""3""""222""1A,",si,,
0x31B8D63,0x31B8D70,13,ascii,"C0A1 B 23!1""Q",,,
0x31B9C23,0x31B9C2D,10,ascii,"3""12 31!""4",,,
0x31BFA33,0x31BFA3D,10,ascii," ??0O 2""""""",,,
0x31D9D23,0x31D9D2E,11,ascii,.D!B4!T1e2/,si,,
0x31DA724,0x31DA72F,11,ascii,"?!3DR. ?BC""",,,
0x31E2100,0x31E212A,42,ascii,"What's this you've been up to,\nJonathan?  ",,si,
0x31E213C,0x31E2166,42,ascii,I hear you've been poking around\nplaces.  ,,si,
0x31E2178,0x31E2192,26,ascii,Figures you'd know by now.,,si,
0x31E21A4,0x31E21DA,54,ascii,So you're the ones security threw\nout the other day?  ,,si,
0x31E21EC,0x31E21FE,18,ascii,What's going on?  ,,si,
0x31E93F6,0x31E9401,11,ascii,PB1?AAAReUA,si,,
0x31E9AE2,0x31E9AEE,12,ascii,"C143325435c""",si,,
0x31EA022,0x31EA02D,11,ascii,UTUUUUTUVeE,si,,
0x31FE532,0x31FE53C,10,ascii,DC33DTF3Tv,si,,
0x3203E32,0x3203E3D,11,ascii,Buv2 bWUrtW,,,
0x320D857,0x320D861,10,ascii,C262CWbCC&,si,,
0x3215532,0x321553E,12,ascii,"2 !A PM""!1 !",,,
0x321D8B0,0x321D8D6,38,ascii,One of your employees has\ndisappeared.,,si,
0x321D8E8,0x321D90E,38,ascii,"The 15th of last month, to be\nexact.  ",,si,
0x321D920,0x321D93A,26,ascii,One of my employees? Who? ,,si,
0x321D94C,0x321D95A,14,ascii,"Kenzo Hojo,   ",,,
0x321D96C,0x321D996,42,ascii,of DDS R&D at Tokugawa\nPharmaceuticals.   ,,si,
0x321D9A8,0x321D9BA,18,ascii,Hojo's missing?   ,,,
0x321D9CC,0x321D9E6,26,ascii,That's news to me.  So?   ,,si,
0x322B632,0x322B640,14,ascii,T?bB sbFCo1b3B,,,
0x32301C2,0x32301CD,11,ascii,"C""A?B1!331!",si,,
0x3233D93,0x3233D9D,10,ascii,"""FcQCRO2nB",si,,
0x3233DC5,0x3233DD1,12,ascii,B/!A12!A112L,si,,
0x3234385,0x3234390,11,ascii,"""B2UUBCqABG",si,,
0x3234587,0x3234591,10,ascii,"""C""!UQ""5DL",si,,
0x3245B32,0x3245B41,15,ascii,V4Aa0RFUBU!D&1+,si,,
0x3246BB6,0x3246BC0,10,ascii,4 41N10312,,,
0x3257B75,0x3257B80,11,ascii,"""Ca""SCUc3U3",si,,
0x3258B05,0x3258B0F,10,ascii,D2BaC%UBSB,si,,
0x32678D0,0x32678EA,26,ascii,Imagine meeting you here. ,,si,
0x32678FC,0x3267906,10,ascii,I know!   ,,,
0x3267918,0x3267942,42,ascii,We can't seem to get away from\neach other.,,si,
0x3267954,0x326795E,10,ascii,I'll say. ,,,
0x3267970,0x32679A2,50,ascii,Who knows what the future's got\nin store for us.  ,,si,
0x32679B4,0x32679DA,38,ascii,Hopefully nothing involving a skirt.  ,,,
0x32679EC,0x3267A02,22,ascii,A thousand apologies. ,,,
0x3267A14,0x3267A22,14,ascii,Only kidding. ,,si,
0x326E7D6,0x326E7E0,10,ascii,"PVP23q4""Cn",si,,
0x326F445,0x326F450,11,ascii,7?%45124DPp,si,,
0x326F7C5,0x326F7CF,10,ascii,5B3TR D1%C,,,
0x326FEF2,0x326FEFD,11,ascii,"""2210""2AQ!1",si,,
0x3274BD6,0x3274BE1,11,ascii,"DSQ43CAQ4B,",si,,
0x327EB22,0x327EB2E,12,ascii,!52B%T4Ecfet,si,,
0x3291D44,0x3291D4E,10,ascii,"41""10 B !O",,,
0x32A3880,0x32A38A2,34,ascii,I think I spoiled Sadaoki's mood. ,,,
0x32A38B4,0x32A38D6,34,ascii,Well... I'll cheer him up later.  ,,si,
0x32A5A15,0x32A5A20,11,ascii,2UEET6C42CS,si,,
0x32A6C82,0x32A6C8E,12,ascii,4D5ETCES%FV6,si,,
0x32B70F0,0x32B710A,26,ascii,"How long's it been, Sal?  ",,si,
0x32B711C,0x32B714E,50,ascii,This is the last place I expected to\nrun into you.,,si,
0x32B7160,0x32B7176,22,ascii,When'd you come here? ,,si,
0x32B7188,0x32B71A6,30,ascii,Gates said you went back Home.,,si,
0x32B71B8,0x32B71D6,30,ascii,I'm on the Moon these days.   ,,si,
0x32B71E8,0x32B720A,34,ascii,Just back in town for the party.  ,,si,
0x32B721C,0x32B722E,18,ascii,Yeah? What for?   ,,si,
0x32B7240,0x32B7262,34,ascii,Li'l business with Tokugawa-san.  ,,si,
0x32CAB72,0x32CAB80,14,ascii,DDDDDDDDDDDDDD,si,,
0x32CAB82,0x32CAB90,14,ascii,DDDDDDDDDDDDDD,si,,
0x32CAB92,0x32CABA0,14,ascii,DDDDDDDDDDDDDD,si,,
0x32CABA2,0x32CABB0,14,ascii,DDDDDDDDDDDUTE,si,,
0x32CABB2,0x32CABC0,14,ascii,UTEUTEUTEUTEUT,si,,
0x32CABC2,0x32CABD0,14,ascii,EUTEUTEUTEUTEU,si,,
0x32CABD2,0x32CABE0,14,ascii,TEUTEUTEUTEUTE,si,,
0x32CABE2,0x32CABF0,14,ascii,UTEUTEUTEUTEUT,si,,
0x32CABF2,0x32CAC00,14,ascii,EUTEefffffffff,si,,
0x32CAC02,0x32CAC10,14,ascii,ffffffffffffff,si,,
0x32CAC12,0x32CAC20,14,ascii,ffffffffffffff,si,,
0x32CAC22,0x32CAC30,14,ascii,ffffffffffffff,si,,
0x32CAC32,0x32CAC40,14,ascii,333333333333CD,si,,
0x32CAC42,0x32CAC50,14,ascii,DDDDDDDDDDDDDD,si,,
0x32CAC52,0x32CAC60,14,ascii,DDDDDDDDDDDDDD,si,,
0x32CAC62,0x32CAC70,14,ascii,DDDDDDDDDDDDDD,si,,
0x32CAC72,0x32CAC80,14,ascii,DDDDDDDDDDDDDD,si,,
0x32F3890,0x32F38B6,38,ascii,I got some questions about\nTokugawa.  ,,si,
0x32F38C8,0x32F38EA,34,ascii,I see you still got that temper.  ,,si,
0x32F38FC,0x32F391E,34,ascii,"Didn't waste any time, did you?   ",,si,
0x32F3930,0x32F394A,26,ascii,Just can't help myself.   ,,si,
0x32F6CA4,0x32F6CAE,10,ascii,"""DD5fettwd",si,,
0x330A6D2,0x330A6DF,13,ascii,3CCC4345TSTue,si,,
0x330D4E5,0x330D4F0,11,ascii,e4!DR Qc5a4,,,
0x330F6C2,0x330F6CE,12,ascii,33B43cDSdTDE,si,,
0x3313940,0x331395A,26,ascii,I think I'll be going now.,,si,
0x331396C,0x331398E,34,ascii,I've had enough of your fantasies.,,si,
0x33139A0,0x33139BA,26,ascii,"Yeah, go ahead and run.   ",,si,
0x33139E4,0x3313A16,50,ascii,"You better be gone by the time\nI'm back, got it?  ",,si,
0x3313A28,0x3313A46,30,ascii,"If you'll excuse me, Jonathan.",,si,
0x3313A58,0x3313A72,26,ascii,People are waiting for me.,,si,
0x3313A84,0x3313A96,18,ascii,"Hold on, Sadaoki. ",,si,
0x3313AA8,0x3313AD2,42,ascii,You still haven't answered my\nquestions.  ,,si,
0x3313AE4,0x3313B06,34,ascii,I've already told you everything. ,,si,
0x3313B18,0x3313B5E,70,ascii,"It's a party, for goodness' sake. \nHave some fun while you're here.   ",,si,
0x3316856,0x3316861,11,ascii,34OOfC6VB32,si,,
0x332C913,0x332C91F,12,ascii,"""!""""3OA30QO0",si,,
0x332D2F5,0x332D300,11,ascii,2DDDATDDSCf,si,,
0x333BFB4,0x333BFC1,13,ascii,??!AmFbEEqSc),si,,
0x333D862,0x333D870,14,ascii,4B344C434DC434,si,,
0x333D882,0x333D890,14,ascii,33333333333333,si,,
0x333D892,0x333D8A0,14,ascii,33333333333332,si,,
0x3377950,0x337796E,30,ascii,It just... doesn't make sense.,,si,
0x3377980,0x337798E,14,ascii,What doesn't? ,,si,
0x33779A0,0x33779C6,38,ascii,"Hojo's disappearance, this party...   ",,si,
0x33779D8,0x33779E6,14,ascii,none of it.   ,,si,
0x33779F8,0x3377A0A,18,ascii,And why is that?  ,,si,
0x3377A1C,0x3377A36,26,ascii,"Fine, keep playing dumb.  ",,,
0x3377A48,0x3377A5A,18,ascii,I'll spell it out.,,si,
0x3377A6C,0x3377A8E,34,ascii,Your star researcher has\nvanished.,,si,
0x3377AA0,0x3377ADA,58,ascii,That should be a primary concern\nfor you and your company.,,si,
0x3377AEC,0x3377B1A,46,ascii,Yet... you don't really seem that\nbothered.   ,,si,
0x3377B2C,0x3377B3A,14,ascii,Meaning...?   ,si,,
0x3377B4C,0x3377B56,10,ascii,It stinks.,,si,
0x3377B68,0x3377BB6,78,ascii,"The party, the guests... you not\nknowing a thing about Hojo's\ndisappearance!  ",,si,
0x3377BC8,0x3377BFA,50,ascii,"I've had it up to here with your\ntone, Jonathan.  ",,si,
0x3377C0C,0x3377C2A,30,ascii,You're talking to the head of ,,si,
0x3377C40,0x3377C7E,62,ascii,Exactly.  One more turd to top off\nan already steaming pile.  ,,si,
0x3377C90,0x3377CB2,34,ascii,"Get this prick out of here, Ed!   ",,si,
0x3377CC4,0x3377CD6,18,ascii,I can't do that.  ,,si,
0x3377CE8,0x3377CF2,10,ascii,You what? ,,si,
0x3377D04,0x3377D26,34,ascii,Was I... not loud enough for you? ,,si,
0x3377D38,0x3377D4A,18,ascii,I'll say it again.,,si,
0x3377D5C,0x3377D92,54,ascii,Get the hell out of here.  You and\nthis Urashima Taro.,,si,
0x338E0F2,0x338E0FE,12,ascii,S!RBd2!raTRP,si,,
0x3394393,0x339439D,10,ascii,UB2S3046AC,si,,
0x3398822,0x3398830,14,ascii,"""2""""""""""""""""""""Bo",si,,
0x339AA76,0x339AA81,11,ascii,4c3o0OQe!l+,si,,
0x33AD437,0x33AD441,10,ascii,"1c""03D!o ,",,,
0x33E0FD2,0x33E0FDF,13,ascii,fVUDDCTTTTeU5,si,,
0x33F6CB7,0x33F6CC1,10,ascii," 3""""3E6?5B",,,
0x34084C3,0x34084D1,14,ascii," ""2M!!%33R%20,",si,,
0x3409B54,0x3409B5F,11,ascii,Of42R4WeTtT,,si,
0x3441F25,0x3441F31,12,ascii,"O/5m""R3%0%B""",si,,
0x3444160,0x3444172,18,ascii,You afraid of me? ,,si,
0x3444184,0x34441AE,42,ascii,"You think you know me, Jonathan\nIngram?   ",,si,
0x34441C0,0x34441E2,34,ascii,Wake up.  This isn't 30 years ago.,,si,
0x34441F4,0x344421E,42,ascii,I run the Group.  The Group runs\nspace.   ,,si,
0x3444230,0x344423E,14,ascii,That a threat?,,si,
0x3444250,0x3444286,54,ascii,No.  Consider it... advice from a\nfellow Policenaut.  ,,si,
0x3444298,0x34442BA,34,ascii,You're not a Policenaut anymore!  ,,si,
0x34442CC,0x34442F2,38,ascii,All you care about is money and\npower!,,si,
0x3444304,0x3444336,50,ascii,"You think this is over? Just you\nwait, Sadaoki!   ",,si,
0x3444348,0x3444366,30,ascii,"You're going down, asshole!   ",,si,
0x3451342,0x345134E,12,ascii,"P/5435a1""2BB",si,,
0x3455F92,0x3455F9C,10,ascii,"""234""""3343",si,,
0x345C722,0x345C72F,13,ascii,T565ETdc&WTC4,si,,
0x3460E54,0x3460E60,12,ascii,"V%3DTBDB""v34",si,,
0x34AA870,0x34AA882,18,ascii,Feeling better?   ,,,
0x34AA894,0x34AA8BE,42,ascii,These ain't the kinda guys you\npiss off.  ,,si,
0x34AA8D0,0x34AA8E6,22,ascii,He's hiding something.,,,
0x34AA8F8,0x34AA93E,70,ascii,I know he's involved with Hojo's\ndisappearance and Lorraine's\nmurder. ,,si,
0x34AA950,0x34AA96C,28,ascii,But we don't have any proof ,,si,
0x34AA96F,0x34AA97A,11,ascii,or leads.  ,,si,
0x34D7772,0x34D777C,10,ascii,"""""""""""""""""""""",si,,
0x34E1612,0x34E1620,14,ascii,"fFUUTUED4CD3""2",si,,
0x34E3990,0x34E39A2,18,ascii,We have our lead. ,,si,
0x34E39B4,0x34E39C2,14,ascii,Yeah? What?   ,,si,
0x34E39D4,0x34E39F2,30,ascii,Now they know we're onto them.,,si,
0x34E3A04,0x34E3A46,66,ascii,"If they've got something to hide,\nthey'll make a move eventually. ",,si,
0x34E3A6C,0x34E3A96,42,ascii,"We just gotta live to see\n""eventually"".   ",,si,
0x34E3AA8,0x34E3ACE,38,ascii,"Sorry, Ed.  I got you into all this.  ",,si,
0x34E3AE0,0x34E3AEA,10,ascii,S'alright.,si,,
0x34E3AFC,0x34E3B26,42,ascii,I'm sick of rotting away at Vice\nanyway.  ,,si,
0x34E3B38,0x34E3B8A,82,ascii,"Hey, why don't we get something\nto eat at my place? My baby's\ncooking is the best.",,si,
0x34E3B9C,0x34E3BA6,10,ascii,You sure? ,,si,
0x34E3BB8,0x34E3BDA,34,ascii,Don't be silly.  You're family.   ,,si,
0x34E3BEC,0x34E3C26,58,ascii,The more the better.  The kids\nwill love to meet you too. ,,si,
0x34E3C38,0x34E3C42,10,ascii,"Ed, I.... ",,,
0x34E7E03,0x34E7E11,14,ascii,"SG!0S22UD13D""I",si,,
0x34F2453,0x34F245D,10,ascii,"B5c3  !E""2",,,
0x350B972,0x350B97C,10,ascii,"FeVED43""""!",si,,
0x3513AB2,0x3513ABE,12,ascii,"4 N!1!CC""! /",,,
0x352BDD7,0x352BDE1,10,ascii,"""1""43BTdC%",si,,
0x352E766,0x352E771,11,ascii, 44TUTgtuT%,si,,
0x354E502,0x354E50E,12,ascii,3C4BgT4SWTE3,si,,
0x3568327,0x3568331,10,ascii,"A""!14""2!"")",si,,
0x356F870,0x356F89A,42,ascii,"Besides, it's been great seeing you\nagain.",,si,
0x357C870,0x357C87E,14,ascii,White blood.  ,,,
0x357C890,0x357C8AE,30,ascii,He's running artificial blood?,,,
0x3583BD7,0x3583BE1,10,ascii,"&A""%Rd0ET+",si,,
0x3585467,0x3585471,10,ascii,DB236DQCC+,si,,
0x3587587,0x3587591,10,ascii,SSS2BQA5U+,si,,
0x3587CC2,0x3587CD1,15,ascii,a4413aBRoE5AEe+,si,,
0x35918D0,0x359190E,62,ascii,Conversation is the best way to\ntake your mind off something. ,,si,
0x3591920,0x359194E,46,ascii,We should take advantage of the\nopportunity.  ,,si,
0x3591960,0x3591982,34,ascii,Tony Redwood.  Nice to meet you.  ,,si,
0x35A6AB3,0x35A6AC1,14,ascii,"4ZJ!0?KoMN./-,",si,,
0x35AF275,0x35AF27F,10,ascii," RP"" T4!-S",,,
0x35B3880,0x35B389E,30,ascii,Jonathan Ingram.  Same here.  ,,si,
0x35BE4E5,0x35BE4F1,12,ascii,"DWcSBp!RBR1,",si,,
0x35C2527,0x35C2531,10,ascii,NTfsCSvV28,si,,
0x35C5890,0x35C58A2,18,ascii,Can I help you?   ,,si,
0x35C58B4,0x35C58D6,34,ascii,You here to file a police report? ,,si,
0x35CDE25,0x35CDE31,12,ascii,"CBOG3R12.C4,",si,,
0x35CE062,0x35CE071,15,ascii,"QRaACRD0DVV%1%,",si,,
0x35D33D6,0x35D33E0,10,ascii,"a4""0oQ%S""%",si,,
0x35DB970,0x35DB97E,14,ascii,Tokugawa....  ,si,,
0x35DB990,0x35DB9B2,34,ascii,He disappeared here 3 weeks ago.  ,,si,
0x35DB9C4,0x35DBA0A,70,ascii,Then his wife was murdered on\nHome after coming to ask for my\nhelp.   ,,si,
0x35DBA1C,0x35DBA2A,14,ascii,Bloody hell.  ,,,
0x35DBA3C,0x35DBA52,22,ascii,"Chief, I was thinking ",,si,
0x35DBA68,0x35DBA72,10,ascii,"Jonathan, ",si,,
0x35DBA84,0x35DBAC6,66,ascii,if Tokugawa's involved then I'm\nafraid that changes everything.   ,,si,
0x35DBAD8,0x35DBB0E,54,ascii,"I'm sorry, but we can't conduct an\nofficial inquiry.  ",,si,
0x35DBB20,0x35DBB4A,42,ascii,Though feel free to work with Ed\non it.   ,,si,
0x35DBB5C,0x35DBB9E,66,ascii,If you uncover something we'll\nstep in and take over from there.  ,,si,
0x35DBBC8,0x35DBBFE,54,ascii,I trust you'll give Jonathan your\nfull cooperation.   ,,si,
0x35DBC10,0x35DBC26,22,ascii,Just make it quiet.   ,,si,
0x35DBC38,0x35DBC46,14,ascii,"Yes, chief.   ",,si,
0x35DBC58,0x35DBC6E,22,ascii,"I owe you one, Gates. ",,si,
0x35DBC80,0x35DBCBE,62,ascii,You're more than welcome here...\nprovided you behave yourself.,,si,
0x35DBCD0,0x35DBCDA,10,ascii,Alright?  ,si,,
0x35DBCEC,0x35DBD16,42,ascii,"Don't worry, you won't even know\nI'm here.",,si,
0x35DBD28,0x35DBD52,42,ascii,"Really great seeing you again,\nJonathan.  ",,si,
0x36049D6,0x36049E0,10,ascii,/%bA6ST%Ue,si,,
0x360D9E5,0x360D9F1,12,ascii,"1A""10""STC6UH",si,,
0x360DA25,0x360DA31,12,ascii,2!!3B4UVV4G(,si,,
0x360DC42,0x360DC4F,13,ascii,"S3C!BG6VT""""! ",si,,
0x360E0B2,0x360E0BE,12,ascii," !CCDB!""14ED",si,,
0x360E563,0x360E56D,10,ascii,&4RFFD6TVE,si,,
0x360E6A2,0x360E6AE,12,ascii,"""3TFF3335D4!",si,,
0x360E767,0x360E771,10,ascii,ACDED23BU(,si,,
0x360ED65,0x360ED71,12,ascii,1DUDCAC2&EC),si,,
0x360F154,0x360F161,13,ascii,"/""3C5DDS2!20)",si,,
0x3615235,0x361523F,10,ascii,"15E2""BB3C3",si,,
0x361A567,0x361A571,10,ascii,%S2TDUWeR),si,,
0x3642F22,0x3642F2C,10,ascii,"dED3SD""!dF",si,,
0x3643AA2,0x3643AAD,11,ascii,cfWeWETge !,,,
0x364CEF2,0x364CEFF,13,ascii,"EC2SS35d2""2!""",si,,
0x364D082,0x364D08D,11,ascii,CB1S4CA3CA2,si,,
0x364F126,0x364F131,11,ascii,eDES4SS2wF),si,,
0x364F343,0x364F351,14,ascii,"!!""4cSEUC2CB4(",si,,
0x364F667,0x364F671,10,ascii,AdgfC44CT(,si,,
0x36508B2,0x36508BD,11,ascii,2SD%%SBCD4B,si,,
0x3650DF3,0x3650DFD,10,ascii,"BUFd44SFE""",si,,
0x3650F12,0x3650F21,15,ascii,!14TF6565EDCE3H,si,,
0x3653EB2,0x3653EBD,11,ascii,"BCfvfwUe%3""",si,,
0x3653FD2,0x3653FDD,11,ascii,2FDU5CTCVGC,si,,
0x36547B2,0x36547C1,15,ascii," "" ""454C323BED(",,,
0x3654A76,0x3654A81,11,ascii,23eeFU4%Sd(,si,,
0x3654C02,0x3654C11,15,ascii, 3EgVUESUUvfUU(,si,,
0x3654E42,0x3654E4D,11,ascii, 3EeWGDRACD,si,,
0x3655502,0x3655511,15,ascii,1cT%43c3Ff5E4F(,si,,
0x3655593,0x36555A1,14,ascii,cVUS6U5TcD2CS(,si,,
0x36556B3,0x36556C1,14,ascii,5GFED4D2TUEeg(,si,,
0x3655742,0x3655751,15,ascii,BFdeTSDUveuTUG(,si,,
0x36557D2,0x36557E1,15,ascii,"CRdTUTdTE5""B3C(",si,,
0x36558F2,0x36558FC,10,ascii,"!C42""4232""",si,,
0x3655B94,0x3655BA1,13,ascii,"!!23! !2AT2""I",,si,
0x3655D05,0x3655D11,12,ascii,"1R"".2! 3C32(",,,
0x36576C7,0x36576D1,10,ascii,6E3uVBRBT',si,,
0x3658902,0x365890D,11,ascii,"BC3321""""""""""",si,,
0x3658E37,0x3658E41,10,ascii,CU3321TU4H,si,,
0x3659614,0x3659621,13,ascii,PFdvf3TWFCe%(,si,,
0x365A296,0x365A2A1,11,ascii,DUEeD4C454(,si,,
0x365A3B5,0x365A3BF,10,ascii,"1cfS2""""DCD",si,,
0x365A957,0x365A961,10,ascii,2   1C4D3(,,,
0x3662612,0x366261D,11,ascii,F34U344T%3B,si,,
0x36638B6,0x36638C1,11,ascii,33EoR2LPC/),si,,
0x3670376,0x3670381,11,ascii,"4!""121!0""5,",si,,
0x36709A2,0x36709AE,12,ascii,R5Uau!&5SESU,si,,
0x3670A13,0x3670A1D,10,ascii,"A4A0,Cpoc0",si,,
0x3675866,0x3675871,11,ascii,CD22204TAE+,si,,
0x3675D72,0x3675D7C,10,ascii,/2123D2!02,si,,
0x367D874,0x367D881,13,ascii,"""3!RDR4BBC5P+",si,,
0x367E0E4,0x367E0F1,13,ascii,FR1BeUC&d44%+,si,,
0x367F232,0x367F241,15,ascii,"BO2 PO3C""OB""2 ,",,,
0x367F864,0x367F86E,10,ascii,45ETcaDP51,si,,
0x3680736,0x3680741,11,ascii,"BA!3A""""A12,",si,,
0x36940A0,0x36940BE,30,ascii,He also found a viroid in it. ,,si,
0x36940D0,0x36940DA,10,ascii,A viroid? ,,,
0x3699F37,0x3699F41,10,ascii,!TBCVVUU4D,si,,
0x36A2626,0x36A2631,11,ascii,m!PaRaeREC5,si,,
0x36A4F67,0x36A4F71,10,ascii,"TE6T25DcC,",si,,
0x36A5225,0x36A5231,12,ascii,"B12NC1134""C,",si,,
0x36B0080,0x36B00B2,50,ascii,Narc's gotta be related to Hojo's\ndisappearance.  ,,si,
0x36B00C4,0x36B00FE,58,ascii,And at the center of it all sits\nTokugawa Pharmaceuticals.,,si,
0x36B0110,0x36B0136,38,ascii,This keeps getting better and\nbetter. ,,si,
0x36B0148,0x36B017E,54,ascii,"It's been rumored that\nTokugawa's involved with drugs,",,si,
0x36B0190,0x36B01BA,42,ascii,but no one's been able to prove\nanything. ,,si,
0x36B01CC,0x36B01FA,46,ascii,The chief carried out a big-ass\ninvestigation ,,si,
0x36B020C,0x36B0246,58,ascii,"through AP several years back,\nbut it blew up in his face.",,si,
0x36B0258,0x36B0282,42,ascii,"That's what has Gates so spooked,\nis it?  ",,si,
0x36B0294,0x36B02BE,42,ascii,We can't touch the guy without\nthe goods. ,,si,
0x36B02D0,0x36B02FE,46,ascii,This is way less cut and dried than\nI thought.,,si,
0x36B0310,0x36B0336,38,ascii,Who knows who else could be a\ntarget. ,,si,
0x36C7302,0x36C730D,11,ascii,"3333333C33""",si,,
0x36E0703,0x36E070D,10,ascii,/3TE1UBDsB,si,,
0x36EFB27,0x36EFB31,10,ascii,"P""DBoed1A'",si,,
0x36F6394,0x36F63A0,12,ascii,"""""B3FR32RDF5",si,,
0x36F6642,0x36F664C,10,ascii,"0A?!02""2""2",si,,
0x36F6882,0x36F688C,10,ascii,c3!L01B2/E,si,,
0x36FDD07,0x36FDD11,10,ascii, 44SR33D5E,,,
0x3706522,0x370652E,12,ascii,"!""3B2B14A1""Q",si,,
0x37074A6,0x37074B1,11,ascii,!bO1bSS340D,si,,
0x370AC44,0x370AC50,12,ascii,"%""4D22TDUDTE",si,,
0x370DFF2,0x370E000,14,ascii,deR0EDDbE1o!.2,si,,
0x370F722,0x370F72D,11,ascii,"q0gbc""T6b3Q",si,,
0x3718E54,0x3718E5E,10,ascii,b%G3}O222f,si,,
0x3730AA5,0x3730AAF,10,ascii,"AdC2CC22""!",si,,
0x3734090,0x37340E2,82,ascii,All you really need to do with a lift\ngun is get yourself locked onto\nthe fucker. ,,si,
0x37340F4,0x373411B,39,ascii,The trainer has a total of three\nmodes ,,si,
0x3734130,0x373414A,26,ascii,"Target Mode, Training Mode",,,
0x373415C,0x373416E,18,ascii,and Combat Mode.  ,,si,
0x3734180,0x37341A6,38,ascii,Each incorporates situational\nanalysis,,,
0x37341B8,0x37341D6,30,ascii,to serve a specific function. ,,si,
0x37341E8,0x373422E,70,ascii,The system fuses good\nold-fashioned mechatronics with\nthe latest in   ,,si,
0x3734240,0x3734256,22,ascii,holographic imagery.  ,,,
0x3734268,0x3734276,14,ascii,So is this VR?,,si,
0x3734288,0x37342DE,86,ascii,"No way.  To simulate real combat\nas much as possible, the system\ndoesn't use any VR.  ",,si,
0x37342F0,0x3734312,34,ascii,"Like I said, we shoot live rounds.",,si,
0x3734324,0x373434A,38,ascii,Playing it safe ain't real training.  ,,si,
0x373435C,0x37343A2,70,ascii,Same reason the military doesn't\nuse VR for firearms training\neither. ,,si,
0x37343B4,0x37343EA,54,ascii,"These are real bullets, so watch\nwhat you're doing.   ",,si,
0x37343FC,0x3734422,38,ascii,"It may feel a little behind the\ntimes,",,si,
0x3734434,0x373444A,22,ascii,but VR's for amateurs.,,si,
0x3734470,0x373448A,26,ascii,Lemme fire her up for you.,,si,
0x373C1A3,0x373C1AD,10,ascii,3!2B!%b4U4,si,,
0x374D035,0x374D03F,10,ascii,"""!!332BA!""",si,,
0x375D512,0x375D51C,10,ascii,QR2!32cRUR,si,,
0x375EC32,0x375EC41,15,ascii,"1""!S6QS2R/bBUo+",si,,
0x375ECD7,0x375ECE1,10,ascii,"4d52RB14"",",si,,
0x37621F2,0x37621FD,11,ascii,"""2!2""""2""10!",si,,
0x3762875,0x3762881,12,ascii,'643UD3dcDD(,si,,
0x376E1E2,0x376E1EF,13,ascii,"2122345CB1""33",si,,
0x376E2E6,0x376E2F1,11,ascii,.tD!TW51Cg4,si,,
0x376FD56,0x376FD61,11,ascii,"2""oA33D0""4+",si,,
0x3770ED4,0x3770EDF,11,ascii,T!cRo/BP014,si,,
0x37710D2,0x37710E1,15,ascii,"34WCENCdUqbQce,",si,,
0x37717D2,0x37717DC,10,ascii,"B22A""!3!01",si,,
0x3792DC3,0x3792DCD,10,ascii,1ECRTTGVD2,si,,
0x37943E7,0x37943F1,10,ascii,CV3BTF32CF,si,,
0x3799D32,0x3799D41,15,ascii,"!!2200!1? !1 "",",,,
0x37A1BB3,0x37A1BC1,14,ascii,"VR&V43ACFD33"",",si,,
0x37A2733,0x37A273D,10,ascii,"6C%%2BBQ""C",si,,
0x37AB572,0x37AB57C,10,ascii,"""2A2BC6VTA",si,,
0x37AC2E7,0x37AC2F1,10,ascii,QT51CE323&,si,,
0x37AE182,0x37AE18C,10,ascii,"3&143P!U""!",si,,
0x37B6082,0x37B608C,10,ascii,fUVeFffe5%,si,,
0x37B6277,0x37B6281,10,ascii,"R6""UGCT%4E",si,,
0x37B7FD5,0x37B7FE1,12,ascii,BfAvf0cVu54%,si,,
0x37BD604,0x37BD611,13,ascii,"BoRTC44U?Uf7,",si,,
0x37BEED5,0x37BEEE0,11,ascii,2DQ0RD0n o2,,,
0x37BEFE2,0x37BEFEF,13,ascii,"q TpB""C32""142",,,
0x37C3F65,0x37C3F70,11,ascii,"""4Eet2C44Fu",si,,
0x37CFDF6,0x37CFE01,11,ascii,33AEF4UggV%,si,,
0x37D2777,0x37D2781,10,ascii,"R001!1O0"")",si,,
0x37E4802,0x37E480C,10,ascii,22334D4454,si,,
0x37E6442,0x37E644E,12,ascii,"033CEV5%%2T""",si,,
0x37EC870,0x37EC88A,26,ascii,"Catch you later, Jonathan.",,si,
0x37EEB82,0x37EEB90,14,ascii,C3DDTUfED3DEef,si,,
0x37F04F6,0x37F0500,10,ascii,2!CDD42424,si,,
0x37FA880,0x37FA89A,26,ascii,Where else? The military. ,,si,
0x37FA8AC,0x37FA8B6,10,ascii,See ya.   ,,,
0x380F870,0x380F882,18,ascii,Don't forget it.  ,,si,
0x381E930,0x381E93A,10,ascii,Back up.  ,,si,
0x381E94C,0x381E962,22,ascii,A hundred sets of K-9?,,si,
0x381E974,0x381E99E,42,ascii,I thought K-9 wasn't on the\nmarket yet?   ,,si,
0x381E9B0,0x381E9E2,50,ascii,Why would this hospital be getting\n100 sets of it?,,si,
0x381E9F4,0x381EA1A,38,ascii,"Once a new product's been\napproved,   ",,si,
0x381EA2C,0x381EA52,38,ascii,we conduct studies until its\nrelease. ,,si,
0x381EA64,0x381EA82,30,ascii,"Not to look for side effects, ",,si,
0x381EA94,0x381EAD2,62,ascii,but to gather data for\nmanufacturing and marketing\npurposes.  ,,si,
0x381EAE4,0x381EB06,34,ascii,"Still, 100 sets? Seems a bit much.",,,
0x381EB18,0x381EB4A,50,ascii,I think we're better off asking at\nthe hospital.  ,,si,
0x381EB5C,0x381EB7E,34,ascii,Where do you make your\nsamples?   ,,si,
0x381EB90,0x381EBA2,18,ascii,At a factory here.,,si,
0x381EBB4,0x381EBCE,26,ascii,Can we take a look inside?,,si,
0x381EBE0,0x381EBF2,18,ascii,Absolutely not.   ,,si,
0x3825454,0x382545E,10,ascii,"!22""4%4TE2",si,,
0x382AC76,0x382AC81,11,ascii,"B!C3""B15R%+",si,,
0x382AFB6,0x382AFC0,10,ascii,"WTBBC3b""QB",si,,
0x382B627,0x382B631,10,ascii,"a/31""24TP+",si,,
0x382CB72,0x382CB7C,10,ascii,"OD2%54E""23",si,,
0x382D3D7,0x382D3E1,10,ascii,'T3SRAD5B+,si,,
0x382E642,0x382E64F,13,ascii,"""23C3DB22CRB3",si,,
0x3831F73,0x3831F7D,10,ascii,"""2""3334344",si,,
0x3835C52,0x3835C61,15,ascii, RC4ATR2B3S!TP+,si,,
0x3836A72,0x3836A7E,12,ascii,"""BPBR2BAB1RC",si,,
0x38371E2,0x38371EC,10,ascii,"R0""qP0O15p",si,,
0x383FAE5,0x383FAF1,12,ascii,5DC4Q42B1CD+,si,,
0x38402B2,0x38402BC,10,ascii,"UPQC334T1""",si,,
0x384B8C2,0x384B8CC,10,ascii,"""33C3DC4D3",si,,
0x384F9C2,0x384F9CE,12,ascii,"%tO""R424ujf3",,si,
0x38512F5,0x3851301,12,ascii,"O3""/ 31""2""A+",,,
0x3856282,0x385628E,12,ascii,"""!""2""1B2""""Q/",si,,
0x38578D5,0x38578E1,12,ascii,DVTTDE423CD',si,,
0x385D642,0x385D64C,10,ascii,E5UUUeSUC/,si,,
0x385F914,0x385F91E,10,ascii,/6dcCFVTT4,si,,
0x385F983,0x385F98D,10,ascii,0dVVDvvVFD,si,,
0x3862AF4,0x3862AFE,10,ascii,?1/23S3/? ,,,
0x38640F2,0x38640FC,10,ascii,45EDT4E&D%,si,,
0x3867942,0x386794D,11,ascii,%SSEA&EUEBs,si,,
0x3867F42,0x3867F51,15,ascii,EEDE2EFRbe2DoS+,si,,
0x38680D2,0x38680DD,11,ascii,454QCS3%bAT,si,,
0x38680E7,0x38680F1,10,ascii,"SUocQQbaA,",si,,
0x3869D52,0x3869D60,14,ascii,"!4D""pC4!3D3BQ%",si,,
0x3873605,0x387360F,10,ascii,"""30N""2!10!",si,,
0x3873AD5,0x3873AE1,12,ascii,F2&C5B26A5C+,si,,
0x3875E76,0x3875E80,10,ascii,B %4BEE6T4,,,
0x3882892,0x388289E,12,ascii,4ECDEdS&G4Wr,si,,
0x388D652,0x388D65E,12,ascii,3B2C4D5UUTUd,si,,
0x3890792,0x38907A0,14,ascii,fUVVUUVESDDCCC,si,,
0x389D130,0x389D13E,14,ascii,You asshole!  ,,si,
0x389D150,0x389D1A2,82,ascii,Why can't you just stay out of our\nlives? You've already caused us\nenough pain!   ,,si,
0x389D1B4,0x389D1BE,10,ascii,Please!   ,si,,
0x389D1D0,0x389D1F6,38,ascii,"That's not what I'm here to do,\nKaren.",,si,
0x389D208,0x389D246,62,ascii,"Lorraine... I mean, your mother\nasked me for my help on Home. ",,si,
0x389D258,0x389D27E,38,ascii,I'm just trying to find your father.  ,,si,
0x389D290,0x389D2CE,62,ascii,"Yeah, and look what happened\nright after she met up with you. ",,si,
0x389D2E0,0x389D302,34,ascii,Why? Why is this happening to\nus? ,,si,
0x389D314,0x389D342,46,ascii,"It's you, it's always you! Jonathan\nIngram.   ",,si,
0x389D354,0x389D392,62,ascii,"As far as I'm concerned, you're\nthe one who killed my mother! ",,si,
0x389D3A4,0x389D3DE,58,ascii,I don't want your help! I'll look\nfor my father myself.   ,,si,
0x38AA5E3,0x38AA5EF,12,ascii,KI:mYnzKZ-0.,si,,
0x38ACD23,0x38ACD2D,10,ascii,F33CEE3DcA,si,,
0x38BA902,0x38BA911,15,ascii,DcT74Ff%oTDSET+,si,,
0x38BB1A3,0x38BB1B1,14,ascii,FUd5RES%tFSbD+,si,,
0x38CE846,0x38CE850,10,ascii,"""""!110!""33",si,,
0x38DAD86,0x38DAD90,10,ascii,10!2 /A/2!,,,
0x38DF627,0x38DF631,10,ascii,"VU%&BCEEB,",si,,
0x38EE313,0x38EE321,14,ascii,"V3p2QTBU2524e,",si,,
0x390B242,0x390B251,15,ascii,"""0E3P""3""2CD0&3,",si,,
0x390CB72,0x390CB81,15,ascii,"WA23VC2!3&5SU!,",si,,
0x3911BE5,0x3911BF0,11,ascii,"320D%2""dUVF",si,,
0x39278C0,0x39278CA,10,ascii,Just go!  ,,si,
0x39278F4,0x3927912,30,ascii,you've got Jonathan all wrong.,,si,
0x392CCF4,0x392CCFE,10,ascii,C1?30oS31C,si,,
0x39339B3,0x39339BF,12,ascii,2cfTCf%ccVTf,si,,
0x393B910,0x393B922,18,ascii,"According to this,",,si,
0x393B934,0x393B95A,38,ascii,Mr. Hojo is still inside the\nbuilding.,,si,
0x393B96C,0x393B986,26,ascii,What about another exit?  ,,si,
0x393B998,0x393B9BA,34,ascii,"There are several emergency\nexits,",,si,
0x393B9CC,0x393BA02,54,ascii,but it would still be difficult to\nbypass the system. ,,si,
0x393BA14,0x393BA4A,54,ascii,So Hojo drops off the face of the\nearth right here.   ,,si,
0x393BA5C,0x393BA86,42,ascii,"Either he's being held somewhere\ninside,  ",,si,
0x393BA98,0x393BAC6,46,ascii,or he left without going through\nthe system.  ,,si,
0x393BAD8,0x393BAEE,22,ascii,Lorraine was right.   ,,si,
0x393BB00,0x393BB5A,90,ascii,"The whole thing stinks.  If they\nreally don't know anything, why\nnot be more concerned?   ",,si,
0x393BB6C,0x393BB86,26,ascii,You can say that again.   ,,si,
0x393BB98,0x393BBC2,42,ascii,I've never seen anything like this\nbefore.,,si,
0x393D392,0x393D3A0,14,ascii,"33C4334322""2""""",si,,
0x393D3A5,0x393D3B0,11,ascii,24Te6EeVeF5,si,,
0x394D463,0x394D46E,11,ascii,"""32""2N""B/ O",,,
0x3951D57,0x3951D61,10,ascii,"Rc/!/RM?"",",si,,
0x3953AA2,0x3953AAD,11,ascii,"SE3T53C5""B3",si,,
0x3953DC5,0x3953DCF,10,ascii,"D!43B""1251",si,,
0x3955F42,0x3955F4C,10,ascii,TTU%f6D& },,,
0x39639D2,0x39639DD,11,ascii,!BCCCDD5D5R,si,,
0x3974074,0x397407E,10,ascii,"22S2T""""""A""",si,,
0x3976DB3,0x3976DC0,13,ascii,&RDdaBB1SATTj,si,,
0x3981BB2,0x3981BBE,12,ascii,"""""""""""""""""""""""!",si,,
0x3983486,0x3983490,10,ascii,"54""E4T""11 ",,,
0x399B632,0x399B63D,11,ascii,"fF""!DUDDSeV",si,,
0x39A2EF4,0x39A2F01,13,ascii,"""2 """"!""!20!"",",,,
0x39A4115,0x39A4121,12,ascii,"""2 """"!""!""""!,",,,
0x39B9A92,0x39B9AA0,14,ascii,"3443332""""""""333",si,,
0x39F6792,0x39F679C,10,ascii,"A2""5/P3o?A",si,,
0x39FD0A0,0x39FD0AE,14,ascii,Here we are.  ,si,si,
0x39FD0C0,0x39FD0CE,14,ascii,"Not bad, Ed!  ",,si,
0x39FD0E0,0x39FD10A,42,ascii,Housing's a lot cheaper here than\nHome.   ,,si,
0x39FD11C,0x39FD142,38,ascii,"Even then, I'm still paying it off.   ",,si,
0x39FD154,0x39FD196,66,ascii,"It's nothing compared to Hojo's\nplace, but we're in a nice area.  ",,si,
0x39FD1A8,0x39FD1EE,70,ascii,The South Garden linear rail\nstation's right around the corner\ntoo.   ,,si,
0x39FD200,0x39FD21E,30,ascii,"The linear rail's a maglev,   ",,si,
0x39FD230,0x39FD25E,46,ascii,so noise or vibrations ain't that big\na deal. ,,si,
0x39FD270,0x39FD29A,42,ascii,Wish I had a place like this to call\nhome.,,si,
0x39FD2AC,0x39FD2CE,34,ascii,"Yeah, it's nice for kicking back. ",,si,
0x39FD2E0,0x39FD302,34,ascii,"Anyway, why don't we head\ninside? ",,si,
0x39FE792,0x39FE7A0,14,ascii,D43D4DDDDDDD4D,si,,
0x39FE7A2,0x39FE7B0,14,ascii,UEDDCEUDEDD3D3,si,,
0x39FE7B2,0x39FE7C0,14,ascii,C43DDDTDDD3D44,si,,
0x3A09507,0x3A09511,10,ascii,"/cD 2F""AD%",,,
0x3A1B046,0x3A1B051,11,ascii,c2462eVTUR&,si,,
0x3A24FA6,0x3A24FB0,10,ascii,3RDDDTTD3C,si,,
0x3A24FB2,0x3A24FC0,14,ascii,3CEU44CTD44DdF,si,,
0x3A32095,0x3A320A0,11,ascii,QD!2!!0BCDe,si,,
0x3A38427,0x3A38431,10,ascii,?S23BbPR%(,si,,
0x3A47A13,0x3A47A1F,12,ascii,"ad""4VGCSFBO""",si,,
0x3A4F813,0x3A4F820,13,ascii,"""""33333333C33",si,,
0x3A4F862,0x3A4F870,14,ascii,UEUUDCDDDTEDCD,si,,
0x3A4F872,0x3A4F87E,12,ascii,4D333B333332,si,,
0x3A4F8C2,0x3A4F8D0,14,ascii,CTUVeVeVUVTUUU,si,,
0x3A4F8D2,0x3A4F8E0,14,ascii,VeffUeUUVfefVV,si,,
0x3A4F8F2,0x3A4F900,14,ascii,34432C33333332,si,,
0x3A58165,0x3A5816F,10,ascii,3B1E0SC! e,,,
0x3A58F72,0x3A58F7E,12,ascii,"r353DA?/F""?V",si,,
0x3A598A5,0x3A598B0,11,ascii,3feDDD5Ceeb,si,,
0x3A66892,0x3A668A0,14,ascii,"""""2333CCCCC333",si,,
0x3A6F5D2,0x3A6F5E0,14,ascii,33343233333332,si,,
0x3A6F5E2,0x3A6F5EE,12,ascii,DDCTE4eD5432,si,,
0x3A6F692,0x3A6F6A0,14,ascii,UfUUEEUUTEEED3,si,,
0x3A6F7B2,0x3A6F7C0,14,ascii,3DDCC33334C3C3,si,,
0x3A6F7C2,0x3A6F7D0,14,ascii,VefUEEUfV4D5E4,si,,
0x3A6F7D2,0x3A6F7E0,14,ascii,TTUUeUUVVUEDTe,si,,
0x3A6F7E2,0x3A6F7F0,14,ascii,ECDDDD4DTEEDUU,si,,
0x3A6F7F2,0x3A6F800,14,ascii,UTDDUefUDUUTUD,si,,
0x3A6F802,0x3A6F810,14,ascii,DDDSUV4CUeUeUU,si,,
0x3A70870,0x3A7087A,10,ascii,After you.,,si,
0x3A77402,0x3A7740C,10,ascii,Ts2NB6U6&3,si,,
0x3A79880,0x3A7988E,14,ascii,"Oh, hey, Dad. ",,,
0x3A798A0,0x3A798AE,14,ascii,"Heya, kiddo.  ",,,
0x3A80C43,0x3A80C4D,10,ascii,/AASWDEc2C,si,,
0x3A88A96,0x3A88AA0,10,ascii,"23C4C""23Ue",si,,
0x3A8AAB0,0x3A8AACE,30,ascii,You at gymnastics practice?   ,,si,
0x3A8AAE0,0x3A8AB02,34,ascii,This is my new uniform.  Like it? ,,si,
0x3A8AB14,0x3A8AB32,30,ascii,"A little revealing, isn't it? ",,si,
0x3A8AB44,0x3A8AB76,50,ascii,"Blah, blah, blah.  It's the material\nthat counts. ",,si,
0x3A8AB88,0x3A8ABDE,86,ascii,It's made from that new\nall-natural compound fabric.  It's\ngreat at absorbing sweat!  ,,si,
0x3A8ABF0,0x3A8AC22,50,ascii,I'm more interested in what's\nunder the uniform.  ,,si,
0x3A8AC34,0x3A8AC56,34,ascii,Jonathan! This is my baby girl.   ,,si,
0x3A8AC68,0x3A8AC82,26,ascii,"Who's this, Dad? A guest? ",,si,
0x3A8AC94,0x3A8ACCA,54,ascii,"Yeah, your dad's brought along an\nold friend today.   ",,si,
0x3A8ACDC,0x3A8ACFE,34,ascii,Will we have enough for dinner?   ,,si,
0x3A8AD10,0x3A8AD42,50,ascii,"Sure.  I usually make too much\nanyway, remember?  ",,,
0x3A8AD54,0x3A8AD82,46,ascii,"Besides, we can always give him\nsome of yours!",,si,
0x3A8AD94,0x3A8ADAE,26,ascii,Just do what you gotta do.,,si,
0x3A8ADC0,0x3A8ADDA,26,ascii,I'm Anna.  And you are?   ,,si,
0x3A8ADEC,0x3A8AE0A,30,ascii,Jonathan.  Jonathan Ingram.   ,,,
0x3A8AE1C,0x3A8AE26,10,ascii,Charmed.  ,,,
0x3A8AE38,0x3A8AE76,62,ascii,Jonathan? You're Jonathan? Dad\ntalks about you all the time.  ,,si,
0x3A8AE88,0x3A8AEBE,54,ascii,Marc? Aren't you gonna say hello\nto Uncle Jonathan?   ,,si,
0x3A8AEE4,0x3A8AEFE,26,ascii,Don't take it personally. ,,si,
0x3A8AF10,0x3A8AF56,70,ascii,Marc has a mental disorder.  He\ndoesn't talk.  It's kinda like autism.,,si,
0x3A8AF68,0x3A8AFA6,62,ascii,"Alright, Anna, why don't you get\nchanged and start on dinner? ",,si,
0x3A8AFB8,0x3A8AFEA,50,ascii,I suppose this is a little heavy for\n1G anyway.   ,,si,
0x3A8CE75,0x3A8CE81,12,ascii,"P4""TfEF%6V!B",si,,
0x3A92B72,0x3A92B80,14,ascii,ED5UFEDTTSTSCE,si,,
0x3A92B82,0x3A92B90,14,ascii,EETTDU5ED2CD34,si,,
0x3A92BA6,0x3A92BB0,10,ascii,"2""2DE4DCCE",si,,
0x3A92BB2,0x3A92BC0,14,ascii,SUDTETDDD4D4DC,si,,
0x3A932B2,0x3A932C0,14,ascii,334C3C34332233,si,,
0x3A932C2,0x3A932D0,14,ascii,333C34C3334323,si,,
0x3A932D2,0x3A932E0,14,ascii,FVUfFVEEVUE45T,si,,
0x3A93AA2,0x3A93AB0,14,ascii,EfUUfUfUfVffff,si,,
0x3A94122,0x3A94130,14,ascii,333233333CC3C4,si,,
0x3A94132,0x3A94140,14,ascii,"2CC333""3333333",si,,
0x3A94162,0x3A94170,14,ascii,UDSDCTEDTFD444,si,,
0x3A94172,0x3A94180,14,ascii,DES4DDE54EdC6D,si,,
0x3A94182,0x3A94190,14,ascii,3C2333343C4343,si,,
0x3A94192,0x3A941A0,14,ascii,333CC33C43433C,si,,
0x3A941D2,0x3A941E0,14,ascii,3CCDDDD3333333,si,,
0x3A941E2,0x3A941F0,14,ascii,233333C44C43C3,si,,
0x3A9C8B5,0x3A9C8C0,11,ascii,"4TT""BBDfDEe",si,,
0x3A9CD72,0x3A9CD7C,10,ascii,"VVUTVeFD""!",si,,
0x3A9D012,0x3A9D01F,13,ascii,"V5!""1cUTfCU3C",si,,
0x3A9FAF4,0x3A9FB01,13,ascii,"""223fdTdgVUcE",si,,
0x3AA10E2,0x3AA10EC,10,ascii,"!""BD%64?e0",si,,
0x3AAAED7,0x3AAAEE1,10,ascii,"3CC/4mc""4J",si,,
0x3AB6DE7,0x3AB6DF1,10,ascii,NLACECB2!G,si,,
0x3AB70B2,0x3AB70BC,10,ascii,"C2C""""22R32",si,,
0x3AB9843,0x3AB984E,11,ascii,C!0D2R3B3B4,si,,
0x3ABC074,0x3ABC07F,11,ascii,V2AD2TF4CA5,si,,
0x3ABE152,0x3ABE160,14,ascii," ""EU2CCE5U334T",si,,
0x3ABE192,0x3ABE19D,11,ascii,"""BC3D3""!!""!",si,,
0x3AC47E2,0x3AC47ED,11,ascii,"TCD534E33C""",si,,
0x3AC4CF2,0x3AC4D00,14,ascii,"43333""233334C3",si,,
0x3AC4D12,0x3AC4D20,14,ascii,333333CDC3CCC3,si,,
0x3AC5172,0x3AC5180,14,ascii,"43333332""33222",si,,
0x3AC5182,0x3AC5190,14,ascii,UUVTEEDDeUEE5T,si,,
0x3AC5212,0x3AC5220,14,ascii,22T43BUUDTE4TF,si,,
0x3AC6062,0x3AC6070,14,ascii,C3C33C33C4D333,si,,
0x3AC60D2,0x3AC60E0,14,ascii,DETDSE4EEEECED,si,,
0x3AC60E2,0x3AC60F0,14,ascii,UVf5DDCDBDEETC,si,,
0x3AC60F2,0x3AC6100,14,ascii,CEEDT3CDD4UUFT,si,,
0x3AC6872,0x3AC6880,14,ascii,DdTUUUUTEEUffV,si,,
0x3AC6A72,0x3AC6A80,14,ascii,33433333333332,si,,
0x3AC6F32,0x3AC6F40,14,ascii,UUeUVUF5CC4UTD,si,,
0x3AC6F42,0x3AC6F50,14,ascii,TTdEVTUeUDDSTE,si,,
0x3AC6F52,0x3AC6F60,14,ascii,UeUTDTDDdD5eTU,si,,
0x3AC6F62,0x3AC6F70,14,ascii,UUfdFFCSCDECVD,si,,
0x3AC6F72,0x3AC6F80,14,ascii,eUETTe4CSDEUFV,si,,
0x3AC7622,0x3AC7630,14,ascii,VVfeET5UfTDUEd,si,,
0x3AC7632,0x3AC7640,14,ascii,TDE4B43DdEB4B3,si,,
0x3AC7642,0x3AC7650,14,ascii,3CC4CTDDDTD3D4,si,,
0x3AC7682,0x3AC7690,14,ascii,2B344S3TED5CCT,si,,
0x3AC7692,0x3AC76A0,14,ascii,DEfDDEDDC43D3C,si,,
0x3AC76A2,0x3AC76B0,14,ascii,C32CBCDEDSTETU,si,,
0x3AC76C2,0x3AC76D0,14,ascii,4TEfEUEVTedUTE,si,,
0x3AC76F2,0x3AC7700,14,ascii,3334C4DD4D4DDC,si,,
0x3AC7722,0x3AC7730,14,ascii,3333C343333433,si,,
0x3ACF422,0x3ACF430,14,ascii,44D443C2333333,si,,
0x3ACF432,0x3ACF440,14,ascii,fEFVUEDETT34C3,si,,
0x3ACFA52,0x3ACFA60,14,ascii,343CC3C333C43C,si,,
0x3AD02E2,0x3AD02F0,14,ascii,UUVEUU5ddTEDTE,si,,
0x3AD02F2,0x3AD02FC,10,ascii,"DEDD3""22""2",si,,
0x3AD0362,0x3AD0370,14,ascii,4B53CCBeTETUED,si,,
0x3AD0A32,0x3AD0A40,14,ascii,UUTDDDD4CUTTeF,si,,
0x3AD0A42,0x3AD0A50,14,ascii,V6eSfUDDT4CDUU,si,,
0x3AD0A52,0x3AD0A60,14,ascii,UffUFDDTSUVUET,si,,
0x3AD0A82,0x3AD0A90,14,ascii,"3C333343""43334",si,,
0x3AD0A92,0x3AD0AA0,14,ascii,3333334C34D433,si,,
0x3AD0AA2,0x3AD0AB0,14,ascii,34343443C33333,si,,
0x3AD10F2,0x3AD1100,14,ascii,DFTSDTdD42143C,si,,
0x3AD1112,0x3AD1120,14,ascii,"4D3CSUCDU4""3C3",si,,
0x3AD1122,0x3AD1130,14,ascii,4T4E5EUUTUE334,si,,
0x3AD1182,0x3AD1190,14,ascii,eVVUTTVefUedfU,si,,
0x3AD1192,0x3AD11A0,14,ascii,eUeFTDE3D6DTEV,si,,
0x3AD11A2,0x3AD11B0,14,ascii,eEUEDDT2D4D4CD,si,,
0x3AD1222,0x3AD1230,14,ascii,"23""23C3D443CC3",si,,
0x3AD18F2,0x3AD18FC,10,ascii,%ARc30PTC%,si,,
0x3AD4CC7,0x3AD4CD1,10,ascii,BDgFDUE33B,si,,
0x3AE4962,0x3AE4970,14,ascii,UETeUUED5UcUEU,si,,
0x3AE4972,0x3AE4980,14,ascii,UUDET5CDTEEeFD,si,,
0x3AE4DA6,0x3AE4DB0,10,ascii," 3""2""2CBD2",,,
0x3AE4DE2,0x3AE4DF0,14,ascii,4EDDDTDEVVVeUe,si,,
0x3AE4DF2,0x3AE4E00,14,ascii,UfUUeTEdUfUUTU,si,,
0x3AE5232,0x3AE5240,14,ascii,eUUUEFUFTVfUfe,si,,
0x3AE5252,0x3AE5260,14,ascii,UDESddUDEEDDDT,si,,
0x3AE5262,0x3AE5270,14,ascii,UUeSeUDUUVUDTU,si,,
0x3AE5632,0x3AE5640,14,ascii,"C3333""3234CC43",si,,
0x3AE5652,0x3AE5660,14,ascii,ECC44D54DTTUeT,si,,
0x3AE56D2,0x3AE56E0,14,ascii,VDVTeFVETDD4D4,si,,
0x3AE5712,0x3AE5720,14,ascii,34CDUVeEEUTTDD,si,,
0x3AE5722,0x3AE5730,14,ascii,CCCDDDEVeFDEUD,si,,
0x3AE58F2,0x3AE5900,14,ascii,fUVTD6CSC54UUE,si,,
0x3AE5902,0x3AE5910,14,ascii,"U4D3C4DDSC22""C",si,,
0x3AE5942,0x3AE5950,14,ascii,DEDDDE432BCD43,si,,
0x3AE5DA2,0x3AE5DB0,14,ascii,"3D3333""2""23D33",si,,
0x3AE5DB2,0x3AE5DC0,14,ascii,UFDTDDEUFcTDC4,si,,
0x3AE5E43,0x3AE5E50,13,ascii,"!2""2B""2CCC4DD",si,,
0x3AE6032,0x3AE6040,14,ascii,fVffffVUEfUTCU,si,,
0x3AE6402,0x3AE6410,14,ascii,eUUefUEDEDTDUD,si,,
0x3AE6422,0x3AE6430,14,ascii,VUEVTeeVUUE5TU,si,,
0x3AE6432,0x3AE6440,14,ascii,33334D33333323,si,,
0x3AE6442,0x3AE6450,14,ascii,5UUVfUfUVUUET4,si,,
0x3AE6452,0x3AE6460,14,ascii,EDfVUVUFEDDD34,si,,
0x3AE6472,0x3AE6480,14,ascii,D3CCE5ETDDUCCT,si,,
0x3AE64E2,0x3AE64F0,14,ascii,23D4DDDDC4DECE,si,,
0x3AE64F2,0x3AE6500,14,ascii,TUT43DS2C4CSCS,si,,
0x3AE6532,0x3AE6540,14,ascii,23324333333C34,si,,
0x3AE65B2,0x3AE65C0,14,ascii,333333C333233C,si,,
0x3AE65C2,0x3AE65D0,14,ascii,333343333CC333,si,,
0x3AE6802,0x3AE6810,14,ascii,3C333333C3333C,si,,
0x3AE68D2,0x3AE68E0,14,ascii,2C333333323333,si,,
0x3AE6BB2,0x3AE6BC0,14,ascii,433C3C3D333333,si,,
0x3AE6BD2,0x3AE6BE0,14,ascii,33333CCC322323,si,,
0x3AE6BE2,0x3AE6BF1,15,ascii,"UfVUVVUTTTTTTf,",si,,
0x3AE6CA2,0x3AE6CB0,14,ascii,UUUE5DDCC3D4DD,si,,
0x3AE6D03,0x3AE6D10,13,ascii,"""323B44DDd4D6",si,,
0x3AE6D12,0x3AE6D20,14,ascii,UEUUVDEdeUfUUF,si,,
0x3AE6D32,0x3AE6D40,14,ascii,"C343""223233DD4",si,,
0x3AE73F2,0x3AE7400,14,ascii,"""""""2333333334C",si,,
0x3AE7462,0x3AE7470,14,ascii,UEUUEVEDUTEdde,si,,
0x3AE7472,0x3AE7480,14,ascii,VTTEVTDUVVVTee,si,,
0x3AE7492,0x3AE74A0,14,ascii,VefVFTDd5UdTDU,si,,
0x3AE74B2,0x3AE74C0,14,ascii,3DC34CD34C3C3D,si,,
0x3AF0FA4,0x3AF0FAF,11,ascii,"""RRE5dcT56""",si,,
0x3AF56D4,0x3AF56DE,10,ascii,"U3BcBT53""4",si,,
0x3AFB452,0x3AFB460,14,ascii,C4CD3333343332,si,,
0x3AFB632,0x3AFB640,14,ascii,dDEECDDTeVTD43,si,,
0x3AFB662,0x3AFB670,14,ascii,DEUdfVEeEUDEEC,si,,
0x3AFB672,0x3AFB680,14,ascii,eVVFDCUEEEUUDE,si,,
0x3AFB692,0x3AFB6A0,14,ascii,fUfVTDUTDDCTSB,si,,
0x3AFB6E2,0x3AFB6F0,14,ascii,CECTSUE%332D4B,si,,
0x3AFB732,0x3AFB740,14,ascii,33B23C33333333,si,,
0x3AFB752,0x3AFB760,14,ascii,UeeEUEUDTDDEUU,si,,
0x3AFB762,0x3AFB770,14,ascii,EdEeUdDSECEEBD,si,,
0x3AFB812,0x3AFB820,14,ascii,UUTTDddUVUeVef,si,,
0x3AFB822,0x3AFB830,14,ascii,3C433333333333,si,,
0x3AFB862,0x3AFB870,14,ascii,DDEDSEEETDTDDS,si,,
0x3AFB912,0x3AFB920,14,ascii,224D4D3C%342D4,si,,
0x3AFB942,0x3AFB950,14,ascii,"3""3C3D3DED4DTE",si,,
0x3AFB952,0x3AFB960,14,ascii,"23""""2232334343",si,,
0x3AFB972,0x3AFB980,14,ascii,3C4344C34343D3,si,,
0x3AFCF42,0x3AFCF50,14,ascii,"44333""CDC33332",si,,
0x3AFD142,0x3AFD150,14,ascii,34433323233333,si,,
0x3AFD152,0x3AFD160,14,ascii,eeUTDdeUTDTUdE,si,,
0x3AFD652,0x3AFD660,14,ascii,EDEdTUVVfeUUT4,si,,
0x3AFD662,0x3AFD670,14,ascii,FUVeUTeVeeeeVF,si,,
0x3B274F5,0x3B274FF,10,ascii,444A!13NAR,si,,
0x3B40AC2,0x3B40AD0,14,ascii,"""""22CDDD433233",si,,
0x3B42F33,0x3B42F3E,11,ascii,"AQ 125!S""/5",,,
0x3B4DA06,0x3B4DA11,11,ascii,"%235AC"""" A,",,,
0x3B53062,0x3B5306C,10,ascii,B223DSD551,si,,
0x3B544E2,0x3B544EF,13,ascii,fVfUUDDDDDDDU,si,,
0x3B564E2,0x3B564F0,14,ascii,3CDCDDUC44DDDD,si,,
0x3B56502,0x3B56510,14,ascii,C3C3433CC44DC4,si,,
0x3B58D56,0x3B58D60,10,ascii,"4C""31""""""33",si,,
0x3B7A4B6,0x3B7A4C0,10,ascii,"N""/.!3 AN%",,si,
0x3B7C6B2,0x3B7C6BC,10,ascii,TDTfFC2TES,si,,
0x3B7C712,0x3B7C720,14,ascii,B2BDDCUEDC44D2,si,,
0x3B831A7,0x3B831B1,10,ascii,"A .2D!1""""+",,,
0x3B8A362,0x3B8A370,14,ascii,dD4DEECEDdeUDU,si,,
0x3B8A372,0x3B8A380,14,ascii,VED4TTD4S4EDUe,si,,
0x3B8A5B2,0x3B8A5C0,14,ascii,fVVVfDTDEDC4DD,si,,
0x3B8A6F2,0x3B8A700,14,ascii,DUDTUfFfTETVUD,si,,
0x3B8AA72,0x3B8AA80,14,ascii,TVUUUTTUDUDeFU,si,,
0x3B8AA92,0x3B8AAA0,14,ascii,UEEEDDEETECTUd,si,,
0x3B8AAB2,0x3B8AAC0,14,ascii,D4432333333333,si,,
0x3B8AB02,0x3B8AB10,14,ascii,4C3333332B33DD,si,,
0x3B8AB22,0x3B8AB30,14,ascii,VVVfUUeffVUVUU,si,,
0x3B8AB32,0x3B8AB40,14,ascii,VEECTUEDD54DTD,si,,
0x3B8AB92,0x3B8ABA0,14,ascii,%cEEDDTTE4TDET,si,,
0x3B8AD82,0x3B8AD90,14,ascii,3D33C33B3C4D23,si,,
0x3B8ADA2,0x3B8ADB0,14,ascii,eTedDddUSTEDDU,si,,
0x3B8AE62,0x3B8AE70,14,ascii,"3343333333""333",si,,
0x3B8AE72,0x3B8AE80,14,ascii,3332343333B332,si,,
0x3B8AE82,0x3B8AE90,14,ascii,EFUVEUT5FEUVfU,si,,
0x3B8B192,0x3B8B1A0,14,ascii,33D3D333333333,si,,
0x3B8B1A2,0x3B8B1B0,14,ascii,"3CC3C33""""""""333",si,,
0x3B8B212,0x3B8B220,14,ascii,D33D3343333333,si,,
0x3B8B222,0x3B8B230,14,ascii,eEVUTV5BB44D4d,si,,
0x3B8B232,0x3B8B240,14,ascii,EDFES342E33T4D,si,,
0x3B8B242,0x3B8B250,14,ascii,3D32C322323C23,si,,
0x3B8B2B2,0x3B8B2C0,14,ascii,DTDEDCUUeET4UT,si,,
0x3B8B942,0x3B8B950,14,ascii,FUTDEDDTDEeUU6,si,,
0x3B8B952,0x3B8B960,14,ascii,VDDC4TTDDDUEDC,si,,
0x3B8B962,0x3B8B970,14,ascii,4DTDTeTDEeFTDD,si,,
0x3B8B972,0x3B8B980,14,ascii,UdVDDTcEDDEEVD,si,,
0x3B8B982,0x3B8B990,14,ascii,VTTEEDDDDD33CD,si,,
0x3B8B992,0x3B8B9A0,14,ascii,UFVeUUUUTUTUeV,si,,
0x3B8B9B2,0x3B8B9C0,14,ascii,4DC43332233333,si,,
0x3B8B9C2,0x3B8B9D0,14,ascii,TDeUEDEeFUUUUf,si,,
0x3B8C042,0x3B8C050,14,ascii,334333DDCCDDC4,si,,
0x3B8C062,0x3B8C070,14,ascii,443233C3D33333,si,,
0x3B8C162,0x3B8C170,14,ascii,DT4DEECEEdUefU,si,,
0x3B8C802,0x3B8C810,14,ascii,23234433333332,si,,
0x3B8C882,0x3B8C890,14,ascii,"""333333C34D433",si,,
0x3B8C8E2,0x3B8C8F0,14,ascii,33433343333333,si,,
0x3B8C8F2,0x3B8C900,14,ascii,eUEDVVeDD4DDDD,si,,
0x3B8C902,0x3B8C910,14,ascii,E4EDDDTUEDUUTd,si,,
0x3B956B2,0x3B956BD,11,ascii,E1BU2s4Eu33,si,,
0x3BA8C65,0x3BA8C70,11,ascii,"""!!!32EUFTC",si,,
0x3BA8E16,0x3BA8E21,11,ascii,"23213""2CD3,",si,,
0x3BBC890,0x3BBC8A2,18,ascii,She's a nice kid. ,,,
0x3BBC8B4,0x3BBC8E2,46,ascii,"Well, make yourself at home. \nSome day, huh?  ",,si,
0x3BBF002,0x3BBF00C,10,ascii,EUfVteWFeF,si,,
0x3BCB3E2,0x3BCB3EE,12,ascii,"?67""C&U35U3""",si,,
0x3BD58A0,0x3BD58B2,18,ascii,Is Marc... yours? ,,si,
0x3BD58C4,0x3BD58FE,58,ascii,"No, he ain't my biological son.  As\nyou saw, he's white.  ",,si,
0x3BD5910,0x3BD5922,18,ascii,I adopted Marc.   ,,,
0x3BD80E2,0x3BD80F0,14,ascii,D44TeUeEUUVUVD,si,,
0x3BD80F2,0x3BD8100,14,ascii,"2""""3333CC3333C",si,,
0x3BD8122,0x3BD8130,14,ascii,eUEdTeUETETEUU,si,,
0x3BD8CB2,0x3BD8CBE,12,ascii,"BC""RECDe4UeU",si,,
0x3BDCBC2,0x3BDCBCE,12,ascii,DD44C3B333ED,si,,
0x3BDFD32,0x3BDFD41,15,ascii,"42C2AT""5!BPR D,",,si,
0x3BE14B2,0x3BE14BC,10,ascii,"D33E3B3""13",si,,
0x3BE1D02,0x3BE1D0E,12,ascii,"333334443""""""",si,,
0x3BE3E45,0x3BE3E50,11,ascii,"1BCS64DU""1E",si,,
0x3BEBB32,0x3BEBB3D,11,ascii,"3""3A""BBTd55",si,,
0x3BEF6B5,0x3BEF6C1,12,ascii,"TTUo4tRbC&S,",si,,
0x3BF29E3,0x3BF29F0,13,ascii,gRA5256%V2eb1,si,,
0x3BF4D62,0x3BF4D6C,10,ascii,"?/   ?/ ""/",,,
0x3BFB592,0x3BFB5A0,14,ascii,"feUd4CdE3""!SVE",si,,
0x3BFB5A2,0x3BFB5B0,14,ascii,EUDDDDfDEdE3UF,si,,
0x3BFB642,0x3BFB650,14,ascii,UUDEDDUUUUVfVV,si,,
0x3BFB652,0x3BFB660,14,ascii,333444DD44DD33,si,,
0x3BFB662,0x3BFB670,14,ascii,4343DCC33333D4,si,,
0x3BFB692,0x3BFB6A0,14,ascii,ffUfUUTUUVDUTT,si,,
0x3BFB6A2,0x3BFB6B0,14,ascii,"D3C43433""C333B",si,,
0x3BFD0A0,0x3BFD0DE,62,ascii,Marc lost his real parents in an\nincident when he was younger.,,si,
0x3BFD0F0,0x3BFD0FA,10,ascii,Really....,si,,
0x3BFF2C2,0x3BFF2D0,14,ascii,33444DDUUUUUUf,si,,
0x3BFF352,0x3BFF360,14,ascii,"343323323DTT4""",si,,
0x3C01376,0x3C01380,10,ascii,"&F534Cc0,O",si,,
0x3C0B4E2,0x3C0B4ED,11,ascii,"R45T 1VTB""T",,,
0x3C15277,0x3C15281,10,ascii,"&3""Q!c4%Q,",si,,
0x3C1C102,0x3C1C110,14,ascii,FUDUeVFUEDTeUF,si,,
0x3C1E0B0,0x3C1E0D6,38,ascii,It was the same year Catherine\ndied.  ,,si,
0x3C1E0E8,0x3C1E126,62,ascii,This Narc addict went nuts and\nstarted attacking his family.  ,,si,
0x3C2DBC5,0x3C2DBCF,10,ascii,7r2S4A3Dq6,si,,
0x3C3E392,0x3C3E3A0,14,ascii,DeVEffVf553CEE,si,,
0x3C3E3C2,0x3C3E3D0,14,ascii,UTUUUVUeT5TUES,si,,
0x3C3E3D2,0x3C3E3E0,14,ascii,C454CDCB35CDDD,si,,
0x3C3E3F2,0x3C3E400,14,ascii,"4333C34CC2C""33",si,,
0x3C40070,0x3C400AA,58,ascii,When I got there he'd already\nstabbed his wife to death.  ,,si,
0x3C400BC,0x3C400E2,38,ascii,Then he was about to go for his\nson.  ,,si,
0x3C423B2,0x3C423C0,14,ascii,"!""""""""""""233D33D",si,,
0x3C42A75,0x3C42A7F,10,ascii,"TU3R15fD""""",si,,
0x3C43B12,0x3C43B1C,10,ascii,Tb4U2DeRN/,si,,
0x3C55775,0x3C55780,11,ascii,"133TTE""2f""/",si,,
0x3C55852,0x3C55860,14,ascii,DUeUDDDDDDDTE4,si,,
0x3C55862,0x3C55870,14,ascii,DE53DUE3DDTUD4,si,,
0x3C57870,0x3C57896,38,ascii,I shot the father to protect the\nboy. ,,si,
0x3C578A8,0x3C578BE,22,ascii,Right in front of him.,,si,
0x3C613C7,0x3C613D1,10,ascii,"3QB7c4C!R,",si,,
0x3C68F52,0x3C68F5E,12,ascii,CC%O4ESTU23E,si,,
0x3C73890,0x3C738AA,26,ascii,Haven't used a gun since. ,,,
0x3C738BC,0x3C738CA,14,ascii,"Some cop, huh?",,si,
0x3C738DC,0x3C73902,38,ascii,So that's what Dave was talking\nabout.,,si,
0x3C756D2,0x3C756E0,14,ascii,3334334C433333,si,,
0x3C756E2,0x3C756F0,14,ascii,C3C3C333333334,si,,
0x3C756F2,0x3C75700,14,ascii,C33DD4D443D3C3,si,,
0x3C75702,0x3C75710,14,ascii,DDDTDDDDDDDDDE,si,,
0x3C75712,0x3C75720,14,ascii,UDDDTEDTUDTDUT,si,,
0x3C75722,0x3C75730,14,ascii,UTEEUTUUUUUUUT,si,,
0x3C75732,0x3C75740,14,ascii,UEUUUUeVfUeeVf,si,,
0x3C75742,0x3C75750,14,ascii,333443333C44C3,si,,
0x3C75752,0x3C75760,14,ascii,4DCD4DC433C344,si,,
0x3C757C2,0x3C757D0,14,ascii,"344333333""""""23",si,,
0x3C7E522,0x3C7E530,14,ascii,RD54UVd5eVUfUT,si,,
0x3C7E9B2,0x3C7E9C0,14,ascii,"dDESS""4CTC&CUf",si,,
0x3C7E9C2,0x3C7E9D0,14,ascii,EC55T5TTUUUTTD,si,,
0x3C80343,0x3C80350,13,ascii,2DE3TTEcE353U,si,,
0x3C80352,0x3C80360,14,ascii,CdD5EF63C4ECCS,si,,
0x3C80563,0x3C80570,13,ascii,S1 4D2eV7TbR4,,,
0x3C88F32,0x3C88F3C,10,ascii,"134232C33""",si,,
0x3C88F52,0x3C88F60,14,ascii,"U43DD4""""3DUffU",si,,
0x3C89985,0x3C89991,12,ascii,3DTcc46dCDA%,si,,
0x3C939F0,0x3C93A16,38,ascii,The shock left Marc unable to\nspeak.  ,,si,
0x3C93A28,0x3C93A4A,34,ascii,He watched both his parents die.  ,,si,
0x3C93A5C,0x3C93A8E,50,ascii,I can't even imagine what it\nmust've been like.   ,,si,
0x3C93AA0,0x3C93AB6,22,ascii,"You mentioned autism, ",,si,
0x3C93AC8,0x3C93B0E,70,ascii,but I didn't think you could\nbecome autistic from psychological\nshock.,,si,
0x3C93B20,0x3C93B4E,46,ascii,"Yeah, technically speaking it's not\nautism.   ",,si,
0x3C93B60,0x3C93B7E,30,ascii,Just one way to think of it.  ,,si,
0x3C93B90,0x3C93BB2,34,ascii,They say he's a selective mute.   ,,si,
0x3C93BC4,0x3C93C02,62,ascii,Whenever he does try to speak\nthe words just won't come out.  ,,si,
0x3C93C14,0x3C93C36,34,ascii,He can't express himself verbally.,,si,
0x3C93C48,0x3C93C6A,34,ascii,"That's why you have him draw,\nhuh?",,si,
0x3C93C7C,0x3C93CBA,62,ascii,Marc spends his time either\ndrawing or watching old movies.   ,,si,
0x3C93CCC,0x3C93CEA,30,ascii,How are things between you?   ,,si,
0x3C93CFC,0x3C93D2E,50,ascii,Not good.  I'm sure he doesn't see\nme as a dad.   ,,si,
0x3C93D58,0x3C93D72,26,ascii,He hates me.  I can tell. ,,si,
0x3C93D84,0x3C93DA2,30,ascii,He'll open up sooner or later.,,si,
0x3C93DB4,0x3C93DDE,42,ascii,"That's what I like to think, but\nMarc.... ",,si,
0x3C93DF0,0x3C93E2E,62,ascii,You can't rush something like\nthat.  He just needs more time. ,,si,
0x3C93E40,0x3C93E56,22,ascii,Do you... you know....,,si,
0x3C93E68,0x3C93E76,14,ascii,I love him.   ,,,
0x3C93E88,0x3C93EA2,26,ascii,Then all you do is wait.  ,,si,
0x3C9FD72,0x3C9FD81,15,ascii,dE1TA6M!T4TVQc+,si,,
0x3CACF34,0x3CACF40,12,ascii,?O-F3!5C11 2,,,
0x3CADE65,0x3CADE6F,10,ascii,"/! 0oBO""Q""",,,
0x3CB9FE3,0x3CB9FF0,13,ascii,A2DDDDDDTDTDD,si,,
0x3CB9FF2,0x3CBA000,14,ascii,DDdUUETFT54T4E,si,,
0x3CBA392,0x3CBA3A0,14,ascii,3CC4DD4D444443,si,,
0x3CBA3A2,0x3CBA3B0,14,ascii,33C333433333DC,si,,
0x3CBA3C2,0x3CBA3D0,14,ascii,fefUEDDETTUEVD,si,,
0x3CBA3D2,0x3CBA3E0,14,ascii,DD2DT4DCTDEDDD,si,,
0x3CBA3E2,0x3CBA3F0,14,ascii,5D23CD4DCC4DTU,si,,
0x3CBA3F2,0x3CBA400,14,ascii,DTCDCDDDDTETEV,si,,
0x3CBA4C2,0x3CBA4D0,14,ascii,TD3S3TDDEDbDTD,si,,
0x3CBA4D2,0x3CBA4E0,14,ascii,EDDEUVT44UUDTT,si,,
0x3CBA4E2,0x3CBA4F0,14,ascii,EdEETDTDVVUUff,si,,
0x3CBA792,0x3CBA7A0,14,ascii,efffVeeDTUDTTT,si,,
0x3CBA7A2,0x3CBA7B0,14,ascii,fFDESD5DCUFEFf,si,,
0x3CBA7D2,0x3CBA7E0,14,ascii,DDCC343CDD3D33,si,,
0x3CBA882,0x3CBA890,14,ascii,ffFfVEVTUUUUDE,si,,
0x3CBA8A2,0x3CBA8B0,14,ascii,DCDDCEDDdD4CDD,si,,
0x3CBA8B2,0x3CBA8C0,14,ascii,DTD44433BR4T4D,si,,
0x3CBA8C2,0x3CBA8D0,14,ascii,DDDDDRTEDTETDD,si,,
0x3CBA8D2,0x3CBA8E0,14,ascii,DTEEDDDEDEETTU,si,,
0x3CBA8E2,0x3CBA8F0,14,ascii,33333333DC43DC,si,,
0x3CBAE92,0x3CBAEA0,14,ascii,434443C2344333,si,,
0x3CBAEB2,0x3CBAEC0,14,ascii,TVVEUTVDUTDCDC,si,,
0x3CBAFA2,0x3CBAFB0,14,ascii,333D3D34334334,si,,
0x3CBAFB2,0x3CBAFC0,14,ascii,DD333C3332CC3D,si,,
0x3CBB5A2,0x3CBB5B0,14,ascii,"334344334333""""",si,,
0x3CBB5B2,0x3CBB5C0,14,ascii,DDS4TUTfEETdfe,si,,
0x3CBB602,0x3CBB610,14,ascii,3C443333343323,si,,
0x3CBB612,0x3CBB620,14,ascii,3234334333CC3C,si,,
0x3CBB652,0x3CBB660,14,ascii,D44D3333433333,si,,
0x3CBB692,0x3CBB6A0,14,ascii,UEDDUDDEfEDTD4,si,,
0x3CBB6A2,0x3CBB6B0,14,ascii,44VTCC5feeDDTd,si,,
0x3CBB732,0x3CBB740,14,ascii,feUEVeFUD32324,si,,
0x3CBB792,0x3CBB7A0,14,ascii,TCDED3TcDBDDTD,si,,
0x3CBBD52,0x3CBBD60,14,ascii,4443333333C333,si,,
0x3CBBE72,0x3CBBE80,14,ascii,C3D33334433333,si,,
0x3CBBE92,0x3CBBEA0,14,ascii,VefTTEdEUeTdUf,si,,
0x3CBBEA2,0x3CBBEB0,14,ascii,23323433433CC4,si,,
0x3CBBF32,0x3CBBF40,14,ascii,3CC333C3333233,si,,
0x3CBBF42,0x3CBBF50,14,ascii,VUUEfEUeUVEVVU,si,,
0x3CBBF52,0x3CBBF60,14,ascii,UVdfUEDTfVedUD,si,,
0x3CBBF62,0x3CBBF70,14,ascii,FFeeUeUeDTTUUV,si,,
0x3CBC732,0x3CBC73D,11,ascii,UUUFTD32SED,si,,
0x3CC9154,0x3CC915E,10,ascii,"7TTdBtRG""F",si,,
0x3CD0A94,0x3CD0AA0,12,ascii,"""DE4TVU43C&""",si,,
0x3CDECE7,0x3CDECF1,10,ascii,"!Cb!1B&4B,",si,,
0x3CFEEB3,0x3CFEEBE,11,ascii,5C34AC3C2T%,si,,
0x3D073F2,0x3D07400,14,ascii,CTU2CDEEEUUDED,si,,
0x3D07402,0x3D07410,14,ascii,EUUUdVeVUUVVUe,si,,
0x3D07412,0x3D07420,14,ascii,33333334333433,si,,
0x3D07422,0x3D07430,14,ascii,343C4333333D43,si,,
0x3D07432,0x3D07440,14,ascii,333C44443DD3D4,si,,
0x3D07462,0x3D07470,14,ascii,343C334DDC43D3,si,,
0x3D07472,0x3D07480,14,ascii,D3DDC33D3DDCDD,si,,
0x3D07572,0x3D07580,14,ascii,44D34D44344333,si,,
0x3D07582,0x3D07590,14,ascii,333C3333334333,si,,
0x3D07592,0x3D075A0,14,ascii,33433333333333,si,,
0x3D075A2,0x3D075B0,14,ascii,ffVVUeVVUfffeU,si,,
0x3D075B2,0x3D075C0,14,ascii,VeVUVeUeUVTUUU,si,,
0x3D075C2,0x3D075D0,14,ascii,VUUUUUUTUTEUTU,si,,
0x3D075D2,0x3D075E0,14,ascii,UTEDDDUTTTUETU,si,,
0x3D075E2,0x3D075F0,14,ascii,DUDDDDDDDDDDCD,si,,
0x3D075F2,0x3D07600,14,ascii,DDCC4D4C433C4C,si,,
0x3D2E892,0x3D2E89C,10,ascii,"TdEE4BD2C""",si,,
0x3D3A262,0x3D3A270,14,ascii,DD3DCCCDTTDTeU,si,,
0x3D3A482,0x3D3A490,14,ascii,23C2D3CS43DDB2,si,,
0x3D3A5A4,0x3D3A5B0,12,ascii,"22""CDD4D4C33",si,,
0x3D3A912,0x3D3A920,14,ascii,"2""""3""322C3233""",si,,
0x3D3A932,0x3D3A940,14,ascii,D5FUdEUUEE34CC,si,,
0x3D3A962,0x3D3A970,14,ascii,DDCDd4EDDED4DT,si,,
0x3D3A972,0x3D3A980,14,ascii,STVUUTUDEETDED,si,,
0x3D3A982,0x3D3A990,14,ascii,334333333C334D,si,,
0x3D3AA32,0x3D3AA40,14,ascii,33444C33C34CC3,si,,
0x3D3AA52,0x3D3AA60,14,ascii,fUeUVffeUUTeUV,si,,
0x3D3AB02,0x3D3AB10,14,ascii,fdUEDDeBEDDBED,si,,
0x3D3AB72,0x3D3AB80,14,ascii,%4C4DBBTDUeESD,si,,
0x3D3AC12,0x3D3AC20,14,ascii,fEETTTUETED46D,si,,
0x3D3AC22,0x3D3AC30,14,ascii,DDDUUD34DDUEE4,si,,
0x3D3AF12,0x3D3AF20,14,ascii,FTDUEEEDD33TDD,si,,
0x3D3AF22,0x3D3AF30,14,ascii,CDDeDUUfeDUF4D,si,,
0x3D3AF42,0x3D3AF50,14,ascii,"""""3333333C3433",si,,
0x3D3AF52,0x3D3AF60,14,ascii,efVefefVVUT5UU,si,,
0x3D3AF62,0x3D3AF70,14,ascii,333333CC343433,si,,
0x3D3AFF2,0x3D3B000,14,ascii,DCC333332C3C43,si,,
0x3D3B002,0x3D3B010,14,ascii,efUVVTTUTT4DDE,si,,
0x3D3B012,0x3D3B020,14,ascii,EDDEEdEUDVeDE3,si,,
0x3D3B0C2,0x3D3B0D0,14,ascii,dfeEDUTUTefUVT,si,,
0x3D3B0D2,0x3D3B0E0,14,ascii,DEDEFUUUfVUTD4,si,,
0x3D3B0E2,0x3D3B0F0,14,ascii,TTDCDEEDU4EVDd,si,,
0x3D3B102,0x3D3B110,14,ascii,FddefeeeEDEDTT,si,,
0x3D3B122,0x3D3B130,14,ascii,EUEDdffUUdDEFD,si,,
0x3D3B342,0x3D3B350,14,ascii,VUEUVUeUefVeEF,si,,
0x3D3B422,0x3D3B430,14,ascii,C34333C4CC4CC3,si,,
0x3D3B722,0x3D3B730,14,ascii,C43433333333B2,si,,
0x3D3B9E2,0x3D3B9F0,14,ascii,34333333C3334C,si,,
0x3D3BA02,0x3D3BA10,14,ascii,FfUF4DCD5E4433,si,,
0x3D3BA22,0x3D3BA30,14,ascii,4C4DCEDDETTfEe,si,,
0x3D3BA32,0x3D3BA40,14,ascii,eUDTTV5dUUfUUe,si,,
0x3D3BA52,0x3D3BA60,14,ascii,fUVdfVUfUUETTe,si,,
0x3D3BA62,0x3D3BA70,14,ascii,VTUVUSETDefVUd,si,,
0x3D3BAB2,0x3D3BAC0,14,ascii,34333333333333,si,,
0x3D3BAC2,0x3D3BAD0,14,ascii,UEE4FE5C4C3DC4,si,,
0x3D3BED2,0x3D3BEE0,14,ascii,eETUUCDEEdUeVU,si,,
0x3D3BEE2,0x3D3BEF0,14,ascii,dDV356DBBTDU3D,si,,
0x3D3BF02,0x3D3BF10,14,ascii,TDDDS3D4444RE4,si,,
0x3D3BF12,0x3D3BF20,14,ascii,DC455E34VDTE4D,si,,
0x3D3BF32,0x3D3BF40,14,ascii,E5DCD44CDB4UUU,si,,
0x3D3BF72,0x3D3BF80,14,ascii,C333C333C4C33D,si,,
0x3D3BF82,0x3D3BF90,14,ascii,C33C4CCDC4C3D3,si,,
0x3D3C5B2,0x3D3C5C0,14,ascii,DDE4DUETU4CEUT,si,,
0x3D3C5D2,0x3D3C5E0,14,ascii,UdfUT4CC33CDTd,si,,
0x3D3C5F2,0x3D3C600,14,ascii,eUEdEUUTDCDDEU,si,,
0x3D3C612,0x3D3C620,14,ascii,FUdCCCC3TSTUVe,si,,
0x3D3C622,0x3D3C630,14,ascii,EEeUCUVD5454UU,si,,
0x3D3C632,0x3D3C640,14,ascii,EDEVUDUDEVUTTU,si,,
0x3D3C692,0x3D3C6A0,14,ascii,T3TSETDD3C3SC4,si,,
0x3D3C6A2,0x3D3C6B0,14,ascii,34D3C%UDTDU5D5,si,,
0x3D3C6C2,0x3D3C6D0,14,ascii,ddEDd5E5E4TDDC,si,,
0x3D3C6D2,0x3D3C6E0,14,ascii,CD33DDDDDEETD4,si,,
0x3D3C6E2,0x3D3C6F0,14,ascii,3UdETDETTTDVdU,si,,
0x3D3CCC2,0x3D3CCD0,14,ascii,TeTFeDUFUDUVTU,si,,
0x3D3CD92,0x3D3CDA0,14,ascii,EDDTUC34U5Fc4D,si,,
0x3D3CDA2,0x3D3CDB0,14,ascii,UefTUUEeEDDDD4,si,,
0x3D3CDB2,0x3D3CDBC,10,ascii,CT4DCD3343,si,,
0x3D3CDF2,0x3D3CE00,14,ascii,TTTEFTTCD4DDUE,si,,
0x3D3CE02,0x3D3CE10,14,ascii,33334DC3DC3344,si,,
0x3D3CE42,0x3D3CE50,14,ascii,33333C4DC34433,si,,
0x3D3CE52,0x3D3CE60,14,ascii,33C333344DDCCD,si,,
0x3D3CE72,0x3D3CE80,14,ascii,3C3333333C34C3,si,,
0x3D3CFB2,0x3D3CFC0,14,ascii,33344CDDCDC443,si,,
0x3D430F2,0x3D430FC,10,ascii,24CDUVDE62,si,,
0x3D4FAD7,0x3D4FAE1,10,ascii,"BcDBU ""3RK",,,
0x3D51C72,0x3D51C7F,13,ascii,F4BT5cUTVVVDT,si,,
0x3D5FC72,0x3D5FC81,15,ascii,"cdRTE7Tn3516be,",,si,
0x3D68002,0x3D68010,14,ascii,"CD33""3333DC333",si,,
0x3D68262,0x3D68270,14,ascii,dUDD4D4DCDDTTE,si,,
0x3D682F2,0x3D68300,14,ascii,DTFVDD43DBFDDT,si,,
0x3D68352,0x3D68360,14,ascii,433333233CC4D4,si,,
0x3D68972,0x3D68980,14,ascii,24D4VTTeDETDCD,si,,
0x3D68A12,0x3D68A20,14,ascii,DUDUeEDDCDDEDD,si,,
0x3D68A52,0x3D68A60,14,ascii,TTeTeTeUdT44D4,si,,
0x3D68A92,0x3D68AA0,14,ascii,333D43D4D433DC,si,,
0x3D68C12,0x3D68C20,14,ascii,TeTUDUCEUUdETT,si,,
0x3D68C32,0x3D68C40,14,ascii,"B3TDD33433""DDC",si,,
0x3D68C42,0x3D68C50,14,ascii,3D4DCCDTe%UETD,si,,
0x3D68D12,0x3D68D20,14,ascii,333C33C3333C3C,si,,
0x3D68D22,0x3D68D30,14,ascii,33C333333333C3,si,,
0x3D68D32,0x3D68D40,14,ascii,"C33""""""2333""""""2",si,,
0x3D69132,0x3D69140,14,ascii,"2""23C3333333""""",si,,
0x3D69202,0x3D69210,14,ascii,"CDCD4D433""3333",si,,
0x3D698A2,0x3D698B0,14,ascii,UEUVdTDUSFD3C%,si,,
0x3D69962,0x3D69970,14,ascii,4D4RE3C332D54T,si,,
0x3D69972,0x3D69980,14,ascii,TTeUVVfUfUfUeU,si,,
0x3D69F62,0x3D69F70,14,ascii,3333333333343C,si,,
0x3D69F82,0x3D69F90,14,ascii,CD33CC33343333,si,,
0x3D69FD2,0x3D69FE0,14,ascii,"""""2234D334DCDD",si,,
0x3D6A022,0x3D6A030,14,ascii,DEUUDDTUUETTDC,si,,
0x3D6A062,0x3D6A070,14,ascii,DEEDVfVUffUFVD,si,,
0x3D6A072,0x3D6A080,14,ascii,32323232333C33,si,,
0x3D6A082,0x3D6A090,14,ascii,fVFVDDDUUTEEEE,si,,
0x3D6A092,0x3D6A0A0,14,ascii,EVEdEUDDCDCTDC,si,,
0x3D6A0C2,0x3D6A0D0,14,ascii,3CCCC3UDDSTCTD,si,,
0x3D6A0D2,0x3D6A0E0,14,ascii,TDDdeDCDEVUVEU,si,,
0x3D6A682,0x3D6A690,14,ascii,eDEeVVVDEeVeUE,si,,
0x3D6A692,0x3D6A6A0,14,ascii,TeVfUTDDEEVeUD,si,,
0x3D6A6A2,0x3D6A6B0,14,ascii,E4CDEDD4ETDD3T,si,,
0x3D6A702,0x3D6A710,14,ascii,DCCUEEVS4TUeTT,si,,
0x3D6A712,0x3D6A720,14,ascii,VfeVVDDTDETEdV,si,,
0x3D6A7D2,0x3D6A7E0,14,ascii,DDDBTD3DFD4UVE,si,,
0x3D6A7E2,0x3D6A7F0,14,ascii,E3CDDeEDdUVfff,si,,
0x3D6AE82,0x3D6AE90,14,ascii,UFDEUTDD4TEUTV,si,,
0x3D6AE92,0x3D6AEA0,14,ascii,EdEUVdUUEFeUfE,si,,
0x3D6AEB2,0x3D6AEC0,14,ascii,cTdUUVUDeUVeVU,si,,
0x3D6AED2,0x3D6AEE0,14,ascii,fUfDFfdUTDDDfU,si,,
0x3D6AF02,0x3D6AF10,14,ascii,UESEdDTDVffTeU,si,,
0x3D6AF12,0x3D6AF20,14,ascii,32333333334C34,si,,
0x3D6AF62,0x3D6AF70,14,ascii,3DD33333333333,si,,
0x3D6AF72,0x3D6AF80,14,ascii,333333333C34C3,si,,
0x3D6AF82,0x3D6AF90,14,ascii,C333C33333CDCD,si,,
0x3D6BC02,0x3D6BC0C,10,ascii,"2444R""! 1.",,,
0x3D71505,0x3D7150F,10,ascii,M1T4A1262f,si,,
0x3D7D266,0x3D7D270,10,ascii," ""3CCD323""",,,
0x3D84442,0x3D84450,14,ascii,eEETTTeeVVEUEF,si,,
0x3D847B2,0x3D847C0,14,ascii,UEEd4DTDF3DDCE,si,,
0x3D847C2,0x3D847D0,14,ascii,CDDD4CCC3DC3CD,si,,
0x3D847E2,0x3D847F0,14,ascii,C32CCED4CdEDDC,si,,
0x3D847F2,0x3D84800,14,ascii,C54DC34DDEDTDU,si,,
0x3D84FB2,0x3D84FC0,14,ascii,ffEUUVDDDUTU5U,si,,
0x3D84FD2,0x3D84FE0,14,ascii,3333CCC3333333,si,,
0x3D84FE2,0x3D84FF0,14,ascii,333344C33434D4,si,,
0x3D856C2,0x3D856D0,14,ascii,43D34D333333C3,si,,
0x3D856D2,0x3D856E0,14,ascii,3443C4C34C34C4,si,,
0x3D857A2,0x3D857B0,14,ascii,"4333D333323""33",si,,
0x3D857D2,0x3D857E0,14,ascii,eeEUEETDEDDDUD,si,,
0x3D857E2,0x3D857F0,14,ascii,DUDTeTEDE3EeDU,si,,
0x3D85822,0x3D85830,14,ascii,34C3C3332C44CD,si,,
0x3D85E82,0x3D85E90,14,ascii,C3332323333333,si,,
0x3D85F92,0x3D85FA0,14,ascii,TUEEUEefeeFTFV,si,,
0x3D865B2,0x3D865C0,14,ascii,333333333333D3,si,,
0x3D86652,0x3D86660,14,ascii,EDTD5EDCET4DUT,si,,
0x3D86662,0x3D86670,14,ascii,TefdVUfVEEFDUE,si,,
0x3D86672,0x3D86680,14,ascii,EUfddUDEEFTUee,si,,
0x3D86692,0x3D866A0,14,ascii,C4SSDTDF53CC32,si,,
0x3D866B2,0x3D866C0,14,ascii,DDTDVFDDD4TTDU,si,,
0x3D866C2,0x3D866D0,14,ascii,UUTTVfUeTeEfUe,si,,
0x3D866D2,0x3D866E0,14,ascii,ETfeVEEDEETDT5,si,,
0x3D86712,0x3D86720,14,ascii,33333333433CCD,si,,
0x3D86E42,0x3D86E50,14,ascii,UUeeUTDTfUfddT,si,,
0x3D8D254,0x3D8D25E,10,ascii,V2&ABdSRBS,si,,
0x3D8DD92,0x3D8DDA1,15,ascii,"""""Q/ 22""41/""""0,",,,
0x3D97890,0x3D978B6,38,ascii,I gave that to Anna for her\nbirthday. ,,si,
0x3D978C8,0x3D978F6,46,ascii,It's an Elles.  Nothing but the best\nfor her. ,,si,
0x3D97908,0x3D9791E,22,ascii,Lorraine had one too. ,,si,
0x3DA1D96,0x3DA1DA1,11,ascii,2&!EfBF25vE,si,,
0x3DB48C0,0x3DB48F6,54,ascii,"Marc drew that.  He's pretty good,\ndon't you think?   ",,si,
0x3DB4908,0x3DB4942,58,ascii,That's a picture Marc drew.  It\nwon a prize in a contest. ,,si,
0x3DB4954,0x3DB496E,26,ascii,What did he draw it with? ,,si,
0x3DB4980,0x3DB49A6,38,ascii,A Picno 8.  It's a tablet PC for kids.,,si,
0x3DB49B8,0x3DB49DA,34,ascii,This is a printout of the file.   ,,si,
0x3DB49EC,0x3DB4A0E,34,ascii,"Kinda looks like Home, doesn't it?",,si,
0x3DB6672,0x3DB6680,14,ascii,UUUEUfVED33C4D,si,,
0x3DBCA64,0x3DBCA6E,10,ascii,"/0O""B.""/!!",si,,
0x3DBCAB2,0x3DBCAC0,14,ascii,D3333C23333323,si,,
0x3DBD275,0x3DBD27F,10,ascii,!2E!5VBQ R,,,
0x3DC0735,0x3DC0741,12,ascii,"!BESvF6U"")Q!",si,,
0x3DC4976,0x3DC4980,10,ascii,!C3D2DDSDC,si,,
0x3DC4A02,0x3DC4A10,14,ascii,3C4CDD33C34333,si,,
0x3DC4A22,0x3DC4A30,14,ascii,UVD4DUffFE433D,si,,
0x3DC6562,0x3DC6570,14,ascii,3CDTUUeTDEUTUT,si,,
0x3DC6572,0x3DC6580,14,ascii,"D3CCD43""32343C",si,,
0x3DC9423,0x3DC942D,10,ascii,"!ctfFDRDD""",si,,
0x3DCCA12,0x3DCCA1D,11,ascii,"dV4EDE""3ET4",si,,
0x3DCED92,0x3DCED9F,13,ascii,vfVvfWfeVeeF%,si,,
0x3DD99F2,0x3DD9A00,14,ascii,DTE4BDdTTETDDC,si,,
0x3DD9C92,0x3DD9CA0,14,ascii,444444DDTTUFUf,si,,
0x3DD9CC2,0x3DD9CD0,14,ascii,dUUDTdVefTUEVf,si,,
0x3DD9CD2,0x3DD9CE0,14,ascii,344C333C344333,si,,
0x3DD9CE2,0x3DD9CF0,14,ascii,33C43233C3DDD4,si,,
0x3DD9CF2,0x3DD9D00,14,ascii,C4433333434333,si,,
0x3DD9D02,0x3DD9D10,14,ascii,UUUDDefUVUTTeU,si,,
0x3DD9D22,0x3DD9D30,14,ascii,SeTc6TCTUeVeef,si,,
0x3DD9D42,0x3DD9D50,14,ascii,UEU5DDDEDFFTEe,si,,
0x3DD9D82,0x3DD9D90,14,ascii,TDUUD5UUdDDdDD,si,,
0x3DD9D92,0x3DD9DA0,14,ascii,TDTD3DTDDTTFVe,si,,
0x3DD9DA2,0x3DD9DB0,14,ascii,"3""32C33C333333",si,,
0x3DD9DB2,0x3DD9DC0,14,ascii,UeeEDDVUVCUSDU,si,,
0x3DD9E72,0x3DD9E80,14,ascii,C44EDCDDTEEDDB,si,,
0x3DD9E82,0x3DD9E90,14,ascii,CE4EDCDD43DTUU,si,,
0x3DD9E92,0x3DD9EA0,14,ascii,UTTdeUffUV3EUV,si,,
0x3DD9ED2,0x3DD9EE0,14,ascii,eDeEDdEDCD4UVe,si,,
0x3DD9FE2,0x3DD9FF0,14,ascii,2DTEeE54434334,si,,
0x3DDA022,0x3DDA030,14,ascii,5CDBS3243CDC6D,si,,
0x3DDACD2,0x3DDACE0,14,ascii,4343CC4C333333,si,,
0x3DDAD22,0x3DDAD30,14,ascii,EUeUEEDUffUFVU,si,,
0x3DDAD42,0x3DDAD50,14,ascii,3333C333333C33,si,,
0x3DDAD52,0x3DDAD60,14,ascii,323333DDCC4443,si,,
0x3DDAE02,0x3DDAE10,14,ascii,eFEEVEVeEDeTT4,si,,
0x3DDAE12,0x3DDAE20,14,ascii,4TDDTESTV2cVUE,si,,
0x3DDAE22,0x3DDAE30,14,ascii,DSTTDDFETE4D44,si,,
0x3DDAE42,0x3DDAE50,14,ascii,DDU4DTeFETSU5D,si,,
0x3DDAE52,0x3DDAE60,14,ascii,"""""33222333C433",si,,
0x3DDAE72,0x3DDAE80,14,ascii,C3D34CCD343333,si,,
0x3DDAEC2,0x3DDAED0,14,ascii,BTDUEfUUEFFCSd,si,,
0x3DDAED2,0x3DDAEE0,14,ascii,TETTUffT4EEC4E,si,,
0x3DDAEE2,0x3DDAEF0,14,ascii,cDSUTUEEDTUEdV,si,,
0x3DDB1D2,0x3DDB1E0,14,ascii,UDTDTDUEC3C223,si,,
0x3DDB1F2,0x3DDB200,14,ascii,D43C4DDE44CEDD,si,,
0x3DDB4C2,0x3DDB4D0,14,ascii,ffU5E5EDTTUEET,si,,
0x3DDB4D2,0x3DDB4E0,14,ascii,SUUTDT5ED3DDC3,si,,
0x3DDB502,0x3DDB510,14,ascii,DD43CDD5TTFfeE,si,,
0x3DDB5B2,0x3DDB5C0,14,ascii,DUEeECDDD4E535,si,,
0x3DE6CB2,0x3DE6CBC,10,ascii,"2R33A3C%""""",si,,
0x3DE7EC5,0x3DE7ED1,12,ascii,"""RCD/ P20D2,",,,
0x3DE8852,0x3DE8860,14,ascii,fTTUDUF21TDEEF,si,,
0x3DE9366,0x3DE9370,10,ascii,"""232C43""!""",si,,
0x3DED582,0x3DED58C,10,ascii,C1O3%S354t,si,,
0x3DFE4A2,0x3DFE4B0,14,ascii,"""""!!""""3""243C33",si,,
0x3DFE4D6,0x3DFE4E0,10,ascii,2333C43333,si,,
0x3DFF990,0x3DFF9D2,66,ascii,"Planes, skyscrapers, mountains.... \nThings you only see on Home.  ",,si,
0x3DFF9E4,0x3DFFA0A,38,ascii,"Yeah.  How Marc imagines them,\nanyway.",,si,
0x3DFFA1C,0x3DFFA46,42,ascii,Marc's never been to Home his\nentire life.,,si,
0x3DFFA58,0x3DFFA92,58,ascii,I think it's an influence from all the\nmovies he watches. ,,si,
0x3DFFAA4,0x3DFFAB6,18,ascii,A kid like Marc   ,,,
0x3DFFAC8,0x3DFFAE6,30,ascii,might be better off on Home.  ,,si,
0x3DFFAF8,0x3DFFB0A,18,ascii,I think so too.   ,,si,
0x3DFFB1C,0x3DFFB42,38,ascii,He belongs in a more open\nenvironment.,,si,
0x3DFFB54,0x3DFFB6A,22,ascii,You could be right.   ,,si,
0x3DFFB7C,0x3DFFBA6,42,ascii,He must've had a reason for\ndrawing this. ,,si,
0x3DFFBB8,0x3DFFBCE,22,ascii,"If the boy is Marc,   ",,si,
0x3DFFBE0,0x3DFFC06,38,ascii,"it's like he wants to be on Home,\nhuh?",,si,
0x3DFFC18,0x3DFFC22,10,ascii,Yeah....  ,si,,
0x3E015C2,0x3E015D0,14,ascii,4DDDDU4DEDTfET,si,,
0x3E01622,0x3E01630,14,ascii,"VUED5C4""2433T4",si,,
0x3E0C812,0x3E0C81D,11,ascii,"DTBU5C3C""!""",si,,
0x3E11937,0x3E11941,10,ascii,"""3S3VO44C,",si,,
0x3E136B2,0x3E136BC,10,ascii,"C43TC5""4CR",si,,
0x3E20BD2,0x3E20BE1,15,ascii,"A31443D24!TQ31,",si,,
0x3E28782,0x3E28790,14,ascii,"54TC4D4DD""!333",si,,
0x3E28852,0x3E28860,14,ascii,44DEDC443CD5DT,si,,
0x3E28902,0x3E28910,14,ascii,33334333333333,si,,
0x3E28912,0x3E28920,14,ascii,UEDDDTUUUUDDDD,si,,
0x3E2A7C2,0x3E2A7D0,14,ascii,3333DDD34DTTTE,si,,
0x3E2A7D2,0x3E2A7E1,15,ascii,"DETD5C4DTDTUVU,",si,,
0x3E2A824,0x3E2A830,12,ascii,!3CCUUDTDeff,si,,
0x3E2A832,0x3E2A83C,10,ascii,"CD3333233""",si,,
0x3E37142,0x3E37150,14,ascii,fVEDCTeE333CTE,si,,
0x3E38F92,0x3E38FA1,15,ascii,"""""""23333333CDCL",si,,
0x3E3EAF2,0x3E3EAFF,13,ascii,DTeTUfeVUSDD3,si,,
0x3E3F292,0x3E3F29E,12,ascii,4DTC5TSC44CC,si,,
0x3E44642,0x3E44650,14,ascii,VefVED5TDC34BD,si,,
0x3E46784,0x3E46790,12,ascii,1C4C444DD333,si,,
0x3E46792,0x3E467A0,14,ascii,3CTD34C4DTDTUE,si,,
0x3E467A2,0x3E467B0,14,ascii,DEDDDUEUTUDDED,si,,
0x3E467B2,0x3E467C0,14,ascii,DDDDTD4CDVEUVU,si,,
0x3E467C2,0x3E467D0,14,ascii,UEDTDTTDETTUUU,si,,
0x3E467D2,0x3E467E0,14,ascii,UeUUE4DTDDDEDE,si,,
0x3E467E2,0x3E467F0,14,ascii,"443233CDDCDD3""",si,,
0x3E467F2,0x3E46800,14,ascii,"333""""""23C323D4",si,,
0x3E46892,0x3E468A0,14,ascii,F333TfDD2344CU,si,,
0x3E550F2,0x3E55100,14,ascii,"""3""""""""223D3""""""",si,,
0x3E55112,0x3E55120,14,ascii,SdEUED3TDUdUDU,si,,
0x3E55142,0x3E55150,14,ascii,fVUUUUU4DTTUdU,si,,
0x3E56C82,0x3E56C90,14,ascii,3DDTDTDD43CTUU,si,,
0x3E59E82,0x3E59E90,14,ascii,"3C3""""""""""223""""2",si,,
0x3E59E92,0x3E59EA0,14,ascii,"3""3""3""323DDD3C",si,,
0x3E59F06,0x3E59F10,10,ascii,"!3""""""""""233",si,,
0x3E5BCE2,0x3E5BCF0,14,ascii,4C333DTEED433C,si,,
0x3E5BD02,0x3E5BD10,14,ascii,DTDDETDDUDDDC4,si,,
0x3E5BD12,0x3E5BD20,14,ascii,T4D44D3333CEUU,si,,
0x3E5BD22,0x3E5BD30,14,ascii,TD43C323332C33,si,,
0x3E648F2,0x3E64900,14,ascii,333444D434C4C4,si,,
0x3E745B6,0x3E745C1,11,ascii,VSCe44%C26',si,,
0x3E7E080,0x3E7E096,22,ascii,Would that be CG too? ,,si,
0x3E7E0A8,0x3E7E0DA,50,ascii,I guess.  Karen probably isn't back\nat work yet.  ,,si,
0x3E80312,0x3E80320,14,ascii,"!""""""""23333333C",si,,
0x3E883F4,0x3E883FF,11,ascii,!12TETUEU3C,si,,
0x3E88652,0x3E88660,14,ascii,43333CCC333333,si,,
0x3E88834,0x3E88840,12,ascii,"""23EDTUVD33d",si,,
0x3E8BF42,0x3E8BF50,14,ascii,CD4DU3TDE43D3C,si,,
0x3E90F02,0x3E90F10,14,ascii,DC44434D4CC3DD,si,,
0x3E90F12,0x3E90F20,14,ascii,33433343343CC3,si,,
0x3E90F22,0x3E90F30,14,ascii,33334333333333,si,,
0x3E90F32,0x3E90F40,14,ascii,ffeVUfUeUUVTUT,si,,
0x3E90F42,0x3E90F50,14,ascii,TUEEETUUTTUTDT,si,,
0x3E90F52,0x3E90F60,14,ascii,ETTDDEEETDDDTD,si,,
0x3E90F62,0x3E90F70,14,ascii,DD4D44D4333333,si,,
0x3E90F72,0x3E90F80,14,ascii,34CD4333333333,si,,
0x3E90F82,0x3E90F90,14,ascii,"3323333""""3""232",si,,
0x3E93070,0x3E9308E,30,ascii,Dad! Jonathan! Dinner's ready!,,,
0x3E95422,0x3E95430,14,ascii,C3DCCCS4D4DT3T,si,,
0x3E95432,0x3E95440,14,ascii,C4BD44ESDSD444,si,,
0x3E95442,0x3E95450,14,ascii,D444CC3CDDD5ED,si,,
0x3E9A602,0x3E9A60E,12,ascii,"3""3333CD333""",si,,
0x3E9A976,0x3E9A980,10,ascii,"""2TeV63D3T",si,,
0x3E9AC82,0x3E9AC90,14,ascii,"C3""4TDEeUDDDdU",si,,
0x3E9AF62,0x3E9AF6E,12,ascii,"""2DU4D44CUBS",si,,
0x3E9E3F2,0x3E9E400,14,ascii,"DeUTC2!BDSD3""!",si,,
0x3E9E612,0x3E9E61E,12,ascii,"C""BD3332""""!""",si,,
0x3EA2F12,0x3EA2F1F,13,ascii,VDSfeDeUeT44D,si,,
0x3EA5090,0x3EA50C2,50,ascii,What are you two doing? It's\ngoing to get cold!   ,,si,
0x3EA50D4,0x3EA50F6,34,ascii,"Alright, you don't have to yell!  ",,si,
0x3EA5108,0x3EA5112,10,ascii,Let's eat.,,,
0x3EA5124,0x3EA5132,14,ascii,I'm starving. ,,,
0x3EA7252,0x3EA7260,14,ascii,TFUd334DUD44D4,si,,
0x3EA7262,0x3EA7270,14,ascii,DD4SUVS43DTVUf,si,,
0x3EB71A5,0x3EB71AF,10,ascii,/!B11 1 .N,,,
0x3EC1562,0x3EC1570,14,ascii,33344CC4DCDD4D,si,,
0x3EC17A2,0x3EC17B0,14,ascii,EUUVUUTDDC33CC,si,,
0x3EC1842,0x3EC1850,14,ascii,DC4CD4DDDEDB33,si,,
0x3EC1894,0x3EC18A0,12,ascii,"""22424C44C34",si,,
0x3EC18A2,0x3EC18B0,14,ascii,VDdD4D3D4DDCCD,si,,
0x3EC18B2,0x3EC18C0,14,ascii,UfE5dEEfUTEED3,si,,
0x3EC18C5,0x3EC18D0,11,ascii,"""!""2""343333",si,,
0x3EC1C72,0x3EC1C80,14,ascii,3433C4DDD33333,si,,
0x3EC2432,0x3EC2440,14,ascii,EEDVdVUTeETETT,si,,
0x3EC2442,0x3EC2450,14,ascii,DEUUUfUeeVTUTD,si,,
0x3EC2452,0x3EC2460,14,ascii,VDUDTEeUEUEE43,si,,
0x3EC2472,0x3EC2480,14,ascii,"4DDDUEUTD4D4D""",si,,
0x3EC2492,0x3EC24A0,14,ascii,"""""""""""3CC3DDDC3",si,,
0x3EC2B32,0x3EC2B40,14,ascii,D4CC333C4CC33C,si,,
0x3EC2B92,0x3EC2BA0,14,ascii,"C32333""333323C",si,,
0x3EC2BA2,0x3EC2BB0,14,ascii,333334C3433332,si,,
0x3EC2C02,0x3EC2C10,14,ascii,3333333333CC43,si,,
0x3EC2C12,0x3EC2C20,14,ascii,EEUUUUEUUFVeUU,si,,
0x3EC2C22,0x3EC2C30,14,ascii,TUTfVVffffeVVE,si,,
0x3EC2C32,0x3EC2C40,14,ascii,eUFfffEVVFUeVD,si,,
0x3EC3232,0x3EC3240,14,ascii,TEEVUeUeUVffVF,si,,
0x3EC3242,0x3EC3250,14,ascii,UTTD3T3TTEUfeV,si,,
0x3EC3282,0x3EC3290,14,ascii,VUeUUDUEUUVUUE,si,,
0x3EC3292,0x3EC32A0,14,ascii,"33333""22""43342",si,,
0x3EC32B2,0x3EC32C0,14,ascii,UfVEfefdVfEeED,si,,
0x3EC32C2,0x3EC32D0,14,ascii,EUEEUEDDUFFEUF,si,,
0x3EC32E2,0x3EC32F0,14,ascii,ffffUVUEEDUVUT,si,,
0x3EC3312,0x3EC3320,14,ascii,DE4CTDDEDDD4B2,si,,
0x3EC3342,0x3EC3350,14,ascii,SDCDTDDDDDDdDE,si,,
0x3EC3362,0x3EC3370,14,ascii,DT4B4DDDDDEEdU,si,,
0x3EC3372,0x3EC3380,14,ascii,"3323332""""3C343",si,,
0x3EC4724,0x3EC4730,12,ascii,"44""5C!EBP2BB",si,,
0x3EC4754,0x3EC4761,13,ascii,"E2BD24Q4""C2bL",si,,
0x3EC9880,0x3EC989E,30,ascii,About time we had something.  ,,si,
0x3ECBC62,0x3ECBC70,14,ascii,feTfUEUUeVeVVV,si,,
0x3ECBC72,0x3ECBC80,14,ascii,UVUUUUEEDUTfUU,si,,
0x3ECBC92,0x3ECBC9D,11,ascii,"EDDD4UEV43""",si,,
0x3ECBCA2,0x3ECBCB0,14,ascii,"""!2""23C334DEDD",si,,
0x3ECBCF2,0x3ECBD00,14,ascii,D3DEVT5UVUUUUD,si,,
0x3ED10C0,0x3ED10CE,14,ascii,There you are.,,si,
0x3ED10E0,0x3ED10FE,30,ascii,You don't want it to get cold.,,si,
0x3ED1110,0x3ED111E,14,ascii,Bon appetit!  ,,,
0x3ED2E22,0x3ED2E30,14,ascii,"C34""344CS5TDeV",si,,
0x3ED34A3,0x3ED34AF,12,ascii,MEStUUfDVBA%,si,,
0x3EDFF82,0x3EDFF8F,13,ascii,"""23CSSe4""C4C5",si,,
0x3EE81A0,0x3EE81DA,58,ascii,"Any boys you like, Anna? Got\nyourself a special someone?  ",,si,
0x3EE81EC,0x3EE81FE,18,ascii,She better not!   ,,si,
0x3EE8228,0x3EE8252,42,ascii,"Funny you should mention that,\nJonathan.  ",,si,
0x3EE8264,0x3EE8286,34,ascii,"Oh, no! Don't even think about\nit!",,si,
0x3EE8298,0x3EE82A2,10,ascii,Why not?  ,,si,
0x3EE82B4,0x3EE82D2,30,ascii,I've known him long enough.   ,,,
0x3EE82E4,0x3EE8332,78,ascii,Easily the biggest pervert I've ever\nmet.  Poor guy just can't help\nhimself.  ,,si,
0x3EE9DD2,0x3EE9DE0,14,ascii,TUEDEDDCCDCTUU,si,,
0x3EE9DE2,0x3EE9DF0,14,ascii,UEUEDTUEUEDTED,si,,
0x3EE9DF2,0x3EE9E00,14,ascii,U5D3CDDffVeUDD,si,,
0x3EE9E02,0x3EE9E10,14,ascii,3323DDDffVUDVe,si,,
0x3EEF277,0x3EEF281,10,ascii,AT21E42C33,,si,
0x3EFBEF2,0x3EFBF00,14,ascii,fVeefVeVCdEFTT,si,,
0x3EFBF02,0x3EFBF10,14,ascii,TCDDDcD3DDETTD,si,,
0x3EFBFD2,0x3EFBFE0,14,ascii,32223CC3333323,si,,
0x3EFC0B2,0x3EFC0C0,14,ascii,DDCCUdDDEDC4TT,si,,
0x3EFC0F2,0x3EFC100,14,ascii,DD4DDDCDETEDUF,si,,
0x3EFC102,0x3EFC110,14,ascii,TEFDESTU3B44DS,si,,
0x3EFC112,0x3EFC120,14,ascii,E4S5DCDTDUVUTU,si,,
0x3EFC2C6,0x3EFC2D0,10,ascii,"""""22343C3C",si,,
0x3EFC762,0x3EFC770,14,ascii,dUUUTUTDVUUDDd,si,,
0x3EFC772,0x3EFC780,14,ascii,"33""""""3343CC433",si,,
0x3EFC782,0x3EFC790,14,ascii,33332323433333,si,,
0x3EFC7A2,0x3EFC7B0,14,ascii,4C333432333333,si,,
0x3EFC7B2,0x3EFC7C0,14,ascii,EfeEUDFDUUeUUf,si,,
0x3EFC7C2,0x3EFC7D0,14,ascii,DD3333DC34434D,si,,
0x3EFCE72,0x3EFCE80,14,ascii,43333C4C434CDD,si,,
0x3EFD672,0x3EFD680,14,ascii,33333333333343,si,,
0x3EFD912,0x3EFD920,14,ascii,D44DC4D3DC343C,si,,
0x3EFDDE2,0x3EFDDF0,14,ascii,UeEEEUVFEDTUDE,si,,
0x3EFDE02,0x3EFDE10,14,ascii,UScEDDDD44DDdD,si,,
0x3EFDE12,0x3EFDE20,14,ascii,VVUTUD4DDD4DDD,si,,
0x3EFE4C2,0x3EFE4D0,14,ascii,BC3CBC23DCD4Dd,si,,
0x3EFE4D2,0x3EFE4E0,14,ascii,DTDDD433SU4D33,si,,
0x3EFE512,0x3EFE520,14,ascii,"C3C3C3DD4D3""""3",si,,
0x3EFE522,0x3EFE530,14,ascii,2DDDTDCD44DD44,si,,
0x3EFE542,0x3EFE550,14,ascii,VVeDdEDVdFDUEV,si,,
0x3EFF0E4,0x3EFF0F0,12,ascii,"TeD1Sdf6""2TT",si,,
0x3F09317,0x3F09321,10,ascii,"g4b5D4UeD""",si,,
0x3F0E0B5,0x3F0E0C0,11,ascii,"""332C43334C",si,,
0x3F11D85,0x3F11D91,12,ascii,"FAEBc22R53F,",si,,
0x3F1F4A2,0x3F1F4B0,14,ascii,DVU333DUUV3ETe,si,,
0x3F2B524,0x3F2B52E,10,ascii,"/sFB6B2d',",si,,
0x3F31632,0x3F3163C,10,ascii,"UAET13"" BS",,,
0x3F39232,0x3F39240,14,ascii,VT3DTFUUTUFE21,si,,
0x3F39242,0x3F39250,14,ascii,2C23C4CDD45CR2,si,,
0x3F39262,0x3F39270,14,ascii,"2D3C3D4BTTT2""C",si,,
0x3F39272,0x3F39280,14,ascii,2!BEDDSfUEUEDD,si,,
0x3F392A2,0x3F392B0,14,ascii,SUD2CCDV432B3C,si,,
0x3F39472,0x3F39480,14,ascii,2233C334333D33,si,,
0x3F39482,0x3F39490,14,ascii,eUTVdEDUUVfeff,si,,
0x3F394C2,0x3F394D0,14,ascii,D334D443333DDD,si,,
0x3F39502,0x3F39510,14,ascii,ECUS4D433UeEdV,si,,
0x3F39512,0x3F39520,14,ascii,D3DCDUTDDCC3DE,si,,
0x3F39555,0x3F39560,11,ascii,"12B2DDDD""3""",si,,
0x3F39572,0x3F39580,14,ascii,4444TDUTCEFVTd,si,,
0x3F39582,0x3F39590,14,ascii,32222323C33343,si,,
0x3F395F2,0x3F39600,14,ascii,"433433333""CC33",si,,
0x3F39602,0x3F39610,14,ascii,33C443CCCCCD33,si,,
0x3F39612,0x3F39620,14,ascii,"D43433D333333""",si,,
0x3F3AB92,0x3F3ABA0,14,ascii,DUFDVTf5SUfUUT,si,,
0x3F3ABA2,0x3F3ABB0,14,ascii,DTTC34UTEUUUDD,si,,
0x3F3ABD6,0x3F3ABE0,10,ascii,"""32""D23""23",si,,
0x3F3AE92,0x3F3AEA0,14,ascii,33334433CC34C4,si,,
0x3F3AEA2,0x3F3AEB0,14,ascii,33333433333343,si,,
0x3F3AEB2,0x3F3AEC0,14,ascii,TEFUdeeVVeUeTT,si,,
0x3F3AEC2,0x3F3AED0,14,ascii,VUDTDT4UUeVefV,si,,
0x3F3B272,0x3F3B280,14,ascii,F44DCEUdUTUUeT,si,,
0x3F3B282,0x3F3B290,14,ascii,UTTDdUVEUfUddF,si,,
0x3F3B292,0x3F3B2A0,14,ascii,DEFE4CDDDDD554,si,,
0x3F3B2D2,0x3F3B2E0,14,ascii,DE4TDCE3DE43BD,si,,
0x3F3B2E2,0x3F3B2F0,14,ascii,DTEDUTUdU5EUfU,si,,
0x3F3B2F2,0x3F3B300,14,ascii,EDDDEDDUEDEDDD,si,,
0x3F3B312,0x3F3B320,14,ascii,"43333""333C3334",si,,
0x3F3DA66,0x3F3DA71,11,ascii,"TeDDU53UU""B",si,,
0x3F40950,0x3F4095A,10,ascii,"So, Ed....",,si,
0x3F4096C,0x3F4098E,34,ascii,You always have to eat this stuff?,,si,
0x3F409A0,0x3F409BA,26,ascii,Ever since Catherine died.,,,
0x3F409CC,0x3F409DE,18,ascii,I feel your pain. ,,si,
0x3F409F0,0x3F409FE,14,ascii,What was that?,,si,
0x3F40A10,0x3F40A2A,26,ascii,"What? Oh... I, I said...  ",,si,
0x3F40A3C,0x3F40A86,74,ascii,"""With all this good food around, I\ncan see how you gained so much\nweight.""",,si,
0x3F40A98,0x3F40AB2,26,ascii,"Uhh... yeah, that's right.",,,
0x3F42492,0x3F424A0,14,ascii,33C3C434CDCTUU,si,,
0x3F424A2,0x3F424B0,14,ascii,"VeVET3333""34ST",si,,
0x3F424B2,0x3F424C0,14,ascii,UUVeeVeeVUTDUf,si,,
0x3F424D2,0x3F424E0,14,ascii,fED4dEEDTTUETE,si,,
0x3F50002,0x3F50010,14,ascii,"""23223D3333332",si,,
0x3F50102,0x3F50110,14,ascii,VVUeUED3dVEVEE,si,,
0x3F50112,0x3F50120,14,ascii,4SE4ETUU5UUdVU,si,,
0x3F570F5,0x3F57100,11,ascii,"BCSfUER5""3T",si,,
0x3F572E7,0x3F572F1,10,ascii,"""2DUTUE4D,",si,,
0x3F57A22,0x3F57A30,14,ascii,Uf44SUTCdfDTTV,si,,
0x3F57A32,0x3F57A40,14,ascii,fefEUEDUEDETEE,si,,
0x3F57FB2,0x3F57FC0,14,ascii,"CE4TFTUeDTfE""3",si,,
0x3F58302,0x3F58310,14,ascii,C3CC53DETefEfU,si,,
0x3F58312,0x3F58320,14,ascii,EEeefUEED43U5c,si,,
0x3F58382,0x3F58390,14,ascii,"""2""""""B3U5C3E4""",si,,
0x3F58394,0x3F583A0,12,ascii,"""33C33""CCC3D",si,,
0x3F585A2,0x3F585B0,14,ascii,UU5C3DD34DD45S,si,,
0x3F58762,0x3F58770,14,ascii,"!2""BDED3DDCEDD",si,,
0x3F58782,0x3F58790,14,ascii,eE424TTCUUfUUf,si,,
0x3F58806,0x3F58811,11,ascii,"!""3D34CC3C,",si,,
0x3F58952,0x3F58960,14,ascii,"""2""3DD4CD4DDee",si,,
0x3F58962,0x3F58970,14,ascii,"3333C3""!323234",si,,
0x3F58982,0x3F58990,14,ascii,"DD33""!""""""B44TE",si,,
0x3F58992,0x3F589A0,14,ascii,DDDDUU4E4TeD44,si,,
0x3F58CA2,0x3F58CB0,14,ascii,"3C333CD33333""2",si,,
0x3F58CB2,0x3F58CBD,11,ascii,"33333D333""""",si,,
0x3F58D36,0x3F58D40,10,ascii,"""""DEDTeUUU",si,,
0x3F58E42,0x3F58E50,14,ascii,"""3TT4CCETTeUTU",si,,
0x3F58EE2,0x3F58EF0,14,ascii,TUEVfffUEEUUfU,si,,
0x3F58F56,0x3F58F60,10,ascii,"2BeUT5T33""",si,,
0x3F5C5B2,0x3F5C5C0,14,ascii,UUeEECCEFUUDEf,si,,
0x3F5C962,0x3F5C970,14,ascii,C4CEUTDTSDTDVT,si,,
0x3F5C972,0x3F5C980,14,ascii,4DC4CD4C4C2343,si,,
0x3F5C982,0x3F5C990,14,ascii,"43CT4DCD42423""",si,,
0x3F5C9A2,0x3F5C9B0,14,ascii,"cD3D3""""3BBUE4D",si,,
0x3F5C9B2,0x3F5C9C0,14,ascii,DdUEFEDTCUCD3D,si,,
0x3F5C9C2,0x3F5C9D0,14,ascii,CDdUDTEUTD33SC,si,,
0x3F5C9D2,0x3F5C9E0,14,ascii,UUdFUeVTEVVeDf,si,,
0x3F5C9E2,0x3F5C9F0,14,ascii,323CCCC43334D4,si,,
0x3F5CA42,0x3F5CA50,14,ascii,UVeVeUUTUDDUdV,si,,
0x3F5CA52,0x3F5CA60,14,ascii,UTDfEDDdDdTTEE,si,,
0x3F5CA62,0x3F5CA70,14,ascii,TE4DTD4%334DD3,si,,
0x3F5CAB4,0x3F5CAC0,12,ascii,BDRETDDCDEdF,si,,
0x3F5CAC2,0x3F5CAD0,14,ascii,EDD444UD4fUfVD,si,,
0x3F5DA52,0x3F5DA60,14,ascii,5ECUUETdTVUVUS,si,,
0x3F5DD42,0x3F5DD50,14,ascii,FUVVUUUDVeECD4,si,,
0x3F5DD62,0x3F5DD70,14,ascii,4D4TDEfT4UeFDS,si,,
0x3F5DD72,0x3F5DD80,14,ascii,DDETSTEEEDDDTC,si,,
0x3F5DDA2,0x3F5DDB0,14,ascii,3DC43334332333,si,,
0x3F5DDB2,0x3F5DDC0,14,ascii,fdVffffFfVEUEe,si,,
0x3F5DDE2,0x3F5DDF0,14,ascii,DFTEDDCDCEDDDC,si,,
0x3F5DE82,0x3F5DE90,14,ascii,TTSDEE3DDDDDUV,si,,
0x3F5DE92,0x3F5DEA0,14,ascii,3CD344344CC334,si,,
0x3F5E542,0x3F5E550,14,ascii,UFVEETE3C4S433,si,,
0x3F5E582,0x3F5E590,14,ascii,UVUTFUDEDTeTUU,si,,
0x3F5E592,0x3F5E5A0,14,ascii,33BC3332233233,si,,
0x3F5E5B2,0x3F5E5C0,14,ascii,433344C4C33C3C,si,,
0x3F653E4,0x3F653F0,12,ascii,"t34!BC""D !42",,,
0x3F68332,0x3F6833D,11,ascii,43CD3S45DE2,si,,
0x3F6E785,0x3F6E790,11,ascii,"""334C333333",si,,
0x3F6E7A2,0x3F6E7B0,14,ascii,CDDTDUEUUUUTVT,si,,
0x3F6E7B2,0x3F6E7C0,14,ascii,fVUEDTUEUUTUUU,si,,
0x3F6E7C2,0x3F6E7D0,14,ascii,DUEC3TUCDTEDDD,si,,
0x3F72942,0x3F7294D,11,ascii,"5DteuF7""QS5",si,,
0x3F73FF4,0x3F74001,13,ascii,C3bRCBC4ST5C5,si,,
0x3F7C7C2,0x3F7C7CD,11,ascii,3TE33DDUCC4,si,,
0x3F7CD32,0x3F7CD40,14,ascii,VVEEUUUDUTUUUe,si,,
0x3F7CD42,0x3F7CD50,14,ascii,TCTUEE4SUDCDDD,si,,
0x3F7CD92,0x3F7CDA0,14,ascii,"FUEUDD33""""CD43",si,,
0x3F7CE52,0x3F7CE60,14,ascii,"EUF42""!""CU5D4U",si,,
0x3F7CFC2,0x3F7CFD0,14,ascii,D4C43C33333333,si,,
0x3F7CFD2,0x3F7CFE0,14,ascii,VUEUUUTDDDTDDD,si,,
0x3F7D112,0x3F7D120,14,ascii,"""C2333C4333C4D",si,,
0x3F7D122,0x3F7D130,14,ascii,DC3CDESDDETTUD,si,,
0x3F7D132,0x3F7D140,14,ascii,DUETeUETEUETTd,si,,
0x3F7D142,0x3F7D150,14,ascii,TeUUEUEUUUUUUU,si,,
0x3F7D152,0x3F7D160,14,ascii,UUeVfVefVefffV,si,,
0x3F7D162,0x3F7D170,14,ascii,UUUUUUUUVfefff,si,,
0x3F7D172,0x3F7D180,14,ascii,VVVUfVfffefeef,si,,
0x3F7D182,0x3F7D190,14,ascii,ffVVVVUUVfVVVV,si,,
0x3F7D192,0x3F7D1A0,14,ascii,UVUUUeUUUUUUUf,si,,
0x3F7D1A2,0x3F7D1B0,14,ascii,UUUUUUUVFUUUUU,si,,
0x3F7D1B2,0x3F7D1C0,14,ascii,EVUUUUUUUUUTEU,si,,
0x3F7D1C2,0x3F7D1D0,14,ascii,UUUUUUTEUUUUUV,si,,
0x3F7D1D2,0x3F7D1E0,14,ascii,UUUUUUTVVeVfVf,si,,
0x3F7D1E2,0x3F7D1F0,14,ascii,fUVVffVeffUfff,si,,
0x3F7D1F2,0x3F7D200,14,ascii,eeVUeeefefefee,si,,
0x3F7D202,0x3F7D210,14,ascii,34333333333333,si,,
0x3F7D212,0x3F7D220,14,ascii,CC433C3C344CDC,si,,
0x3F7D222,0x3F7D230,14,ascii,C43CC3D33D4C3C,si,,
0x3F7D232,0x3F7D240,14,ascii,33433333334333,si,,
0x3F7D242,0x3F7D250,14,ascii,33333333334333,si,,
0x3F7D252,0x3F7D260,14,ascii,efeeeeUUUUeVeU,si,,
0x3F7D262,0x3F7D270,14,ascii,UUeeVVUUUUUUUe,si,,
0x3F7D272,0x3F7D280,14,ascii,eeUUUUUUUEUUUT,si,,
0x3F7D282,0x3F7D290,14,ascii,EUDDTEUTUDUUUU,si,,
0x3F7D292,0x3F7D2A0,14,ascii,UTDEEETTDUDTDT,si,,
0x3F7D2A2,0x3F7D2B0,14,ascii,EDTDTTDTDDDDDD,si,,
0x3F7D2B2,0x3F7D2C0,14,ascii,E4DDDDCDDCD4DD,si,,
0x3F7D2C2,0x3F7D2D0,14,ascii,D3343DC43334DD,si,,
0x3F7D2D2,0x3F7D2E0,14,ascii,CD43433433C343,si,,
0x3F7D2E2,0x3F7D2F0,14,ascii,3C44D3C443DD33,si,,
0x3F7D322,0x3F7D330,14,ascii,34343333333C34,si,,
0x3F7D332,0x3F7D340,14,ascii,C44DCDDDCC34C3,si,,
0x3F7D342,0x3F7D350,14,ascii,4D4DC343D33433,si,,
0x3F7D362,0x3F7D370,14,ascii,3C4DD34D4DDC44,si,,
0x3F7D372,0x3F7D380,14,ascii,CC44CC4DDDCDDD,si,,
0x3F7D382,0x3F7D390,14,ascii,DD4DDDDDDDEDDD,si,,
0x3F7D392,0x3F7D3A0,14,ascii,EDDDUDDD4EDC4T,si,,
0x3F7D3A2,0x3F7D3B0,14,ascii,TDDTTTD5DDDDDD,si,,
0x3F7D3B2,0x3F7D3C0,14,ascii,DDCDD4444C33CC,si,,
0x3F7D3C2,0x3F7D3D0,14,ascii,433C43D33D3C4C,si,,
0x3F7D3D2,0x3F7D3E0,14,ascii,33D33334C3D443,si,,
0x3F7D3E2,0x3F7D3F0,14,ascii,C43DDC4D4C3CC4,si,,
0x3F7D3F2,0x3F7D400,14,ascii,CCD44CDDDCD33D,si,,
0x3F7D402,0x3F7D410,14,ascii,DCDDDDDDDEDTDD,si,,
0x3F7D412,0x3F7D420,14,ascii,DDCEDDDEDDDDDE,si,,
0x3F7D422,0x3F7D430,14,ascii,DDDTDDETDTDETU,si,,
0x3F7D432,0x3F7D440,14,ascii,DDETFUUUUEFUFU,si,,
0x3F7D442,0x3F7D450,14,ascii,UUUEUUVVUUUTTU,si,,
0x3F7D452,0x3F7D460,14,ascii,DUUEEeUUUTUUUU,si,,
0x3F7D462,0x3F7D470,14,ascii,UUUUUeUUUTUDEU,si,,
0x3F7D472,0x3F7D480,14,ascii,EETUUDUEUETUdT,si,,
0x3F7D482,0x3F7D490,14,ascii,TVTUUeUfUfVVUU,si,,
0x3F7D492,0x3F7D4A0,14,ascii,UUUVUUUUFUUeTU,si,,
0x3F7D4A2,0x3F7D4B0,14,ascii,UUEeUUUUUUTTUE,si,,
0x3F7D4B2,0x3F7D4C0,14,ascii,UUUUTedTUUUUUU,si,,
0x3F7D4C2,0x3F7D4D0,14,ascii,UUUTUUDDUETUDU,si,,
0x3F7D4D2,0x3F7D4E0,14,ascii,TUDTUDUEUETUUD,si,,
0x3F7D4E2,0x3F7D4F0,14,ascii,UUFUUTUTTEEUDT,si,,
0x3F7D4F2,0x3F7D500,14,ascii,EUUTTDDEDUUDTU,si,,
0x3F7D502,0x3F7D510,14,ascii,UUUUETTDEETEUD,si,,
0x3F7D512,0x3F7D520,14,ascii,UTDDDEEUTUUDUU,si,,
0x3F7D522,0x3F7D530,14,ascii,UUUTUUUUVUUUUU,si,,
0x3F7D532,0x3F7D540,14,ascii,TUUUUUeUVUUeUU,si,,
0x3F7D542,0x3F7D550,14,ascii,UeeUeUUUUUUfVV,si,,
0x3F7D552,0x3F7D560,14,ascii,VVVUfUVfeVVfff,si,,
0x3F7D562,0x3F7D570,14,ascii,33333333333C33,si,,
0x3F7D572,0x3F7D580,14,ascii,UVeUVUUUUVeeee,si,,
0x3F7D582,0x3F7D590,14,ascii,eeUUVfefUeeefU,si,,
0x3F7D592,0x3F7D5A0,14,ascii,VVVfUVVfeeefff,si,,
0x3F7D5A2,0x3F7D5B0,14,ascii,ffffffVeVVVVUV,si,,
0x3F7D5B2,0x3F7D5C0,14,ascii,fVUFVUVUffeUVU,si,,
0x3F7D5C2,0x3F7D5D0,14,ascii,eUUeeUUUUeUUUU,si,,
0x3F7D5D2,0x3F7D5E0,14,ascii,UEUEEUTTUUUEUE,si,,
0x3F7D5E2,0x3F7D5F0,14,ascii,UUUUUUUUUUUUUU,si,,
0x3F7D5F2,0x3F7D600,14,ascii,TEEEUTUUUTEEUU,si,,
0x3F7D602,0x3F7D610,14,ascii,EeTUUUUEUEETTU,si,,
0x3F7D612,0x3F7D620,14,ascii,TUUFUTUUTeeeeU,si,,
0x3F7D622,0x3F7D630,14,ascii,VfUeeUUUVVVUUV,si,,
0x3F7D632,0x3F7D640,14,ascii,3333333C333343,si,,
0x3F7D642,0x3F7D650,14,ascii,333333343D3334,si,,
0x3F7D652,0x3F7D660,14,ascii,33C333433CC333,si,,
0x3F7D662,0x3F7D670,14,ascii,VffffffffefVVV,si,,
0x3F7D672,0x3F7D680,14,ascii,3334333333334C,si,,
0x3F7D682,0x3F7D690,14,ascii,efUfUUfUffeeee,si,,
0x3F7D692,0x3F7D6A0,14,ascii,fUUUeUeeeeeeVe,si,,
0x3F7D6A2,0x3F7D6B0,14,ascii,fedUeUUUUTUVUE,si,,
0x3F7D6B2,0x3F7D6C0,14,ascii,EUUUDEDDUUUUEE,si,,
0x3F7D6C2,0x3F7D6D0,14,ascii,ETTEEUDDTDDDED,si,,
0x3F7D6D2,0x3F7D6E0,14,ascii,DDTDDDDDEDD4ED,si,,
0x3F7D6E2,0x3F7D6F0,14,ascii,TDTDDDDEDTDDED,si,,
0x3F7D6F2,0x3F7D700,14,ascii,TTEEDTDDDEETET,si,,
0x3F7D702,0x3F7D710,14,ascii,DDEDDTDEDDTDDU,si,,
0x3F7D712,0x3F7D720,14,ascii,DTEDEDUDDEDUDT,si,,
0x3F7D722,0x3F7D730,14,ascii,TEDTDUUUEUUUUd,si,,
0x3F7D732,0x3F7D740,14,ascii,UUeUTVeUUUVVfU,si,,
0x3F7D742,0x3F7D750,14,ascii,VUUUVVUUUUUUeU,si,,
0x3F7D752,0x3F7D760,14,ascii,UeUVUfeeUUUUUU,si,,
0x3F7D762,0x3F7D770,14,ascii,UUeUVVVVVVVVfV,si,,
0x3F7D772,0x3F7D780,14,ascii,VVUEVVfVUVVUVV,si,,
0x3F7D782,0x3F7D790,14,ascii,UVUUUETVeUTUTe,si,,
0x3F7D792,0x3F7D7A0,14,ascii,VUFeUUEUUUUDEE,si,,
0x3F7D7A2,0x3F7D7B0,14,ascii,TUTTUUFTUEETTU,si,,
0x3F7D7B2,0x3F7D7C0,14,ascii,TVUEEEUUUUUTTE,si,,
0x3F7D7C2,0x3F7D7D0,14,ascii,DUDETTUDEDTTUE,si,,
0x3F7D7D2,0x3F7D7E0,14,ascii,DDDEDUDEDEEC3D,si,,
0x3F7D7E2,0x3F7D7F0,14,ascii,DDDDDDEESC4EDD,si,,
0x3F7D7F2,0x3F7D800,14,ascii,DDTEETDT4DDD5D,si,,
0x3F7D802,0x3F7D810,14,ascii,DDDDD4TDDETDED,si,,
0x3F7D812,0x3F7D820,14,ascii,C4DDDDDD4DD4DD,si,,
0x3F7D822,0x3F7D830,14,ascii,D4EDDDTSDDDCCD,si,,
0x3F7D832,0x3F7D840,14,ascii,DDDEDDDDDC4DCC,si,,
0x3F7D842,0x3F7D850,14,ascii,DDDD4DDDDDDDDD,si,,
0x3F7D852,0x3F7D860,14,ascii,DETEDDDDEDCDD4,si,,
0x3F7D862,0x3F7D870,14,ascii,DDEDDDDDDDDC4D,si,,
0x3F7D872,0x3F7D880,14,ascii,34D44434DCC4C3,si,,
0x3F7D882,0x3F7D890,14,ascii,CDC44DDD4CDDCD,si,,
0x3F7D892,0x3F7D8A0,14,ascii,4DCDCCDC343333,si,,
0x3F7D922,0x3F7D930,14,ascii,D4333C33333433,si,,
0x3F7D942,0x3F7D950,14,ascii,33C3C33342C444,si,,
0x3F7D952,0x3F7D960,14,ascii,C3333333333333,si,,
0x3F7D972,0x3F7D980,14,ascii,43333334C334C3,si,,
0x3F7D982,0x3F7D990,14,ascii,3C3D333C3433CC,si,,
0x3F7D992,0x3F7D9A0,14,ascii,3433344C3334D3,si,,
0x3F7D9A2,0x3F7D9B0,14,ascii,344CC43334433D,si,,
0x3F7D9B2,0x3F7D9C0,14,ascii,DC3D3C3334443C,si,,
0x3F7D9C2,0x3F7D9D0,14,ascii,C3333333423334,si,,
0x3F7D9E2,0x3F7D9F0,14,ascii,43DC3C33C33334,si,,
0x3F7D9F2,0x3F7DA00,14,ascii,3D44DCC444CCD4,si,,
0x3F7DA02,0x3F7DA10,14,ascii,CC4D34DD33CD4C,si,,
0x3F7DA12,0x3F7DA20,14,ascii,3344C3C3DC4D34,si,,
0x3F7DA22,0x3F7DA30,14,ascii,33CCCDC3CC4DDD,si,,
0x3F7DA32,0x3F7DA40,14,ascii,DDDDDDDD4EEDED,si,,
0x3F7DA42,0x3F7DA50,14,ascii,DDC4DDDDTDEDTC,si,,
0x3F7DA52,0x3F7DA60,14,ascii,DEDCDEDTDEETD3,si,,
0x3F7DA62,0x3F7DA70,14,ascii,DDD4DDDDDTDTEU,si,,
0x3F7DA72,0x3F7DA80,14,ascii,DDDTDCDDTDTDDD,si,,
0x3F7DA82,0x3F7DA90,14,ascii,CEDDDTDDDDD4DD,si,,
0x3F7DA92,0x3F7DAA0,14,ascii,DCDTTDEETDTDDD,si,,
0x3F7DAA2,0x3F7DAB0,14,ascii,TCDDDDDTUETDEE,si,,
0x3F7DAB2,0x3F7DAC0,14,ascii,DDEDD4DDDDDT4D,si,,
0x3F7DAC2,0x3F7DAD0,14,ascii,DS4D4DCEDDDUDD,si,,
0x3F7DAD2,0x3F7DAE0,14,ascii,DCDTDDDTDDE3DD,si,,
0x3F7DAE2,0x3F7DAF0,14,ascii,TDDEDUDTDDTTUU,si,,
0x3F7DAF2,0x3F7DB00,14,ascii,EEUTDETEETDUTU,si,,
0x3F7DB02,0x3F7DB10,14,ascii,VeUTUUUeeeVeVe,si,,
0x3F7DB12,0x3F7DB20,14,ascii,UUUeeeUUefeeee,si,,
0x3F7DB22,0x3F7DB30,14,ascii,eUUVeeUfffefee,si,,
0x3F7DB32,0x3F7DB40,14,ascii,VeeffeVVdefeeU,si,,
0x3F7DB42,0x3F7DB50,14,ascii,fVUeffffUeUfUU,si,,
0x3F7DB52,0x3F7DB60,14,ascii,UUUefVVVeeVfee,si,,
0x3F7DB62,0x3F7DB70,14,ascii,UUeVVUVUUVfUUV,si,,
0x3F7DB72,0x3F7DB80,14,ascii,UfUVVVefffVVVU,si,,
0x3F7DB82,0x3F7DB90,14,ascii,VUEUEUUUUUTTUE,si,,
0x3F7DB92,0x3F7DBA0,14,ascii,EUeUUUUUUTUDTT,si,,
0x3F7DBA2,0x3F7DBB0,14,ascii,EEDUDUEEEEDTDT,si,,
0x3F7DBB2,0x3F7DBC0,14,ascii,EDUDETTDTEDDD4,si,,
0x3F7DBC2,0x3F7DBD0,14,ascii,DDDDDDEDC4DDD4,si,,
0x3F7DBD2,0x3F7DBE0,14,ascii,4344DD4D4DCCDD,si,,
0x3F7DBE2,0x3F7DBF0,14,ascii,DCD3CDD3D44C44,si,,
0x3F7DBF2,0x3F7DC00,14,ascii,3C3DC3D3DC443C,si,,
0x3F7DC02,0x3F7DC10,14,ascii,C4CD3343C4DCD3,si,,
0x3F7DC12,0x3F7DC20,14,ascii,33444DC43D4343,si,,
0x3F7DC22,0x3F7DC30,14,ascii,CC34D3CC4C3333,si,,
0x3F7DC42,0x3F7DC50,14,ascii,C3C33333332333,si,,
0x3F7DC82,0x3F7DC8C,10,ascii,"""2""""""""""""!!",si,,
0x3F7DD72,0x3F7DD80,14,ascii,"""23""""2222""""23""",si,,
0x3F7DED2,0x3F7DEE0,14,ascii,3334333CC3333C,si,,
0x3F7DEE2,0x3F7DEF0,14,ascii,33333C3C34C3CC,si,,
0x3F7DEF2,0x3F7DF00,14,ascii,344DCTCEDDC4DC,si,,
0x3F7DF02,0x3F7DF10,14,ascii,CDTDDEEDTEUETT,si,,
0x3F7DF12,0x3F7DF20,14,ascii,CDUDTDEUDTDDTD,si,,
0x3F7DF22,0x3F7DF30,14,ascii,TDTETUTTDEEUTU,si,,
0x3F7DF32,0x3F7DF40,14,ascii,EDUUUEUUUTUUUE,si,,
0x3F7DF42,0x3F7DF50,14,ascii,UETDETUUTDUDCD,si,,
0x3F7DF52,0x3F7DF60,14,ascii,TDTDEEDSDTDEDD,si,,
0x3F7DF62,0x3F7DF70,14,ascii,DDCCETDDTDDDDC,si,,
0x3F7DF72,0x3F7DF80,14,ascii,CDC3D4TCDD3DDC,si,,
0x3F7DF82,0x3F7DF90,14,ascii,4D433CC33C3333,si,,
0x3F7E042,0x3F7E050,14,ascii,CD33C333332333,si,,
0x3F7E092,0x3F7E0A0,14,ascii,32323233323332,si,,
0x3F7E0A2,0x3F7E0B0,14,ascii,"23""333C333422B",si,,
0x3F7E122,0x3F7E130,14,ascii,34343C33333D3C,si,,
0x3F7E132,0x3F7E140,14,ascii,C44DCC4DDD33DD,si,,
0x3F7E142,0x3F7E150,14,ascii,CDDCDD34C344CD,si,,
0x3F7E152,0x3F7E160,14,ascii,4DDD4DDD4D444D,si,,
0x3F7E162,0x3F7E170,14,ascii,43C4C4DC4DC4D4,si,,
0x3F7E172,0x3F7E180,14,ascii,C3CD3CCDD44333,si,,
0x3F7E1B2,0x3F7E1C0,14,ascii,3C233444334C3C,si,,
0x3F7E1D2,0x3F7E1E0,14,ascii,D3DCCDDDDDCETD,si,,
0x3F7E1E2,0x3F7E1F0,14,ascii,DDDDDDDUDEUDUU,si,,
0x3F7E1F2,0x3F7E200,14,ascii,TEDDETDETUUUTT,si,,
0x3F7E202,0x3F7E210,14,ascii,DUFEUUUUUUUUUU,si,,
0x3F7E212,0x3F7E220,14,ascii,FEUTEEUUTUEEUU,si,,
0x3F7E222,0x3F7E230,14,ascii,UEUUeUUUUUUUee,si,,
0x3F7E232,0x3F7E240,14,ascii,eVUUUUUVVVVVVU,si,,
0x3F7E242,0x3F7E250,14,ascii,UVUFUUUUUeUUUU,si,,
0x3F7E252,0x3F7E260,14,ascii,UUUTUUVUUUVUUU,si,,
0x3F7E262,0x3F7E270,14,ascii,UeTUUUVUUVVUfU,si,,
0x3F7E272,0x3F7E280,14,ascii,UVVUUUeVUUVVfe,si,,
0x3F7E282,0x3F7E290,14,ascii,eVUUUUUVeVUfUV,si,,
0x3F7E292,0x3F7E2A0,14,ascii,UUUFUUUUUUdUTU,si,,
0x3F7E2A2,0x3F7E2B0,14,ascii,EVFUTTUVUUUEUE,si,,
0x3F7E2B2,0x3F7E2C0,14,ascii,DTDEEDTTUDDDTD,si,,
0x3F7E2C2,0x3F7E2D0,14,ascii,DDDDDDTDDDDDDD,si,,
0x3F7E2D2,0x3F7E2E0,14,ascii,DCDDCCD4DCTCDD,si,,
0x3F7E2E2,0x3F7E2F0,14,ascii,C4DDDDDTDDDD4D,si,,
0x3F7E2F2,0x3F7E300,14,ascii,DDEEDDDUDTDDUE,si,,
0x3F7E302,0x3F7E310,14,ascii,DTDDDTEEDEEDDE,si,,
0x3F7E312,0x3F7E320,14,ascii,EDDDUUEUTEDETE,si,,
0x3F7E322,0x3F7E330,14,ascii,UEETDUDEETDTED,si,,
0x3F7E332,0x3F7E340,14,ascii,DTEDETTTDUDTDD,si,,
0x3F7E342,0x3F7E350,14,ascii,UDUDDDEDDDDDDD,si,,
0x3F7E352,0x3F7E360,14,ascii,5DDCDCDDDD3D3D,si,,
0x3F7E362,0x3F7E370,14,ascii,D44DDDCD33433C,si,,
0x3F7E5F2,0x3F7E600,14,ascii,34C44DC4434C3D,si,,
0x3F7E602,0x3F7E610,14,ascii,DDCD4D5DDDDTD5,si,,
0x3F7E612,0x3F7E620,14,ascii,DD4DDDDDC4DC4D,si,,
0x3F7E622,0x3F7E630,14,ascii,DDDDD34C4DCD44,si,,
0x3F7E632,0x3F7E640,14,ascii,DD4CD334DDD443,si,,
0x3F7E642,0x3F7E650,14,ascii,CDC444DDDDD4DC,si,,
0x3F7E652,0x3F7E660,14,ascii,D3D4DCDDDDEDD4,si,,
0x3F7E662,0x3F7E670,14,ascii,DD4433DCDDC444,si,,
0x3F7E682,0x3F7E690,14,ascii,4D3C34DCDC3DDC,si,,
0x3F7E692,0x3F7E6A0,14,ascii,4D34C333CC4C3C,si,,
0x3F7E6C2,0x3F7E6D0,14,ascii,3343233C433433,si,,
0x3F7E6D2,0x3F7E6E0,14,ascii,33CB3CCCDDCD44,si,,
0x3F7E6E2,0x3F7E6F0,14,ascii,3D333344D4434C,si,,
0x3F7E6F2,0x3F7E700,14,ascii,4C33D3DC433433,si,,
0x3F7E712,0x3F7E720,14,ascii,CDT3DCD4D44DC3,si,,
0x3F7E872,0x3F7E87E,12,ascii,"""""22212""""!""""",si,,
0x3F7E8F2,0x3F7E900,14,ascii,3333C343333334,si,,
0x3F7E902,0x3F7E910,14,ascii,3343CC4C3334C3,si,,
0x3F7E922,0x3F7E930,14,ascii,C44C4334CD3C44,si,,
0x3F7E932,0x3F7E940,14,ascii,D4ED3D44D4C4D4,si,,
0x3F7E942,0x3F7E950,14,ascii,D4CD434C34DDDD,si,,
0x3F7E952,0x3F7E960,14,ascii,DDDDC3334D3C4D,si,,
0x3F7E962,0x3F7E970,14,ascii,434C3CC3C4DC33,si,,
0x3F7E972,0x3F7E980,14,ascii,C3DC3443C3343C,si,,
0x3F7E982,0x3F7E990,14,ascii,33C333CC3434C3,si,,
0x3F7E992,0x3F7E9A0,14,ascii,333433443CCC3D,si,,
0x3F7E9A2,0x3F7E9B0,14,ascii,33CC44C4D343D5,si,,
0x3F7E9B2,0x3F7E9C0,14,ascii,3DCC333CCC3CDC,si,,
0x3F7E9C2,0x3F7E9D0,14,ascii,D34DDC4D4DCDDT,si,,
0x3F7E9D2,0x3F7E9E0,14,ascii,D4CCDDCDDDTDDE,si,,
0x3F7E9E2,0x3F7E9F0,14,ascii,TUUEUTUUEUUUUT,si,,
0x3F7E9F2,0x3F7EA00,14,ascii,UEETTUUTUUVVUU,si,,
0x3F7EA02,0x3F7EA10,14,ascii,UUTDDUEDTEDUED,si,,
0x3F7EA12,0x3F7EA20,14,ascii,UEUDEDTEDUEETU,si,,
0x3F7EA22,0x3F7EA30,14,ascii,UTEEETTDDTDTET,si,,
0x3F7EA32,0x3F7EA40,14,ascii,UDTDEUTDEEUTDE,si,,
0x3F7EA42,0x3F7EA50,14,ascii,EUTTEDUTDD4DTD,si,,
0x3F7EA52,0x3F7EA60,14,ascii,TDDTEDDD44DDDC,si,,
0x3F7EA62,0x3F7EA70,14,ascii,4D43DC433D33D3,si,,
0x3F7EA72,0x3F7EA80,14,ascii,DCDDDDDD433C4C,si,,
0x3F7EA92,0x3F7EAA0,14,ascii,23432343233233,si,,
0x3F7ECB5,0x3F7ECC0,11,ascii,"2""""""""""""""""23",si,,
0x3F7ED22,0x3F7ED30,14,ascii,33333C3C333333,si,,
0x3F7ED32,0x3F7ED40,14,ascii,C44C4DDDDD4CCC,si,,
0x3F7ED42,0x3F7ED50,14,ascii,DCC4333DC34CCD,si,,
0x3F7ED52,0x3F7ED60,14,ascii,43CDD4D34D4C34,si,,
0x3F7ED62,0x3F7ED70,14,ascii,C33334DDD3DC34,si,,
0x3F7ED72,0x3F7ED80,14,ascii,C4DD3DDC4CDDDD,si,,
0x3F7ED82,0x3F7ED90,14,ascii,EDDDCDDC44CCDD,si,,
0x3F7ED92,0x3F7EDA0,14,ascii,D4D4DCDCDDC44D,si,,
0x3F7EDA2,0x3F7EDB0,14,ascii,CDDCDDTD4DDDDC,si,,
0x3F7EDB2,0x3F7EDC0,14,ascii,DDDDDEDTDEETDE,si,,
0x3F7EDC2,0x3F7EDD0,14,ascii,DUUTEETDTUUTDU,si,,
0x3F7EDD2,0x3F7EDE0,14,ascii,FEETEEEEUETTUd,si,,
0x3F7EDE2,0x3F7EDF0,14,ascii,TUEEETTUTUUUEE,si,,
0x3F7EDF2,0x3F7EE00,14,ascii,EUUUUUeUUeeUeU,si,,
0x3F7EE02,0x3F7EE10,14,ascii,UUUeUUVVUVVVUU,si,,
0x3F7EE12,0x3F7EE20,14,ascii,UUUUTDUUEEVUTe,si,,
0x3F7EE22,0x3F7EE30,14,ascii,UUTETTTTDDEDTT,si,,
0x3F7EE32,0x3F7EE40,14,ascii,DEDTDEDTDDDETD,si,,
0x3F7EE42,0x3F7EE50,14,ascii,5DSDDDT444D34D,si,,
0x3F7EE52,0x3F7EE60,14,ascii,C4T3DDDC4DDDC4,si,,
0x3F7EE62,0x3F7EE70,14,ascii,3DCD4DCDDDDD34,si,,
0x3F7EE72,0x3F7EE80,14,ascii,D34334C3D4DC4C,si,,
0x3F7EE82,0x3F7EE90,14,ascii,333CCCC4DDCC33,si,,
0x3F7EE92,0x3F7EEA0,14,ascii,443D3C34C44DC4,si,,
0x3F7EEA2,0x3F7EEB0,14,ascii,C3434C344C3434,si,,
0x3F7EEC2,0x3F7EED0,14,ascii,3333C4CDDC4DCD,si,,
0x3F7EED2,0x3F7EEE0,14,ascii,DDDEDC344CDCD4,si,,
0x3F7EEE2,0x3F7EEF0,14,ascii,C434CC444D4333,si,,
0x3F7EEF2,0x3F7EF00,14,ascii,4D4CCDDC3C4433,si,,
0x3F7EF02,0x3F7EF10,14,ascii,D343343CD34C33,si,,
0x3F7EF12,0x3F7EF20,14,ascii,333D33333C3323,si,,
0x3F7EF62,0x3F7EF6C,10,ascii,"""!""""""""""""""!",si,,
0x3F7EFA2,0x3F7EFB0,14,ascii,"2""3322333""2""""3",si,,
0x3F7EFB2,0x3F7EFC0,14,ascii,3433C3C3333333,si,,
0x3F7EFD2,0x3F7EFE0,14,ascii,23334C33333333,si,,
0x3F7EFE2,0x3F7EFF0,14,ascii,"""333C333C33333",si,,
0x3F7EFF2,0x3F7F000,14,ascii,CDD3D33D343343,si,,
0x3F7F002,0x3F7F010,14,ascii,43D44C33333344,si,,
0x3F7F012,0x3F7F020,14,ascii,4433D3D3C33433,si,,
0x3F7F032,0x3F7F040,14,ascii,"3333233""""222""""",si,,
0x3F7F0A2,0x3F7F0B0,14,ascii,3C43C443443C4D,si,,
0x3F7F0B2,0x3F7F0C0,14,ascii,334344CC4DEDDD,si,,
0x3F7F0C2,0x3F7F0D0,14,ascii,DDDTDDDDEDDDTT,si,,
0x3F7F0D2,0x3F7F0E0,14,ascii,DTDDEDDDDTEDDD,si,,
0x3F7F0E2,0x3F7F0F0,14,ascii,DUDETTUTEUUUUT,si,,
0x3F7F0F2,0x3F7F100,14,ascii,UUUUUTEUUUTUeU,si,,
0x3F7F102,0x3F7F110,14,ascii,UUUUVUVVUVVVUU,si,,
0x3F7F112,0x3F7F120,14,ascii,UUEUTUTTUEUUUe,si,,
0x3F7F122,0x3F7F130,14,ascii,TUUUFVVEVUVUUU,si,,
0x3F7F132,0x3F7F140,14,ascii,UUUUUUTUUUdTUT,si,,
0x3F7F142,0x3F7F150,14,ascii,DUUUEEUTDDEETD,si,,
0x3F7F152,0x3F7F160,14,ascii,DUDDTEEDDTEETD,si,,
0x3F7F162,0x3F7F170,14,ascii,DEEDTDEDDDEEDT,si,,
0x3F7F172,0x3F7F180,14,ascii,DDUUTUDDDTDTDD,si,,
0x3F7F182,0x3F7F190,14,ascii,UEDTDD4EDC4DDD,si,,
0x3F7F192,0x3F7F1A0,14,ascii,DDD4C34C3D33DD,si,,
0x3F7F1A2,0x3F7F1B0,14,ascii,34C4DC3C3CD44D,si,,
0x3F7F1B2,0x3F7F1C0,14,ascii,DDDC4DDDD5TDDD,si,,
0x3F7F1C2,0x3F7F1D0,14,ascii,4DDEDTDEEDTDDD,si,,
0x3F7F1D2,0x3F7F1E0,14,ascii,CCDDD44D34CC4C,si,,
0x3F7F1E2,0x3F7F1F0,14,ascii,D4C4DDDDDSCD4D,si,,
0x3F7F1F2,0x3F7F200,14,ascii,D5D4DDCDDD4EDD,si,,
0x3F7F202,0x3F7F210,14,ascii,DDDCD44D44DDDC,si,,
0x3F7F3E2,0x3F7F3EF,13,ascii,"""""""""""""""""""""""!""",si,,
0x3F7F3F2,0x3F7F3FC,10,ascii,"""""""!""2""""!""",si,,
0x3F7F492,0x3F7F4A0,14,ascii,"""""""""""""""""""""2""""""",si,,
0x3F7F4D2,0x3F7F4E0,14,ascii,3CC3333C3433C3,si,,
0x3F7F4F2,0x3F7F500,14,ascii,3CC3C33334DDD4,si,,
0x3F7F502,0x3F7F510,14,ascii,DDDDDD33DDCCDD,si,,
0x3F7F512,0x3F7F520,14,ascii,DD4DDCEDDDDDDT,si,,
0x3F7F522,0x3F7F530,14,ascii,DSDDEDD4DCCDDC,si,,
0x3F7F532,0x3F7F540,14,ascii,4DCDD4DDCD3CDE,si,,
0x3F7F542,0x3F7F550,14,ascii,CCDD3CD4C3DD34,si,,
0x3F7F552,0x3F7F560,14,ascii,C4CDD4D4DDDDD4,si,,
0x3F7F562,0x3F7F570,14,ascii,DCDDC33CC3CC43,si,,
0x3F7F5A2,0x3F7F5B0,14,ascii,433C3333B334CC,si,,
0x3F7F612,0x3F7F620,14,ascii,333333C3343333,si,,
0x3F7F6B2,0x3F7F6C0,14,ascii,C34C433334C34C,si,,
0x3F7F6D2,0x3F7F6E0,14,ascii,4C333334C33C33,si,,
0x3F7F6E2,0x3F7F6F0,14,ascii,4CCCDC4C4C3C44,si,,
0x3F7F6F2,0x3F7F700,14,ascii,44D3C44C4CC33C,si,,
0x3F7F702,0x3F7F710,14,ascii,34C344C3C4C3CC,si,,
0x3F7F712,0x3F7F720,14,ascii,3333C3333C3333,si,,
0x3F7F722,0x3F7F730,14,ascii,34C433DC3334C2,si,,
0x3F7F732,0x3F7F740,14,ascii,3433434CD33CD3,si,,
0x3F7F742,0x3F7F750,14,ascii,33333433C33332,si,,
0x3F7F782,0x3F7F790,14,ascii,"332334""3""32223",si,,
0x3F7F7B2,0x3F7F7C0,14,ascii,DD4CCC3CD334DT,si,,
0x3F7F7C2,0x3F7F7D0,14,ascii,C4DC4DC4ETS4DD,si,,
0x3F7F7D2,0x3F7F7E0,14,ascii,DD4DCDDDCCCCDD,si,,
0x3F7F7E2,0x3F7F7F0,14,ascii,DDDDTDDDDDDSCD,si,,
0x3F7F7F2,0x3F7F800,14,ascii,CC4DCDDD4DDDDD,si,,
0x3F7F802,0x3F7F810,14,ascii,DDEDSDDDDDDDCD,si,,
0x3F7F812,0x3F7F820,14,ascii,DTDD4DCDDDD3D3,si,,
0x3F7F822,0x3F7F830,14,ascii,C4CCCDD33D4DCC,si,,
0x3F7F832,0x3F7F840,14,ascii,DD4D334DC4344C,si,,
0x3F7F842,0x3F7F850,14,ascii,3334CDDD4DDDD4,si,,
0x3F7F852,0x3F7F860,14,ascii,DC4434CDDDD3D3,si,,
0x3F7F862,0x3F7F870,14,ascii,DDDCDDC44DDD4D,si,,
0x3F7F872,0x3F7F880,14,ascii,DETDDDDDDDDTDD,si,,
0x3F7F882,0x3F7F890,14,ascii,EDDDTETUTUUEEU,si,,
0x3F7F892,0x3F7F8A0,14,ascii,TEUTEUETUUEEET,si,,
0x3F7F8A2,0x3F7F8B0,14,ascii,TUUTEUUEUTTUUF,si,,
0x3F7F8B2,0x3F7F8C0,14,ascii,UTUTUTTTUUUVUU,si,,
0x3F7F8C2,0x3F7F8D0,14,ascii,EUUUUeeUdUUUVV,si,,
0x3F7F8D2,0x3F7F8E0,14,ascii,UUUUVUUUUUfUVV,si,,
0x3F7F8E2,0x3F7F8F0,14,ascii,VfffVVVUVVdUUU,si,,
0x3F7F8F2,0x3F7F900,14,ascii,UUeUUUUUETUUDU,si,,
0x3F7F902,0x3F7F910,14,ascii,UEUUDUDETUDDDE,si,,
0x3F7F912,0x3F7F920,14,ascii,UTDEDEDTDEDTDD,si,,
0x3F7F922,0x3F7F930,14,ascii,EDUEDUEDDDDDCC,si,,
0x3F7F932,0x3F7F940,14,ascii,DCCDDDCDDD3D33,si,,
0x3F7F942,0x3F7F950,14,ascii,D4DCCD3DD33C4D,si,,
0x3F7F962,0x3F7F970,14,ascii,C34C443DC4DCDD,si,,
0x3F7F982,0x3F7F990,14,ascii,3343C333433334,si,,
0x3F7F992,0x3F7F9A0,14,ascii,33433C33C3C3DC,si,,
0x3F7F9A2,0x3F7F9B0,14,ascii,C33334B4443CC4,si,,
0x3F7F9B2,0x3F7F9C0,14,ascii,343333333C3333,si,,
0x3F7F9D2,0x3F7F9E0,14,ascii,33C3333C333C33,si,,
0x3F7F9E2,0x3F7F9F0,14,ascii,333344333D3233,si,,
0x3F7FA24,0x3F7FA30,12,ascii,"""""""""""""""!""""""""",si,,
0x3F7FAA2,0x3F7FAB0,14,ascii,"32""""""""""2""232""""",si,,
0x3F7FAE2,0x3F7FAEC,10,ascii,"""""""!""""""""!""",si,,
0x3F7FB96,0x3F7FBA0,10,ascii,"""""""""""""""!""!",si,,
0x3F7FBA5,0x3F7FBB0,11,ascii,"""""""2""""3""2""""",si,,
0x3F7FC34,0x3F7FC3F,11,ascii,2CUTDUEDCD3,si,,
0x3F7FC43,0x3F7FC50,13,ascii,"""""""22333CDDD3",si,,
0x3F7FC62,0x3F7FC70,14,ascii,DTEDDCDEUEUfVV,si,,
0x3F7FC72,0x3F7FC80,14,ascii,ffUE5DUfVVVUUT,si,,
0x3F7FCE2,0x3F7FCF0,14,ascii,"3333DC""!""2""332",si,,
0x3F7FCF2,0x3F7FD00,14,ascii,"""3CTEEDTUTUeff",si,,
0x3F7FD02,0x3F7FD10,14,ascii,UFEDDDUUTTeUUe,si,,
0x3F7FD12,0x3F7FD20,14,ascii,VEdFeVUETeVVVf,si,,
0x3F7FD92,0x3F7FDA0,14,ascii,3344CCDD333333,si,,
0x3F7FDB2,0x3F7FDBC,10,ascii,DCED433D33,si,,
0x3F7FDD2,0x3F7FDE0,14,ascii,e4DDETDTeUDETe,si,,
0x3F7FE32,0x3F7FE3F,13,ascii,"UDD4CDD4324""""",si,,
0x3F80032,0x3F80040,14,ascii,UUUTUEDCC43D43,si,,
0x3F800E2,0x3F800F0,14,ascii,"""3""3333C3C3333",si,,
0x3F80182,0x3F80190,14,ascii,"UD23CD3""33DUTE",si,,
0x3F80192,0x3F801A0,14,ascii,"4""""23DTeVUDUUV",si,,
0x3F80222,0x3F8022D,11,ascii,C44CUF5!2!1,si,,
0x3F832B2,0x3F832BF,13,ascii,!Effe42TV4CBC,si,,
0x3F8D2A0,0x3F8D2C6,38,ascii,"You're quite the little artist, Marc. ",,si,
0x3F8D2D8,0x3F8D312,58,ascii,We should do some drawing\ntogether if you're ever on Home.,,si,
0x3F8D324,0x3F8D366,66,ascii,I like to draw too.  Maybe I can\ndraw something for you\nsometime? ,,si,
0x3F8D378,0x3F8D39A,34,ascii,"I think Marc likes you, Jonathan. ",,si,
0x3F8D3AC,0x3F8D3D6,42,ascii,Normally he doesn't eat with\nstrangers.   ,,si,
0x3F8D400,0x3F8D42E,46,ascii,I wonder why.  It's probably your\ncigarette.  ,,si,
0x3F8D440,0x3F8D44E,14,ascii,My cigarette? ,,si,
0x3F8D460,0x3F8D486,38,ascii,Marc has this thing for cigarettes.   ,,si,
0x3F8D498,0x3F8D4D2,58,ascii,"Yeah, you see people with them\nall the time in old movies.",,si,
0x3F8D4E4,0x3F8D50E,42,ascii,"That's right, I hear you're a movie\nbuff. ",,,
0x3F8D520,0x3F8D53A,26,ascii,He thinks they're cool.   ,,si,
0x3F8D54C,0x3F8D58A,62,ascii,I bet you're the first person he's\nseen with one in real life.,,si,
0x3F8D59C,0x3F8D5B6,26,ascii,"You got good taste, Marc. ",,si,
0x3F939F2,0x3F939FC,10,ascii,22REUteVV6,si,,
0x3F9CC22,0x3F9CC2E,12,ascii,"""44C323DUUgV",si,,
0x3F9EE22,0x3F9EE30,14,ascii,"""""""""""33333D443",si,,
0x3F9EE62,0x3F9EE6D,11,ascii,3TVE5DDCDUE,si,,
0x3F9EF56,0x3F9EF60,10,ascii,"""""33""""""3!""",si,,
0x3F9F022,0x3F9F02C,10,ascii,"""""3""!""!""""!",si,,
0x3FA65C2,0x3FA65D0,14,ascii,D33333333C3333,si,,
0x3FACC42,0x3FACC4D,11,ascii,"4D3D42""""""""""",si,,
0x3FAF1E7,0x3FAF1F1,10,ascii,"334""3CC3D,",si,,
0x3FB6502,0x3FB6510,14,ascii,4DD3332333DD4C,si,,
0x3FB6532,0x3FB6540,14,ascii,DTUefVffVDeU3T,si,,
0x3FC03F2,0x3FC03FC,10,ascii,EDD5DTC4C2,si,,
0x3FD5EE7,0x3FD5EF1,10,ascii,"424DpA3BS,",si,,
0x3FD6324,0x3FD632E,10,ascii,"!R5T3""CeVE",si,,
0x3FDE7C4,0x3FDE7CE,10,ascii, 2!1!!3C1!,,,
0x3FE1F86,0x3FE1F91,11,ascii,"%DD1S24D R,",,,
0x3FEA8F2,0x3FEA900,14,ascii,TDDTDVVUfDDDDE,si,,
0x3FF65D6,0x3FF65E0,10,ascii,"!!!!""""!""!""",si,,
0x4000DE2,0x4000DF0,14,ascii,BUUDDDEDDTUeFS,si,,
0x40028D2,0x40028E0,14,ascii,D4DDTE34CC3D23,si,,
0x40192F4,0x4019300,12,ascii,"23DDDT443""DT",si,,
0x40198A2,0x40198B0,14,ascii,"332""""2CC33""""23",si,,
0x40199A2,0x40199AC,10,ascii,"323334333""",si,,
0x40199B3,0x40199BD,10,ascii,"""""2D3""2""!""",si,,
0x401BEC2,0x401BECC,10,ascii,!C324BDDS2,si,,
0x401C262,0x401C270,14,ascii,ffUTefTDEVUEDC,si,,
0x401C272,0x401C280,14,ascii,"""24D43333""""""""3",si,,
0x401C282,0x401C290,14,ascii,3333C33343333D,si,,
0x401C312,0x401C320,14,ascii,ffE332TVUeFSUE,si,,
0x401C333,0x401C33D,10,ascii,23DUDUEDED,si,,
0x401C592,0x401C5A0,14,ascii,CDDDDDDUVeUDTE,si,,
0x401C5A2,0x401C5B0,14,ascii,"3333D43""33333""",si,,
0x401C5B2,0x401C5C0,14,ascii,EDEUVUVUUffUTD,si,,
0x401C5E4,0x401C5F0,12,ascii,"1T5SDCD3""""23",si,,
0x401C662,0x401C670,14,ascii,"""23DD4DEDDefUD",si,,
0x401C692,0x401C6A0,14,ascii,43333DD4CDDD33,si,,
0x401C6B2,0x401C6C0,14,ascii,C3334343333333,si,,
0x401C6C2,0x401C6D0,14,ascii,VUUUUUUTDdVUD4,si,,
0x401C6D2,0x401C6E0,14,ascii,DTE4CDDDDD4333,si,,
0x401C962,0x401C970,14,ascii,3C333CDCCCD4DE,si,,
0x401C972,0x401C980,14,ascii,DCDDEDE4DTCDED,si,,
0x401C982,0x401C990,14,ascii,DDEEDTEUUUUUDT,si,,
0x401C992,0x401C9A0,14,ascii,UUTTTDDUUfeUUf,si,,
0x401C9A2,0x401C9B0,14,ascii,TETDEEEUUUUUEU,si,,
0x401C9B2,0x401C9C0,14,ascii,UUUUUUUUUUEUUD,si,,
0x401C9C2,0x401C9D0,14,ascii,DETDUTEETeUdeE,si,,
0x401C9D2,0x401C9E0,14,ascii,DUUEDDTDUTTTDD,si,,
0x401C9E2,0x401C9F0,14,ascii,4DDDDDDDDDEECD,si,,
0x401C9F2,0x401CA00,14,ascii,TUETDDDDD3DDDD,si,,
0x401CA02,0x401CA10,14,ascii,DDD543D4DC3C3D,si,,
0x401CA12,0x401CA20,14,ascii,4CDD3D34433D43,si,,
0x401CD04,0x401CD0F,11,ascii,"""""""""""""""""""""""",si,,
0x4021960,0x402196A,10,ascii,"Jonathan, ",si,,
0x402197C,0x40219B6,58,ascii,"for god's sake take that thing out\nyour mouth, will you?  ",,si,
0x40219C8,0x40219FE,54,ascii,"What? This is my style.  Besides,\nit helps me relax.  ",,si,
0x4021A10,0x4021A36,38,ascii,I've never seen anyone smoke\nbefore.  ,,si,
0x4021A48,0x4021A6E,38,ascii,I'm not actually smoking it right\nnow.,,si,
0x4021A80,0x4021AA6,38,ascii,But... you used to be a Policenaut.   ,,si,
0x4021AD0,0x4021B0A,58,ascii,they wouldn't even look at you\nback then if you smoked.   ,,si,
0x4021B1C,0x4021B2A,14,ascii,So why now?   ,,si,
0x4021B3C,0x4021B52,22,ascii,No particular reason. ,,si,
0x4023AC5,0x4023AD0,11,ascii,32CSUeE5UEe,si,,
0x402A267,0x402A271,10,ascii,BD203AO 0%,,,
0x403BAB2,0x403BABC,10,ascii,CCTTD6Ude6,si,,
0x403C352,0x403C35C,10,ascii,"3""D4DTEGV6",si,,
0x4040C02,0x4040C0F,13,ascii,"D""32 C0?NSAV0",,,
0x405EC53,0x405EC5E,11,ascii, C /6l3QA/B,,,
0x405FF22,0x405FF30,14,ascii,"3""33233223C333",si,,
0x405FF42,0x405FF50,14,ascii,6fUUF45CCE4VD4,si,,
0x4060682,0x4060690,14,ascii,DDDDDDDfEfTVEV,si,,
0x4060692,0x40606A0,14,ascii,3333CCCC432CD3,si,,
0x4060882,0x4060890,14,ascii,234433C3343CC4,si,,
0x4060D86,0x4060D90,10,ascii,"2""123CT423",si,,
0x4060D92,0x4060DA0,14,ascii,TDDUUCDEfVVDDU,si,,
0x4060DA2,0x4060DB0,14,ascii,EUUFEeeVET6Ue4,si,,
0x4061462,0x4061470,14,ascii,343432343323C3,si,,
0x40616F2,0x4061700,14,ascii,44334233233C33,si,,
0x4074633,0x407463E,11,ascii,BC/T7DesSfV,si,,
0x407C972,0x407C980,14,ascii,3344433C44444D,si,,
0x407CA22,0x407CA30,14,ascii,"""3334343333333",si,,
0x407E8A0,0x407E8C2,34,ascii,I've still got room for a drink.  ,,si,
0x407E8D4,0x407E8E2,14,ascii,Bottoms up.   ,,si,
0x4080292,0x40802A0,14,ascii,CD4DT4TD3D3DED,si,,
0x40802A2,0x40802B0,14,ascii,DDDECDEDTUUVTD,si,,
0x40802B2,0x40802C0,14,ascii,UUUeVEU4CC3334,si,,
0x40803D2,0x40803E0,14,ascii,"VVF4B3""2""""3""22",si,,
0x408A6D6,0x408A6E0,10,ascii,!23333C33C,si,,
0x408A982,0x408A990,14,ascii,DDDD4DUeEUUUDV,si,,
0x408A992,0x408A9A0,14,ascii,VVTUeUTTUUETDE,si,,
0x408AA82,0x408AA90,14,ascii,DCEDD332DDD4D4,si,,
0x408AAE2,0x408AAF0,14,ascii,3DC3TDSSS223D3,si,,
0x408AB62,0x408AB6C,10,ascii,"22""""""!!!""!",si,,
0x408CB02,0x408CB0E,12,ascii,"""2C3C3CD333""",si,,
0x408E1C6,0x408E1D1,11,ascii,2ARdocS44V',si,,
0x4098070,0x40980A6,54,ascii,(Are you kidding me? This is\nlike... powdered milk.)  ,,si,
0x409C312,0x409C320,14,ascii,"334433""2""""!!""""",si,,
0x409C482,0x409C490,14,ascii,UVVVVfUTdDTVef,si,,
0x409CEC2,0x409CED0,14,ascii,43TDC4D4CDTTDE,si,,
0x409CEE2,0x409CEF0,14,ascii,"4CD3433343""243",si,,
0x409CF82,0x409CF90,14,ascii,"""433DCTDDEED3C",si,,
0x409CF92,0x409CFA0,14,ascii,DDDDUUedUefVfe,si,,
0x409CFA2,0x409CFB0,14,ascii,fffVfVUefVVeVd,si,,
0x409CFB2,0x409CFC0,14,ascii,UffeUUUDUTTVef,si,,
0x409CFD2,0x409CFE0,14,ascii,DUEUEUETTTEEE5,si,,
0x409CFE2,0x409CFF0,14,ascii,DDDETUTEUECC4T,si,,
0x409CFF2,0x409D000,14,ascii,TTTESEEEDEUUUT,si,,
0x409D062,0x409D070,14,ascii,ffTUTEUTFVUUTD,si,,
0x409D0B2,0x409D0C0,14,ascii,3TDTeUUUUEVEVd,si,,
0x409D0C2,0x409D0D0,14,ascii,eUDfefffffdTSd,si,,
0x409D0D2,0x409D0E0,14,ascii,UUUUUVUTEeUECe,si,,
0x409D152,0x409D160,14,ascii,5CDD34C4CUE424,si,,
0x409D162,0x409D170,14,ascii,33DCTeeUETFUUe,si,,
0x409D1C2,0x409D1D0,14,ascii,DEDDETUEUdUUef,si,,
0x409D1D2,0x409D1E0,14,ascii,fUEE52CDD4DSVU,si,,
0x409D1E2,0x409D1F0,14,ascii,"3D3233""""3""233""",si,,
0x409D1F2,0x409D200,14,ascii,"""32""""233333343",si,,
0x409D2A2,0x409D2B0,14,ascii,DTUVTTUUEDVVUe,si,,
0x409D302,0x409D310,14,ascii,333433333333C3,si,,
0x409D352,0x409D360,14,ascii,U4C433TdEEDED5,si,,
0x409D362,0x409D370,14,ascii,UE4dUVVUEUVUTV,si,,
0x409D392,0x409D3A0,14,ascii,23D3DC4D4CTUdD,si,,
0x409D3A2,0x409D3B0,14,ascii,3D423444TUfEdf,si,,
0x409D493,0x409D4A0,13,ascii,"""""222CET2C333",si,,
0x409D4F2,0x409D4FE,12,ascii,"""233EEDDCT53",si,,
0x409D7D2,0x409D7E0,14,ascii,"fVTCD3""DffefU4",si,,
0x40A4773,0x40A4780,13,ascii,"!""""34C""3UfEDd",si,,
0x40A48B2,0x40A48C0,14,ascii,544DT42CC3CD34,si,,
0x40A4A22,0x40A4A30,14,ascii,CC534DT4423DTT,si,,
0x40A4A62,0x40A4A70,14,ascii,DD3333333333C3,si,,
0x40A4A72,0x40A4A80,14,ascii,33433333333323,si,,
0x40A4A82,0x40A4A90,14,ascii,EeUVTUUfEEEEED,si,,
0x40A4B52,0x40A4B60,14,ascii,"2""1""3CDDCDD343",si,,
0x40A4B62,0x40A4B70,14,ascii,C433C43333C4D3,si,,
0x40A4B72,0x40A4B80,14,ascii,DD4CEUE54D3C4C,si,,
0x40A5D42,0x40A5D50,14,ascii,DD43D3UeVDUUDU,si,,
0x40A5D52,0x40A5D60,14,ascii,"C3333333""""""""""""",si,,
0x40A5D72,0x40A5D80,14,ascii,fV434CDTEUEUU4,si,,
0x40A5D82,0x40A5D90,14,ascii,"!""""2""33334""""!!",si,,
0x40A5D92,0x40A5D9F,13,ascii,"""3D33C33""22""!",si,,
0x40A5DA2,0x40A5DB0,14,ascii,"""D4DCdVUUeVVD4",si,,
0x40A5E02,0x40A5E10,14,ascii,TDDE4CUUTeUEEU,si,,
0x40A5E12,0x40A5E20,14,ascii,3233333334CD3C,si,,
0x40A5EB2,0x40A5EC0,14,ascii,"""""""2""!""3UEETUC",si,,
0x40A5F12,0x40A5F20,14,ascii,U5DEUEdUEDTTTe,si,,
0x40AD070,0x40AD0A6,54,ascii,(I take that back.  It's worse than\npowdered milk.)   ,,si,
0x40BE080,0x40BE0B2,50,ascii,The bathroom's right over there if\nyou need it.   ,,si,
0x40CA8C0,0x40CA8DE,30,ascii,I'm already swimming in it.   ,,si,
0x40CA8F0,0x40CA916,38,ascii,I'll get cramps if I drink any more.  ,,si,
0x40E4070,0x40E408A,26,ascii,Let's try some of this.   ,,si,
0x40E8CC2,0x40E8CCD,11,ascii,CDDScADR5eD,si,,
0x40F3122,0x40F312C,10,ascii,"RB""O12""4""""",si,,
0x40F6070,0x40F6096,38,ascii,(Nobody deserves to experience\nthis.) ,,si,
0x410A880,0x410A8A2,34,ascii,Maybe I need more soybeans in it. ,,si,
0x4116890,0x41168BA,42,ascii,I guess I'll start with this fried\npiece. ,,si,
0x4118C97,0x4118CA1,10,ascii,"!1CTTS3""!%",si,,
0x4132870,0x4132886,22,ascii,(The hell is this?)   ,,si,
0x413E890,0x413E8AA,26,ascii,Maybe that piece was off. ,,si,
0x413E8BC,0x413E8D6,26,ascii,Let's try the potatoes.   ,,si,
0x4145A52,0x4145A5D,11,ascii,BBB3QB4R25T,si,,
0x414E635,0x414E63F,10,ascii,!2D3ED53Du,si,,
0x4152080,0x41520A6,38,ascii,It's even worse now that it's cold.   ,,si,
0x4154234,0x4154240,12,ascii,"""23DETET4D3C",si,,
0x4154292,0x41542A0,14,ascii,"""!""""!""3DDD2CCD",si,,
0x4155A46,0x4155A51,11,ascii,"05""CVEDUD4D",si,,
0x415B762,0x415B770,14,ascii,"BD3""""""""DUD332E",si,,
0x415D0D0,0x415D0EE,30,ascii,You actually like this stuff? ,,si,
0x415D100,0x415D10E,14,ascii,What was that?,,si,
0x415D120,0x415D132,18,ascii,"Oh, uhh... uhh... ",,,
0x415D144,0x415D16E,42,ascii,"I said, ""You really like oden, don't\nyou?""",,si,
0x415F1F2,0x415F200,14,ascii,22C33DDED4343B,si,,
0x415F215,0x415F220,11,ascii,34CBD43322C,si,,
0x4164DD4,0x4164DE1,13,ascii,"NC/C%CR3""30DH",si,,
0x416B9D2,0x416B9E0,14,ascii,CBDddU5DDTEe3U,si,,
0x416CE32,0x416CE40,14,ascii,ffVfUDTTDUDDDC,si,,
0x416CE42,0x416CE50,14,ascii,BBCTECD3CC3CEC,si,,
0x416CE62,0x416CE70,14,ascii,DCERFDDESDTTVU,si,,
0x416D532,0x416D53F,13,ascii,"T44CDDC4C32""""",si,,
0x4174B62,0x4174B70,14,ascii,UdUCSCDUCD&EDS,si,,
0x4174B72,0x4174B80,14,ascii,C2CBCCTDD3UD4D,si,,
0x4174D02,0x4174D10,14,ascii,U43BDDC43B2232,si,,
0x4176112,0x4176120,14,ascii,43333333B33233,si,,
0x41761A2,0x41761B0,14,ascii,DDCUDTVU4CTUeE,si,,
0x41768E2,0x41768F0,14,ascii,VEFTD6SfFeUDeT,si,,
0x41768F2,0x4176900,14,ascii,VUUddUdFVUfVVD,si,,
0x4176912,0x4176920,14,ascii,dUDEUTTUDEDfUE,si,,
0x4176FE2,0x4176FF0,14,ascii,UUDS4DTDVET4E4,si,,
0x4176FF2,0x4177000,14,ascii,CD4eeERTC4FUVT,si,,
0x4177042,0x4177050,14,ascii,"3CC3333333""2""""",si,,
0x4177052,0x4177060,14,ascii,VDTDCDTD4ECD3D,si,,
0x4177072,0x4177080,14,ascii,4CCCUCC3CDCS22,si,,
0x4177092,0x41770A0,14,ascii,"!""""""""23""233""34",si,,
0x41770A2,0x41770B0,14,ascii,C4333333332333,si,,
0x41770E2,0x41770F0,14,ascii,TdffeUFUSSTede,si,,
0x4177342,0x417734C,10,ascii,"""3AFe65463",si,,
0x4189080,0x4189096,22,ascii,This one looks good.  ,,si,
0x418B1F4,0x418B200,12,ascii,"1BC""2334TS44",si,,
0x419C870,0x419C882,18,ascii,(This is tempura?),,si,
0x419EB82,0x419EB90,14,ascii,"3DC2CUfUU4""BD""",si,,
0x41A3870,0x41A3886,22,ascii,I'll try another bit. ,,,
0x41AACB2,0x41AACBC,10,ascii,3DD3BDeVff,si,,
0x41AF8B0,0x41AF8D6,38,ascii,"You really like tempura, don't\nyou?   ",,si,
0x41AF8E8,0x41AF902,26,ascii,It's better when it's hot.,,si,
0x41B1446,0x41B1450,10,ascii,"""2CD""33CDD",si,,
0x41B1452,0x41B1460,14,ascii,3DDC4333C2CC33,si,,
0x41B1466,0x41B1470,10,ascii,1C3DS44C32,si,,
0x41B77D5,0x41B77E1,12,ascii,"2""3/t!P5551!",si,,
0x41C1AB4,0x41C1AC0,12,ascii," AD""4!UVUETD",si,,
0x41C3870,0x41C389E,46,ascii,(Still not as bad as I thought it\nwould be.)  ,,si,
0x41C5A74,0x41C5A80,12,ascii, !3D4DUEE4TD,si,,
0x41D6870,0x41D688E,30,ascii,Let's see what this is like.  ,,si,
0x41D8912,0x41D8920,14,ascii,"3""32!""""3434CD3",si,,
0x41DB7F2,0x41DB7FC,10,ascii,"UV""""3DUD""C",si,,
0x41DB8A2,0x41DB8B0,14,ascii,V43eV3TUDefVUD,si,,
0x41DB8C2,0x41DB8D0,14,ascii,EUV4CC4TUU4333,si,,
0x41DCDD5,0x41DCDE0,11,ascii,PUTEEDDUefV,si,,
0x41E4870,0x41E487E,14,ascii,(Good god!)   ,,,
0x41EAB42,0x41EAB4D,11,ascii,"3433""22423""",si,,
0x41ECAC2,0x41ECACC,10,ascii,!235USeUET,si,,
0x41EF880,0x41EF89E,30,ascii,Maybe it's an acquired taste. ,,si,
0x41F1A12,0x41F1A20,14,ascii,3D44CTEDDEDDEE,si,,
0x41F1A22,0x41F1A30,14,ascii,4TeVUDDEUTDDUf,si,,
0x41F1A32,0x41F1A40,14,ascii,3333333333C443,si,,
0x41F1A42,0x41F1A50,14,ascii,CCD333C4DDDD34,si,,
0x41F1A72,0x41F1A80,14,ascii,3333333433CCC3,si,,
0x41F8545,0x41F854F,10,ascii,%32B4TC35D,si,,
0x41FF080,0x41FF09A,26,ascii,"Caviar, huh? What a treat.",,si,
0x4211870,0x421188A,26,ascii,(You call this caviar?)   ,,si,
0x421F080,0x421F09A,26,ascii,I'll try another spoonful.,,,
0x422B890,0x422B89A,10,ascii,"Hey, hey! ",,,
0x422B8AC,0x422B8DA,46,ascii,Caviar's expensive here too.  Go\neasy on it.  ,,si,
0x42324F2,0x4232500,14,ascii,"2ED4DSEC3!""C12",si,,
0x4232726,0x4232731,11,ascii,"2T44EFCEDU,",si,,
0x4232A12,0x4232A20,14,ascii,FeDVcTCC46DDC4,si,,
0x423DE92,0x423DEA0,14,ascii,4CCCDDCC3C3344,si,,
0x423DEA2,0x423DEB0,14,ascii,fUeUUVUUEEFEUU,si,,
0x423DEB2,0x423DEC0,14,ascii,UTUUDDT54TE4CD,si,,
0x423F870,0x423F882,18,ascii,This looks nice.  ,,si,
0x424B870,0x424B886,22,ascii,(This is disgusting!) ,,si,
0x42553F2,0x42553FC,10,ascii,"""22CCbaBTC",si,,
0x425A080,0x425A0A2,34,ascii,Maybe the dressing's spoiling it. ,,si,
0x4267880,0x42678A2,34,ascii,"You can't live on salad, you know.",,si,
0x426BCE2,0x426BCEF,13,ascii,QCbbcCcgVC%GE,si,,
0x42738F0,0x4273912,34,ascii,"Watch out, it could still be hot. ",,si,
0x4273924,0x4273946,34,ascii,Careful you don't burn your\nmouth.,,si,
0x4273958,0x427397E,38,ascii,I don't know if you'll enjoy it now.  ,,si,
0x42874E4,0x42874F0,12,ascii,"!""23DCTD544D",si,,
0x42874F2,0x4287500,14,ascii,EUUEEDTUCDTDTT,si,,
0x4287502,0x4287510,14,ascii,DDCTEUEEfeVTET,si,,
0x4287512,0x4287520,14,ascii,TUDTVfeEED4EDE,si,,
0x4287532,0x4287540,14,ascii,33DDEEUUUE4CDD,si,,
0x4287693,0x42876A0,13,ascii,"UFFDfVSD""3""4V",si,,
0x4287CE2,0x4287CEC,10,ascii,"1R/2T!""ED0",si,,
0x4287D82,0x4287D8D,11,ascii, NR5DCddcd2,si,,
0x428DCA5,0x428DCB0,11,ascii,!TUU3D3c54F,si,,
0x428E272,0x428E27D,11,ascii,"""2S3TUTUe4!",si,,
0x42940B0,0x42940CE,30,ascii,Too bad it's a little cold.   ,,,
0x42940E0,0x4294102,34,ascii,It tastes better when it's hot.   ,,si,
0x42A3BE2,0x42A3BED,11,ascii,"6T4W""TbA0?2",si,,
0x42A58C0,0x42A58E6,38,ascii,You guys took too long to get\nhere!   ,,si,
0x42A58F8,0x42A592A,50,ascii,See? This is what happens when\nyou let things sit!,,si,
0x42BDBB2,0x42BDBC0,14,ascii,eUEUeFeVfefVUE,si,,
0x42BF8C0,0x42BF8DA,26,ascii,You should try the rest.  ,,si,
0x42BF8EC,0x42BF902,22,ascii,There's plenty more.  ,,si,
0x42BF914,0x42BF932,30,ascii,"It's all delicious, I promise.",,si,
0x42C15B3,0x42C15BE,11,ascii,"!""!25TUVU53",si,,
0x42D58C2,0x42D58D0,14,ascii,UDEfffUeeUUDUU,si,,
0x42D58E2,0x42D58F0,14,ascii,VFfDDS3DT433TC,si,,
0x42D7130,0x42D714A,26,ascii,(Let's see how this goes.),,si,
0x42D715C,0x42D717A,30,ascii,(Let's give it another shot.) ,,si,
0x42D718C,0x42D71B2,38,ascii,(It's too early to write it off yet.) ,,si,
0x42D71C4,0x42D71E2,30,ascii,(This is absolutely terrible.),,si,
0x42D71F4,0x42D720E,26,ascii,(The fear is reinforced.) ,,si,
0x42D7220,0x42D724A,42,ascii,"(Unfortunately, I wasn't\nhallucinating.)  ",,,
0x42DD012,0x42DD020,14,ascii,3332323333C3BD,si,,
0x42DD022,0x42DD030,14,ascii,344D3CSeE43Df5,si,,
0x42DD032,0x42DD040,14,ascii,3C3TD334UTUUFD,si,,
0x42DD052,0x42DD060,14,ascii,"""""2""""""2!23332""",si,,
0x42DF887,0x42DF891,10,ascii,"eD""ST3RU46",si,,
0x42E2EE4,0x42E2EEF,11,ascii,"""""3C233DUUD",si,,
0x42E3302,0x42E330C,10,ascii,3!2DE5C2!!,si,,
0x42E3B52,0x42E3B5D,11,ascii,",2 5EER/O3P",,,
0x4302502,0x4302510,14,ascii,C45TC3DDB23433,si,,
0x4302512,0x4302520,14,ascii,"3B2""%D2134CCC2",si,,
0x4304FD6,0x4304FE0,10,ascii,"!23""232234",si,,
0x431D8D0,0x431D8F2,34,ascii,"You've got a wonderful family, Ed.",,,
0x431D904,0x431D93E,58,ascii,They're what keeps me going.  I\nonly wish Marc would....  ,,si,
0x431D950,0x431D97E,46,ascii,He will.  Time will take care of\neverything.  ,,si,
0x431D990,0x431D99E,14,ascii,We can hope.  ,,si,
0x4339E93,0x4339EA1,14,ascii,"""""2!Q!4N32""!2+",si,,
0x433BE77,0x433BE81,10,ascii,""" !1!20!0&",,,
0x4346822,0x434682E,12,ascii,"ETDBE5243""!""",si,,
0x4346876,0x4346880,10,ascii,"""""""2""4C333",si,,
0x4346882,0x4346890,14,ascii,"333""""333433333",si,,
0x4346F52,0x4346F60,14,ascii,TfTeETD3TD3EEf,si,,
0x434D0E0,0x434D0FA,26,ascii,So what's our next move?  ,,si,
0x434D10C,0x434D132,38,ascii,We watch and wait for their next\nmove.,,si,
0x434D144,0x434D162,30,ascii,Exactly what I can't stand.   ,,si,
0x434D174,0x434D1A2,46,ascii,You ain't got a choice.  You're not\nin OLA.   ,,si,
0x4356EE2,0x4356EF0,14,ascii,VUUUdVdTUUeUFD,si,,
0x43588C2,0x43588D0,14,ascii,TEecEdD4DD2D5D,si,,
0x4358912,0x4358920,14,ascii,5CUTFC4DCDD3DD,si,,
0x4359792,0x43597A0,14,ascii,"""""23cD4%E5DD5D",si,,
0x43597C2,0x43597D0,14,ascii,TCDD35SUUTTEDU,si,,
0x43597E2,0x43597F0,14,ascii,Te5U5FUFUFSUUf,si,,
0x43597F2,0x4359800,14,ascii,"C3C2333C3333""3",si,,
0x4365453,0x4365460,13,ascii,2BSU&SUV6%dfe,si,,
0x4365A32,0x4365A40,14,ascii,eUcD6U6TT5edDD,si,,
0x4365AD6,0x4365AE0,10,ascii,"3D""23""!1RD",si,,
0x4365AF2,0x4365B00,14,ascii,U5U4eFC5UT5U5f,si,,
0x4365B42,0x4365B50,14,ascii,FD4D5UTSE5FBcT,si,,
0x4366012,0x436601D,11,ascii,1 0 !!1 A!0,,,
0x4366E43,0x4366E50,13,ascii,3E4C4cRFTCced,si,,
0x436F624,0x436F62F,11,ascii,"!!""323DD35D",si,,
0x4371B06,0x4371B11,11,ascii,"""B""""1""""??2+",si,,
0x437D160,0x437D17A,26,ascii,"Have some more, Jonathan. ",,si,
0x437D18C,0x437D1AA,30,ascii,I'm sorry it's a little cold. ,,,
0x437D1BC,0x437D1D2,22,ascii,Before it gets cold.  ,,si,
0x437D1E4,0x437D1F2,14,ascii,"Yeah, eat up. ",,si,
0x437D204,0x437D222,30,ascii,You're still a growing boy.   ,,,
0x4385AE5,0x4385AF0,11,ascii,!D!3fCeD3E2,si,,
0x4385B12,0x4385B1D,11,ascii,VUEBUD3D2D2,si,,
0x4385C62,0x4385C6C,10,ascii,VVCD3DFD6C,si,,
0x4385D62,0x4385D70,14,ascii,DDDC3TD454TDDC,si,,
0x4385DA2,0x4385DB0,14,ascii,3C33C3DEDTDDDD,si,,
0x4385DB2,0x4385DC0,14,ascii,TEDDDDEUC3EDET,si,,
0x4385DC2,0x4385DD0,14,ascii,eUfUUUETEDTDef,si,,
0x4385DD2,0x4385DE0,14,ascii,feVeUEUUVUEDUU,si,,
0x4385DE2,0x4385DF0,14,ascii,eUVUVUeUUeDTee,si,,
0x4385DF2,0x4385E00,14,ascii,VETUUUDdUUUEUU,si,,
0x4385E02,0x4385E10,14,ascii,UUdVTUUUUUUETE,si,,
0x4385E12,0x4385E20,14,ascii,TTDDEDUDeDDCD4,si,,
0x438B423,0x438B42F,12,ascii,1O!AB3D4A4aQ,si,,
0x438B484,0x438B48F,11,ascii,"O!23S22""AAS",si,,
0x4391D12,0x4391D20,14,ascii,CCB4DU4U4233BD,si,,
0x4391D22,0x4391D30,14,ascii,"D243""EUE3CUEDD",si,,
0x4391DC2,0x4391DD0,14,ascii,UUVUVeUVUfUETU,si,,
0x4391DD2,0x4391DE0,14,ascii,"DeEDCT43D3CC3""",si,,
0x43968F3,0x43968FE,11,ascii,05 T5133GEU,,,
0x4399007,0x4399011,10,ascii,B3f31RCCT8,si,,
0x43A8880,0x43A8892,18,ascii,Brown residence.  ,,,
0x43A88A4,0x43A88AE,10,ascii,I'm sorry?,,,
0x43A88C0,0x43A88DA,26,ascii,May I ask who's calling?  ,,,
0x43A88EC,0x43A88FE,18,ascii,Yes....  Uh-huh.  ,,si,
0x43A8910,0x43A8932,34,ascii,"Yes, that's right.  Just a minute.",,si,
0x43A8944,0x43A8956,18,ascii,Dad! It's for you!,,si,
0x43A8968,0x43A8982,26,ascii,It's a voice-only call.   ,,si,
0x43A8994,0x43A89B6,34,ascii,He says it's about the capsules.  ,,si,
0x43A89C8,0x43A89D6,14,ascii,The capsules?!,,si,
0x43ABDD4,0x43ABDE0,12,ascii,CD3TTUESDSfe,si,,
0x43ABE72,0x43ABE7E,12,ascii,"!""""""""22C3C3""",si,,
0x43AC112,0x43AC11E,12,ascii,"""""232B333""""!",si,,
0x43B1512,0x43B151C,10,ascii,"!%1""!2!2!2",si,,
0x43B5163,0x43B516D,10,ascii,U4bE 6A5SF,,si,
0x43B8072,0x43B807E,12,ascii,EAC2&0DQBTAF,si,,
0x43C6006,0x43C6010,10,ascii,1BTT63TDT2,si,,
0x43CB805,0x43CB810,11,ascii,"3D2""""S5BECF",si,,
0x43D3EC3,0x43D3ECE,11,ascii,W1SDBFBE4SE,si,,
0x43D6F92,0x43D6FA0,14,ascii,DB2U43CeVUfE3T,si,,
0x43D7762,0x43D7771,15,ascii,"2TDDSFSF23!UDD,",si,,
0x43D7F32,0x43D7F3D,11,ascii,"DD3C43""2""""""",si,,
0x43D90F2,0x43D9100,14,ascii,"4SEDC24D""1C!TD",si,,
0x43D9985,0x43D9990,11,ascii,!!dDVffVUee,si,,
0x43DA863,0x43DA86E,11,ascii,"!2C3""343""""""",si,,
0x43DA8D2,0x43DA8E0,14,ascii,edVffUUTTfUUfe,si,,
0x43E61A7,0x43E61B1,10,ascii,"5 1%51B2"",",,,
0x43E6434,0x43E643E,10,ascii, TU42C4!! ,,,
0x43EE654,0x43EE661,13,ascii,"""3""TA&afRdVD)",si,,
0x43EFCD3,0x43EFCDE,11,ascii,"0""43S56UE64",si,,
0x43FB585,0x43FB591,12,ascii,R3D44443DFUL,si,,
0x43FB992,0x43FB99C,10,ascii,UCEDD42 3/,,,
0x43FC1B2,0x43FC1BC,10,ascii,"0""1./"" 1 !",,,
0x44008B0,0x44008C2,18,ascii,This is Ed Brown. ,,si,
0x44008D4,0x44008E2,14,ascii,Who is this?  ,,si,
0x44008F4,0x4400926,50,ascii,What does it matter? I have\ninformation for you.  ,,si,
0x4400938,0x440094A,18,ascii,Listen carefully. ,,,
0x440095C,0x440096E,18,ascii,Meet me at AMM.   ,,si,
0x4400980,0x44009A2,34,ascii,And bring that detective with you.,,si,
0x44009B4,0x44009DE,42,ascii,"You're looking for Kenzo Hojo, am\nI right?",,si,
0x44009F0,0x4400A06,22,ascii,How do you know that? ,,si,
0x4400A18,0x4400A4E,54,ascii,What difference does it make!\nAre you coming or not?  ,,si,
0x4400A60,0x4400A76,22,ascii,"Yeah, we'll be there. ",,si,
0x4400A88,0x4400AA6,30,ascii,I promise it'll be worth it.  ,,si,
0x4400AB8,0x4400AD6,30,ascii,I'll be waiting at Pioneer.   ,,si,
0x4400AE8,0x4400AF2,10,ascii,Pioneer?  ,,,
0x4400B04,0x4400B26,34,ascii,You'll know when you get there.   ,,si,
0x4400B38,0x4400B56,30,ascii,"You can call me ""Nine Stars"". ",,si,
0x4400B68,0x4400B82,26,ascii,"See you soon, Policenauts.",,si,
0x44468F7,0x4446901,10,ascii,343URc2?T(,si,,
0x4453F72,0x4453F80,14,ascii,"""""3342""32!""332",si,,
0x4457873,0x4457880,13,ascii,"!""""33433""233""",si,,
0x4458742,0x445874D,11,ascii,"CDf4CCeC4""""",si,,
0x4458894,0x445889E,10,ascii,"""!Q2T""2""  ",,,
0x4459033,0x445903E,11,ascii,!DDCdUDC43!,si,,
0x44745A3,0x44745B1,14,ascii,"!C%SE2R5""2TUf,",si,,
0x448F686,0x448F691,11,ascii,!BEACTDC23I,si,,
0x448FB85,0x448FB8F,10,ascii,N!SrecG47C,si,,
0x448FBF6,0x448FC01,11,ascii,1AABCEE45B),si,,
0x448FC15,0x448FC1F,10,ascii,CRRVDEUA3?,si,,
0x448FEA7,0x448FEB1,10,ascii,"""4BS4DD""4I",si,,
0x4490517,0x4490521,10,ascii,BC3TDS3Q!I,si,,
0x4490534,0x449053E,10,ascii, !5Ttc7fT4,,,
0x44905C4,0x44905CE,10,ascii,2CU&dsD4%B,si,,
0x4490732,0x449073C,10,ascii,"01BSSCD34""",si,,
0x4490DA7,0x4490DB1,10,ascii,  23C4454I,,,
0x4490F56,0x4490F61,11,ascii,!ACB5T4DBAI,si,,
0x44910E2,0x44910EC,10,ascii,2R3D5c3D0 ,,,
0x4491174,0x449117F,11,ascii,"""CQRDC%B2""!",si,,
0x44915E7,0x44915F1,10,ascii,"""""3C3SCB3I",si,,
0x4491656,0x4491661,11,ascii,!224ESCCC1),si,,
0x4491C57,0x4491C61,10,ascii," ""2DC4d14I",,,
0x4491E92,0x4491E9D,11,ascii, /3FvdgfVeD,si,,
0x44921B2,0x44921BC,10,ascii,"2CC5TR3C""""",si,,
0x4492277,0x4492281,10,ascii,"""3QC%Sb1!J",si,,
0x4492494,0x44924A1,13,ascii," ""B3UGfeTTB!J",si,,
0x4492694,0x449269F,11,ascii,"2""3DSTTES3 ",si,,
0x4492F22,0x4492F2C,10,ascii,"!B3CD5553""",si,,
0x44936B7,0x44936C1,10,ascii,"""12BDCDR1I",si,,
0x44936D7,0x44936E1,10,ascii,"1""5355C42I",si,,
0x4493B12,0x4493B1C,10,ascii,22C%D44B2!,si,,
0x4493D67,0x4493D71,10,ascii,"""2B3DQ43""I",si,,
0x4494067,0x4494071,10,ascii,2 CB2C2A!I,,,
0x44941C4,0x44941CF,11,ascii,6SeEdUR%4!!,si,,
0x4494332,0x449433C,10,ascii,"344UBS22""!",si,,
0x4496CB0,0x4496CCE,30,ascii,"Something's moving now, boy!  ",,,
0x4496CE0,0x4496CF6,22,ascii,We got an informant!  ,,si,
0x4496D08,0x4496D2A,34,ascii,I figured we might.  So? Where\nto?,,si,
0x4496D3C,0x4496D62,38,ascii,"AMM, the Astronauts Memorial\nMuseum.  ",,si,
0x4496D74,0x4496D92,30,ascii,AMM? That's where Anna\nworked.,,si,
0x4496DA4,0x4496DBA,22,ascii,"Alright, let's move.  ",,,
0x4496DCC,0x4496DE6,26,ascii,Wait! Finish eating first!,,,
0x4496DF8,0x4496E16,30,ascii,You have to leave right now?  ,,si,
0x4496E28,0x4496E42,26,ascii,It doesn't look too cold. ,,si,
0x4496E54,0x4496E76,34,ascii,"Thanks, Anna.  That was delicious.",,si,
0x4496E88,0x4496EA2,26,ascii,The tempura in particular.,,si,
0x4496EB4,0x4496ECE,26,ascii,The stew in particular.   ,,si,
0x4496EE0,0x4496EFA,26,ascii,The milk in particular.   ,,si,
0x4496F0C,0x4496F26,26,ascii,The salad in particular.  ,,si,
0x4496F38,0x4496F5E,38,ascii,The uno... what's-it in particular.   ,,si,
0x4496F70,0x4496F8A,26,ascii,The caviar in particular. ,,si,
0x4496F9C,0x4496FB6,26,ascii,The oden in particular.   ,,si,
0x4496FC8,0x4496FD6,14,ascii,But Jonathan! ,,si,
0x4496FE8,0x4497002,26,ascii,Stick it in the fridge!   ,,si,
0x4497014,0x4497026,18,ascii,"Fine, be that way!",,si,
0x4497038,0x4497066,46,ascii,"I'm looking forward to more\npictures, Marc.   ",,si,
0x4497078,0x4497082,10,ascii,Let's go. ,si,,
0x44A5014,0x44A501E,10,ascii,1?  1.0  !,,,
0x44A5652,0x44A5660,14,ascii,C3433333C3C333,si,,
0x44A5662,0x44A5670,14,ascii,fefFTDT5VDDDED,si,,
0x44A5672,0x44A5680,14,ascii,E4CCDDD44CD4CD,si,,
0x44A56C2,0x44A56D0,14,ascii,TUFTUEdU4EDEEe,si,,
0x44A58A2,0x44A58B0,14,ascii,33D33334333334,si,,
0x44A5962,0x44A5970,14,ascii,FVeTUEETeedUUe,si,,
0x44A5A42,0x44A5A50,14,ascii,UUEUDD4DCD5423,si,,
0x44A5A52,0x44A5A60,14,ascii,T3UEEDC3DDDUEE,si,,
0x44A5A82,0x44A5A90,14,ascii,TEUUEDDDC55TED,si,,
0x44A6922,0x44A6930,14,ascii,4D33333CC34343,si,,
0x44A7E57,0x44A7E61,10,ascii,"3""2SECC!2,",si,,
0x44AEFD2,0x44AEFDF,13,ascii,"3CD432334333""",si,,
0x44AF085,0x44AF090,11,ascii,"1B4234""232""",si,,
0x44B03F2,0x44B0400,14,ascii,eeVUeUfUeEUeEf,si,,
0x44B0BA2,0x44B0BB0,14,ascii,dDDC454C343D43,si,,
0x44B0BB2,0x44B0BC0,14,ascii,DD5444S443CCDE,si,,
0x44B0BC2,0x44B0BD0,14,ascii,DeU5EDDCDD4EUD,si,,
0x44B0BF2,0x44B0C00,14,ascii,333333334D4CCD,si,,
0x44B1952,0x44B1960,14,ascii,UTUeeUEETDSD3D,si,,
0x44B19A2,0x44B19B0,14,ascii,223TCDTUEDFDFU,si,,
0x44B19C2,0x44B19D0,14,ascii,UeVFUUUEDDCB3D,si,,
0x44B19D2,0x44B19E0,14,ascii,VDddEeFeDDDDDC,si,,
0x44B19E2,0x44B19F0,14,ascii,ETTUVdCeUffETT,si,,
0x44B19F2,0x44B1A00,14,ascii,332233343C3433,si,,
0x44B1A62,0x44B1A70,14,ascii,3C34343B333333,si,,
0x44B1A72,0x44B1A80,14,ascii,VE5DUUFdTUVUEU,si,,
0x44B1A82,0x44B1A90,14,ascii,3333C334DC334C,si,,
0x44B2192,0x44B21A0,14,ascii,E4ETTE4CeDEUUV,si,,
0x44B4072,0x44B407D,11,ascii,DddVfUUF7U ,si,,
0x44B6002,0x44B6010,14,ascii,DT6&3e4443BSTV,si,,
0x44BC1D2,0x44BC1E0,14,ascii,"""""2""232334332""",si,,
0x44BE135,0x44BE140,11,ascii,"""DDTFEC3323",si,,
0x44BF474,0x44BF47E,10,ascii,!!3DC%EU5E,si,,
0x44BFE74,0x44BFE7E,10,ascii,2B2!53CC&C,si,,
0x44C4372,0x44C437F,13,ascii,"!!!!2""2B3C4E4",si,,
0x44C4912,0x44C491C,10,ascii,CCC34DC4S2,si,,
0x44C8922,0x44C8930,14,ascii,3C333333333333,si,,
0x44C8932,0x44C8940,14,ascii,FUUfUUDTUEDEDE,si,,
0x44C8942,0x44C8950,14,ascii,EDUDD344CDD4C4,si,,
0x44C8962,0x44C8970,14,ascii,D3C33233333C33,si,,
0x44C8972,0x44C8980,14,ascii,33C43C4D3D433D,si,,
0x44CC0E2,0x44CC0ED,11,ascii,33RC44TSCdD,si,,
0x44DDD92,0x44DDDA0,14,ascii,"54DdUU5433D33""",si,,
0x44DDEF2,0x44DDF01,15,ascii,"UCB2""434DT3DDT,",si,,
0x44E2C22,0x44E2C31,15,ascii,"""cU4""CUVeffVeU,",si,,
0x44E2CD4,0x44E2CE0,12,ascii,"!2CDD3""33TUT",si,,
0x44E2CE2,0x44E2CF0,14,ascii,UDTTEDDDTeUUE3,si,,
0x44E2DA2,0x44E2DB0,14,ascii,fDDDTDDC4CTUff,si,,
0x44E2DB2,0x44E2DC1,15,ascii,"E4TUVEDC4CDUE4,",si,,
0x44E6715,0x44E6720,11,ascii,"!13CETe4""2C",si,,
0x44E6812,0x44E681C,10,ascii,"UeE3""DUf4D",si,,
0x44E6903,0x44E690F,12,ascii,"""243CETUECC3",si,,
0x44E6C22,0x44E6C30,14,ascii,DUVfeVDCUD4CTU,si,,
0x44E6C52,0x44E6C60,14,ascii,"3434333322""233",si,,
0x44E9D02,0x44E9D10,14,ascii,33232DDCC4DDDD,si,,
0x44E9D12,0x44E9D20,14,ascii,DDDDDETEEDCCDD,si,,
0x44E9D22,0x44E9D30,14,ascii,DDETETTDDTEUUD,si,,
0x44E9D32,0x44E9D40,14,ascii,DTDTTUUUEEUUTT,si,,
0x44E9D42,0x44E9D50,14,ascii,DDUEUUUDTDUTED,si,,
0x44E9D52,0x44E9D60,14,ascii,TEDUTUEUUVUEET,si,,
0x44E9D62,0x44E9D70,14,ascii,DDEDETTUUEUDTT,si,,
0x44E9D72,0x44E9D80,14,ascii,EDDTEDEDCTDTDD,si,,
0x44E9D82,0x44E9D90,14,ascii,DDDUDD4DETTD4D,si,,
0x44E9D92,0x44E9DA0,14,ascii,DTEEDDD5TC3DC4,si,,
0x44E9DA2,0x44E9DB0,14,ascii,TDEDEUEUVETDUT,si,,
0x44E9DB2,0x44E9DC0,14,ascii,UEEUUVUUEUUUTE,si,,
0x44E9DC2,0x44E9DD0,14,ascii,TDDDUUUUUTTeeU,si,,
0x44E9DD2,0x44E9DE0,14,ascii,UUeeUVUUUVUeee,si,,
0x44E9DE2,0x44E9DF0,14,ascii,34333333333333,si,,
0x44E9DF2,0x44E9E00,14,ascii,3CCC4333DD3333,si,,
0x44E9E02,0x44E9E10,14,ascii,3D4CD344CDDDD3,si,,
0x44E9E82,0x44E9E90,14,ascii,DDD4CDD3CD44D4,si,,
0x44E9E92,0x44E9EA0,14,ascii,ffffffffVUVUef,si,,
0x44E9EA2,0x44E9EB0,14,ascii,334C3333333333,si,,
0x44E9EB2,0x44E9EC0,14,ascii,33333C343CC3CC,si,,
0x44E9F82,0x44E9F90,14,ascii,43CC43CC33CCC3,si,,
0x44E9F92,0x44E9FA0,14,ascii,DC3334333C3333,si,,
0x44E9FA2,0x44E9FB0,14,ascii,33333C333DCDCD,si,,
0x44EA152,0x44EA160,14,ascii,D4C4CC34333333,si,,
0x44EA162,0x44EA170,14,ascii,fVffUUfTfVUeUe,si,,
0x44EA172,0x44EA180,14,ascii,UeUUfUUeUeUVVU,si,,
0x44EA182,0x44EA190,14,ascii,VVVfUVUVVUVeUV,si,,
0x44EA192,0x44EA1A0,14,ascii,UUUeUUDTTUDDDD,si,,
0x44EA1A2,0x44EA1B0,14,ascii,DD4DDDCDCDCD44,si,,
0x44EA1B2,0x44EA1C0,14,ascii,DDDSDT4DC44DDD,si,,
0x44EA1C2,0x44EA1D0,14,ascii,DD44D44C4DD4DD,si,,
0x44EA1D2,0x44EA1E0,14,ascii,DDDCDC433343DD,si,,
0x44EA1E2,0x44EA1F0,14,ascii,DDDED4DCDD4D4C,si,,
0x44EA1F2,0x44EA200,14,ascii,C4DDDUUTEEDDD4,si,,
0x44EA202,0x44EA210,14,ascii,DEEDDDDD4D4D4D,si,,
0x44EA212,0x44EA220,14,ascii,DDDDDD44DDDCCC,si,,
0x44EA222,0x44EA230,14,ascii,CCDDD4443C4CD3,si,,
0x44EA432,0x44EA440,14,ascii,33CC4DDDE433D4,si,,
0x44EA442,0x44EA450,14,ascii,4DCDDTDTDDTDD4,si,,
0x44EA452,0x44EA460,14,ascii,444CCCD444D434,si,,
0x44EA462,0x44EA470,14,ascii,CSD44434CDCTDS,si,,
0x44EA472,0x44EA480,14,ascii,TUTDS4DD4D4D33,si,,
0x44EA482,0x44EA490,14,ascii,443C3D43DDCCDC,si,,
0x44EA492,0x44EA4A0,14,ascii,34C3DD4DCT34DD,si,,
0x44EA4A2,0x44EA4B0,14,ascii,4CD44D4DDDCDC3,si,,
0x44EA4B2,0x44EA4C0,14,ascii,4DD3444DDDDDC4,si,,
0x44EA4C2,0x44EA4D0,14,ascii,4DDDCCE3DD4DDD,si,,
0x44EA4D2,0x44EA4E0,14,ascii,DDEDEDEDDEUDED,si,,
0x44EA4E2,0x44EA4F0,14,ascii,DDEUDTUUUUUUUD,si,,
0x44EA4F2,0x44EA500,14,ascii,UUUeeUVUEUVVUT,si,,
0x44EA512,0x44EA520,14,ascii,VfffeefefefffV,si,,
0x44EA522,0x44EA530,14,ascii,eeUVeeUVeeEUdU,si,,
0x44EA532,0x44EA540,14,ascii,fUUUUUUTUUUEDU,si,,
0x44EA542,0x44EA550,14,ascii,UETTEU4CC34D4D,si,,
0x44EA552,0x44EA560,14,ascii,EDCD4D4DDD34C3,si,,
0x44EA5B2,0x44EA5C0,14,ascii,4D4CDD44CC3D43,si,,
0x44EA5C2,0x44EA5D0,14,ascii,DCD33CC344DC4D,si,,
0x44EA5D2,0x44EA5E0,14,ascii,D4TDDDUDEDDDDD,si,,
0x44EA5E2,0x44EA5F0,14,ascii,DDDCDEDETEUUTU,si,,
0x44EA5F2,0x44EA600,14,ascii,ETDTETTETTEEDD,si,,
0x44EA602,0x44EA610,14,ascii,TEDTTEEDTDDUUE,si,,
0x44EA612,0x44EA620,14,ascii,EEETTU4DC4DEDC,si,,
0x44EA622,0x44EA630,14,ascii,DDDDTDDDDCCSD4,si,,
0x44EA632,0x44EA640,14,ascii,DD3CDDEDDDDD33,si,,
0x44EA662,0x44EA670,14,ascii,24323333DC4CC3,si,,
0x44EA692,0x44EA6A0,14,ascii,"""""22243C3343DC",si,,
0x44EA6A2,0x44EA6B0,14,ascii,33C43BC4DDD343,si,,
0x44EA6B2,0x44EA6C0,14,ascii,33433334343D4D,si,,
0x44EA6D2,0x44EA6E0,14,ascii,DDCDCC43CDC3C4,si,,
0x44EA6E2,0x44EA6F0,14,ascii,DDTDEUDTUVUTEU,si,,
0x44EA6F2,0x44EA700,14,ascii,TUUEDDDDDDDTDE,si,,
0x44EA702,0x44EA710,14,ascii,ETDDDDDDDCEUUD,si,,
0x44EA712,0x44EA720,14,ascii,EDEUUDEUETDTTU,si,,
0x44EA722,0x44EA730,14,ascii,EUDETEDEUUTUVe,si,,
0x44EA732,0x44EA740,14,ascii,UEEDEeUUUUEUTE,si,,
0x44EA742,0x44EA750,14,ascii,EUUDEDESDEDEUE,si,,
0x44EA752,0x44EA760,14,ascii,ETDDDTDDDDCDCC,si,,
0x44EA762,0x44EA770,14,ascii,CDDCE4CDDDDDD4,si,,
0x44EA772,0x44EA780,14,ascii,D4DDEDC4DDEDDE,si,,
0x44EA782,0x44EA790,14,ascii,DT4DCTDUDDUDEU,si,,
0x44EA792,0x44EA7A0,14,ascii,TEUTeUUEeUVeEe,si,,
0x44EA7A2,0x44EA7B0,14,ascii,UeVUUTTUVVfUVf,si,,
0x44EA7B2,0x44EA7C0,14,ascii,VVUVeeUeUVUVeU,si,,
0x44EA7D2,0x44EA7E0,14,ascii,DCC4DDDD4DDDDD,si,,
0x44EA862,0x44EA870,14,ascii,4CD3D44CD3D434,si,,
0x44EA872,0x44EA880,14,ascii,333333CCD44333,si,,
0x44EA882,0x44EA890,14,ascii,43D334DC4334D3,si,,
0x44EA892,0x44EA8A0,14,ascii,DDC3DC33D33334,si,,
0x44EA8A2,0x44EA8B0,14,ascii,443C3C44C34333,si,,
0x44EA912,0x44EA920,14,ascii,3443333D343333,si,,
0x44EA922,0x44EA930,14,ascii,ffffVefffVfeVe,si,,
0x44EA932,0x44EA940,14,ascii,efUfeffffVUUUE,si,,
0x44EA942,0x44EA950,14,ascii,UUUUEUUVeUUEEU,si,,
0x44EA952,0x44EA960,14,ascii,TTUEEUUTTTTUUU,si,,
0x44EA962,0x44EA970,14,ascii,UEUTD5DCD44CDD,si,,
0x44EA972,0x44EA980,14,ascii,DD4DT4DDD4CC34,si,,
0x44EA9A2,0x44EA9B0,14,ascii,CCC323C4333333,si,,
0x44EA9B2,0x44EA9C0,14,ascii,3333443443D4C3,si,,
0x44EA9C2,0x44EA9D0,14,ascii,33344C4DDDD4DT,si,,
0x44EA9D2,0x44EA9E0,14,ascii,UUUTTTdeeUUUUU,si,,
0x44EA9E2,0x44EA9F0,14,ascii,UeUVVUeUUEDEDU,si,,
0x44EA9F2,0x44EAA00,14,ascii,EUUUUTTTEDTEUT,si,,
0x44EAA02,0x44EAA10,14,ascii,EUDTTVEUDTETTT,si,,
0x44EAA12,0x44EAA20,14,ascii,EDUTUUUDUDDUTT,si,,
0x44EAA22,0x44EAA30,14,ascii,UTEUTDEEETDTEE,si,,
0x44EAA32,0x44EAA40,14,ascii,DEEDCT4DDTDC43,si,,
0x44EAA42,0x44EAA50,14,ascii,3D3C34D3333333,si,,
0x44EAA62,0x44EAA70,14,ascii,C34D33C33434C3,si,,
0x44EAA72,0x44EAA80,14,ascii,C3433343334C3C,si,,
0x44EAAC2,0x44EAAD0,14,ascii,34C4DD3ECDDCD4,si,,
0x44EAAD2,0x44EAAE0,14,ascii,DEDEETDDTEUUTU,si,,
0x44EB922,0x44EB930,14,ascii,UfeEUeVVTTTUUD,si,,
0x44EB962,0x44EB970,14,ascii,UVTfFVUUDDDCDD,si,,
0x44EB972,0x44EB980,14,ascii,"DT4EUC3B3C""CCC",si,,
0x44EB9D2,0x44EB9E0,14,ascii,eefDEUVT5DTVTU,si,,
0x44EBA22,0x44EBA30,14,ascii,EDEE3DFEUET4UU,si,,
0x44EC022,0x44EC030,14,ascii,D444DD33CC3333,si,,
0x44F0682,0x44F0691,15,ascii,"DCDEDDUefUeUUU,",si,,
0x44F4444,0x44F4450,12,ascii,"!""CdD3C3""CD3",si,,
0x44F4472,0x44F4480,14,ascii,CUVVfDDTdFUeUD,si,,
0x44F4522,0x44F4530,14,ascii,UVfVUVUUDTTUED,si,,
0x44F4532,0x44F4540,14,ascii,DDDUEETeVETED3,si,,
0x44FA062,0x44FA070,14,ascii,"3""""33333C33322",si,,
0x44FA0F2,0x44FA100,14,ascii,EUVFD3DEDUeVeU,si,,
0x44FA1B2,0x44FA1C0,14,ascii,UUVU3DTTTEUTTD,si,,
0x44FA252,0x44FA25D,11,ascii,"""33C""""""""""""""",si,,
0x45013B2,0x45013C0,14,ascii,D4D333C4DTeffV,si,,
0x4501432,0x4501440,14,ascii,UED33DUU522TU4,si,,
0x45015B2,0x45015C0,14,ascii,"""223C33""""23""""""",si,,
0x450CFA5,0x450CFB0,11,ascii,"!243C4""2333",si,,
0x45147E2,0x45147F0,14,ascii,"See3BT5!""TBC""""",si,,
0x4527452,0x452745D,11,ascii,"SeeU3""!SDC4",si,,
0x4527482,0x4527490,14,ascii,UeefFCDTUEDeED,si,,
0x45274C6,0x45274D0,10,ascii,"!""23""""!""34",si,,
0x4527582,0x452758C,10,ascii,"""3TE3D43SV",si,,
0x45275A2,0x45275B0,14,ascii,"T4dffE""BTE3D4D",si,,
0x45275C2,0x45275D0,14,ascii,4CUUTV4DDUDDTe,si,,
0x45275D2,0x45275E0,14,ascii,VTEUED33Cde4DT,si,,
0x45275E2,0x45275F0,14,ascii,"UEDVUUF43RVCD""",si,,
0x4527602,0x4527610,14,ascii,"""3""3333ST44C43",si,,
0x4527792,0x45277A0,14,ascii,"""""""""3""""""""""""""""!",si,,
0x4531404,0x4531410,12,ascii,"C3B""""!CTE433",si,,
0x45317E5,0x45317F0,11,ascii,"!""C33EC""32D",si,,
0x4531AF2,0x4531B00,14,ascii,DTfFUfEEE4CCTV,si,,
0x4531BA2,0x4531BB0,14,ascii,feEUeFeED3UTV4,si,,
0x4531EE2,0x4531EF0,14,ascii,fVDEeD4C234TTE,si,,
0x4531F45,0x4531F50,11,ascii,!3EUUECeVFU,si,,
0x4531F52,0x4531F5D,11,ascii,"""""2CE33TUD4",si,,
0x4532322,0x4532330,14,ascii,"""3""2""""D54CEfUE",si,,
0x4532352,0x4532360,14,ascii,"effVDE""43DTECT",si,,
0x4532847,0x4532851,10,ascii,"232333""""C,",si,,
0x4538122,0x4538130,14,ascii,!4DDDDDEC34C23,si,,
0x45383C2,0x45383D0,14,ascii,CC4CTUUDDeUTD3,si,,
0x4540FD7,0x4540FE1,10,ascii,"2TU43CU5C,",si,,
0x45413D2,0x45413DE,12,ascii,"4DVUdfF""""TD3",si,,
0x4541422,0x4541430,14,ascii,"2""""24""!!""4C433",si,,
0x45416F2,0x4541700,14,ascii,"33D33""343""""""!""",si,,
0x4541842,0x4541850,14,ascii,EEDUDUT53C43TD,si,,
0x4541912,0x4541920,14,ascii,UDDDDCTDE43332,si,,
0x4541962,0x4541971,15,ascii,"""3333CC33333C3,",si,,
0x4541982,0x4541990,14,ascii,DDTUDUVVEC3CTf,si,,
0x45419E2,0x45419F0,14,ascii,fT32CD4UeETdUD,si,,
0x4541A72,0x4541A80,14,ascii,DD4SEDUeUfETU3,si,,
0x4541AA3,0x4541AAD,10,ascii,"""""""""223D3""",si,,
0x4541AB2,0x4541AC0,14,ascii,3T4DUE3CDE4eVU,si,,
0x4541B52,0x4541B60,14,ascii,"D3D5CED4""!2DDD",si,,
0x4541B62,0x4541B70,14,ascii,"3432BC32C3DD4""",si,,
0x4541C62,0x4541C70,14,ascii,3DV4D3SfUFDDf5,si,,
0x4541C74,0x4541C7E,10,ascii,B44343T4D4,si,,
0x4553546,0x4553551,11,ascii,"T""vBS3PVe4+",si,,
0x4556150,0x4556166,22,ascii,Any idea who it is?   ,,si,
0x4556178,0x455618A,18,ascii,Should know soon. ,,,
0x455619C,0x45561CE,50,ascii,Something about the voice\ndefinitely was familiar.,,si,
0x45561E0,0x4556212,50,ascii,"Whoever he is, the guy's already a\nfucking hero.  ",,si,
0x4556224,0x455622E,10,ascii,Poor Anna.,,,
0x4556240,0x4556256,22,ascii,Try doing it everyday.,,si,
0x4556268,0x455629E,54,ascii,"It's an adventure.  A horrible,\nhorrible adventure.   ",,si,
0x45562B0,0x45562EA,58,ascii,Still beats your cooking.  You\nplanning on staying single?,,si,
0x45562FC,0x4556326,42,ascii,Please.  I got enough problems as\nit is.  ,,si,
0x4556338,0x4556342,10,ascii,Poor Ed.  ,,,
0x455F422,0x455F42C,10,ascii,1RETdGffuR,si,,
0x45785A2,0x45785AC,10,ascii,!24DUFWUWE,si,,
0x4581442,0x458144F,13,ascii,2CStTTGVcV27',si,,
0x4585E87,0x4585E91,10,ascii,OTd37vFTE3,si,,
0x458FFD6,0x458FFE1,11,ascii,01RL /M2ACE,,,
0x459B1E2,0x459B1EC,10,ascii,UEDUEUCg%B,si,,
0x459CD16,0x459CD21,11,ascii, deEDCDDA3%,si,,
0x45B4632,0x45B463C,10,ascii,4E&7FE2Rcb,si,,
0x45B9980,0x45B9996,22,ascii,"See you later, Anna.  ",,si,
0x45B99A8,0x45B99E2,58,ascii,"You know... feel free to come\nalone next time, Jonathan.  ",,si,
0x45B99F4,0x45B9A16,34,ascii,I think that's enough of a break. ,,si,
0x45B9A28,0x45B9A42,26,ascii,You're leaving already?   ,,,
0x45B9A54,0x45B9A66,18,ascii,See you next time.,,si,
0x45B9A78,0x45B9A86,14,ascii,Going so soon?,,si,
0x45B9A98,0x45B9AA2,10,ascii,"Well, bye.",,,
0x45B9AB4,0x45B9AD2,30,ascii,What? But you just got here.  ,,si,
0x45B9AE4,0x45B9B06,34,ascii,You really have to leave? Okay.   ,,si,
0x45C6002,0x45C600E,12,ascii,"MPb""?/V3c1,.",si,,
0x45C93E2,0x45C93EC,10,ascii,UeCB4EUUE4,si,,
0x45E2195,0x45E21A0,11,ascii,111UF3V3DSC,si,,
0x45E4882,0x45E488C,10,ascii,"au 2TD p&""",,,
0x45E7963,0x45E7970,13,ascii,"4UVeD2""SC4""Ce",si,,
0x45E7E52,0x45E7E60,14,ascii,VDEdDCUSF5!DEF,si,,
0x45F01F6,0x45F0201,11,ascii,"C4OA""!-OD1,",si,,
0x45F7326,0x45F7330,10,ascii,CcF%2!22ed,si,,
0x45FC352,0x45FC35D,11,ascii,"UdUE3""!D33""",si,,
0x45FC3D2,0x45FC3E0,14,ascii,"""34233C3DDDDC4",si,,
0x45FC3F2,0x45FC400,14,ascii,TETeeVDEUS4343,si,,
0x45FC412,0x45FC41F,13,ascii,"TT334TU%""""34C",si,,
0x45FC426,0x45FC430,10,ascii,"""334DDD4DD",si,,
0x45FC432,0x45FC440,14,ascii,DTUEDD5UUVfUUU,si,,
0x45FC442,0x45FC450,14,ascii,5CCTDD4DDDC34D,si,,
0x45FC462,0x45FC470,14,ascii,433333332233C3,si,,
0x45FC4B2,0x45FC4C0,14,ascii,DC333333343333,si,,
0x45FC4C2,0x45FC4D0,14,ascii,fefVeUDUUDTdUD,si,,
0x45FC4D2,0x45FC4E0,14,ascii,UFED54444DC344,si,,
0x4606BF6,0x4606C00,10,ascii,"""""D4T54BCB",si,,
0x460DE56,0x460DE61,11,ascii,"!30"".12A 2,",,,
0x46100F5,0x46100FF,10,ascii, !1 02PO/0,,,
0x4614070,0x461409A,42,ascii,This is the Astronauts Memorial\nMuseum.   ,,si,
0x4616A72,0x4616A80,14,ascii,43C3CCC3334343,si,,
0x4616FF3,0x4616FFF,12,ascii,"?2 !""431""003",,,
0x4618D62,0x4618D70,14,ascii,%5E443333433D5,si,,
0x4624070,0x4624096,38,ascii,Kinda crowded for something like\nthis.,,si,
0x46240A8,0x46240F2,74,ascii,Probably thought he'd be safer. \nMore visitors since it's the\nweekend too.,,si,
0x4624104,0x462411E,26,ascii,Think we can trust him?   ,,si,
0x4624130,0x4624156,38,ascii,We'll never know just standing\nhere.  ,,si,
0x4624168,0x462418A,34,ascii,Let's get to the meeting place.   ,,si,
0x462FC17,0x462FC21,10,ascii,"""3V6DCP1&,",si,,
0x4631762,0x463176C,10,ascii,2SbSUDETCD,si,,
0x4640D72,0x4640D7C,10,ascii,4SC2TBR24C,si,,
0x465C0C0,0x465C0E6,38,ascii,I never studied these the other\nday.  ,,si,
0x465C0F8,0x465C116,30,ascii,What are all these rockets?   ,,si,
0x465C128,0x465C166,62,ascii,This is a collection of rockets\nrelated to space exploration. ,,si,
0x465C178,0x465C1AE,54,ascii,"Some are the real thing, but most\nare just replicas.  ",,si,
0x465C1C0,0x465C1E2,34,ascii,Reminds me of somewhere on\nHome.  ,,si,
0x465C1F4,0x465C226,50,ascii,"Yeah, the Rocket Garden at\nKennedy Space Center?  ",,si,
0x465C238,0x465C262,42,ascii,"A few of these came from there, I\nbelieve.",,si,
0x465C274,0x465C29E,42,ascii,They look a little eerie in this light.   ,,si,
0x4677752,0x467775C,10,ascii,P6V01CV T5,,,
0x4677787,0x4677791,10,ascii,"%ateqL!Q!,",si,,
0x46788B4,0x46788C1,13,ascii,"?!""%3CRBC4TD&",si,,
0x468A2F2,0x468A2FC,10,ascii,"!0!03""!2!!",si,,
0x468B1E5,0x468B1F1,12,ascii,"""""!AO A/12 ,",,,
0x469A353,0x469A360,13,ascii,RcbCW6d3S 2RC,,,
0x469E653,0x469E660,13,ascii,"RD14d""O0!!1SS",si,,
0x46A9197,0x46A91A1,10,ascii,"T5""T52TDd&",si,,
0x46B0132,0x46B0140,14,ascii,VUTUfUUDdfeUeU,si,,
0x46B0152,0x46B0160,14,ascii,3CSTEDETUUDD44,si,,
0x46B01A2,0x46B01B0,14,ascii,TDDD4DDDD4D32C,si,,
0x46B01B2,0x46B01C0,14,ascii,"CDD33""3CEEUDC3",si,,
0x46B2070,0x46B2082,18,ascii,Let's head inside.,si,,
0x46B2094,0x46B20BE,42,ascii,A museum....  Makes you feel\nyoung again. ,,si,
0x46B20D0,0x46B210E,62,ascii,Just don't forget why we're here. \nThis ain't a field trip.   ,,si,
0x46B2120,0x46B212A,10,ascii,Got it?   ,,si,
0x46BF124,0x46BF12F,11,ascii,"!!pCS3C""""!R",si,,
0x46C38F2,0x46C38FE,12,ascii,5bD2UT33FUo&,si,,
0x46C3FF3,0x46C4000,13,ascii,%%C4D1S2%4CR1,si,,
0x46C4736,0x46C4741,11,ascii,"BU1eaN&1Sa,",si,,
0x46C4856,0x46C4861,11,ascii,"&4S""%R4AD3,",si,,
0x46D4070,0x46D40A2,50,ascii,"This is the lobby, also known as\nthe Coral Hall.  ",,si,
0x46D40B4,0x46D40D2,30,ascii,"Yeah, look at that huge coral.",,si,
0x46EA0D0,0x46EA0FE,46,ascii,This is an actual coral reef fossil\nfrom Home.,,si,
0x46EA110,0x46EA124,20,ascii,In it you'll find CO,,si,
0x46EA170,0x46EA196,38,ascii,It's here as a symbol of the\nCELESS.  ,si,si,
0x46EA1A8,0x46EA1BA,18,ascii,Heckuva symbol.   ,,,
0x46EA1CC,0x46EA20A,62,ascii,The CELESS model at Karen's\nhouse had a piece of coral in it. ,si,si,
0x46EA21C,0x46EA22E,18,ascii,"Yeah, so it did.  ",,si,
0x46EA240,0x46EA26E,46,ascii,A miracle of nature we could\nnever duplicate. ,,si,
0x46EA280,0x46EA2CA,74,ascii,They went to a lot of trouble\nbringing it all the way from Home\nlike this.,,si,
0x46ED182,0x46ED191,15,ascii,"EC54BC2%ERST%?""",si,,
0x46FC542,0x46FC54D,11,ascii,TEVEUVEVUsq,si,,
0x470B972,0x470B97F,13,ascii,3A0C43S334RC!,si,,
0x471FAE2,0x471FAEC,10,ascii,DDD4333D3S,si,,
0x4729F72,0x4729F7D,11,ascii,"DQB !""2A2N1",,,
0x47368E5,0x47368EF,10,ascii,aE3BmD%VC3,si,,
0x473C3C2,0x473C3CF,13,ascii,"p0444TAD""c4Q6",si,,
0x4749FF2,0x474A000,14,ascii,EfTfdFTDEEeUT6,si,,
0x474A002,0x474A010,14,ascii,E4&ESDCTT5E5%E,si,,
0x474A012,0x474A020,14,ascii,DEERT3DDBD3ED2,si,,
0x474B8D0,0x474B8FE,46,ascii,This is an actual coral reef fossil\nfrom Home.,,si,
0x474B910,0x474B924,20,ascii,In it you'll find CO,,si,
0x474B970,0x474B996,38,ascii,It's here as a symbol of the\nCELESS.  ,si,si,
0x474B9A8,0x474B9BA,18,ascii,Heckuva symbol.   ,,,
0x474B9CC,0x474BA0A,62,ascii,The CELESS model at Karen's\nhouse had a piece of coral in it. ,si,si,
0x474BA1C,0x474BA2E,18,ascii,"Yeah, so it did.  ",,si,
0x474BA40,0x474BA6E,46,ascii,A miracle of nature we could\nnever duplicate. ,,si,
0x474BA80,0x474BACA,74,ascii,They went to a lot of trouble\nbringing it all the way from Home\nlike this.,,si,
0x4752422,0x475242C,10,ascii,Rf%g&BEQD2,si,,
0x4760A77,0x4760A81,10,ascii,"AC""5UVWT27",si,,
0x4761733,0x476173D,10,ascii,e32t44S2%A,si,,
0x4764756,0x4764761,11,ascii,AFEUUeuuE%%,si,,
0x4769A46,0x4769A51,11,ascii,DSUVS&%D4D+,si,,
0x47742C2,0x47742D1,15,ascii,4EC3C554So6DCC+,,si,
0x4774BD2,0x4774BE0,14,ascii,CCDD3C33433333,si,,
0x4774BE2,0x4774BEE,12,ascii,fefVUUVUUUU5,si,,
0x477D5A2,0x477D5AC,10,ascii,ceo!Ar5D&2,si,,
0x477EDB2,0x477EDBD,11,ascii,b334S 3CECC,,,
0x477F2E2,0x477F2EC,10,ascii,CQ335dDcU4,si,,
0x477F5E6,0x477F5F1,11,ascii,a43CRA2QTD+,si,,
0x477FC52,0x477FC5D,11,ascii,6E5FCcB&%3%,si,,
0x4793A52,0x4793A61,15,ascii,"C4D4DC3UO4TC5B,",si,,
0x4793FB4,0x4793FC1,13,ascii,F%4C35D&DEDD+,si,,
0x4794E22,0x4794E30,14,ascii,4DDC3433333D34,si,,
0x4794E32,0x4794E40,14,ascii,34433333333333,si,,
0x4797ED2,0x4797EDF,13,ascii,"2""""CBBC4%ETD ",si,,
0x47B1D82,0x47B1D91,15,ascii,OTEDCTC4%TS334+,si,,
0x47B4070,0x47B409E,46,ascii,"Looks like there's only one\n""Pioneer"" here.   ",,si,
0x47B40B0,0x47B40CA,26,ascii,That must be the place.   ,,si,
0x47B40DC,0x47B40EE,18,ascii,Yup.  Pioneer 10. ,,,
0x47BCFE2,0x47BCFED,11,ascii,"TE""CUUUdD4D",si,,
0x47CA922,0x47CA92C,10,ascii,DVT3EUB3US,,si,
0x47D0080,0x47D00B2,50,ascii,This is a miniature of Russia's Mir\nspace station.,,si,
0x47D00C4,0x47D0116,82,ascii,"It held the record for the longest\nstay in space, housed the first\nJapanese....   ",,si,
0x47D0128,0x47D0142,26,ascii,How could you forget it.  ,,si,
0x47D0154,0x47D018A,54,ascii,It lay abandoned after the fall of\nthe Soviet Union.  ,,si,
0x47D019C,0x47D01CE,50,ascii,"Yeah, until it was bought by a\nJapanese company.  ",,si,
0x47D01E0,0x47D01FE,30,ascii,Which Tokugawa later bought.  ,,si,
0x47D0210,0x47D0232,34,ascii,It's still in orbit around Home.  ,,si,
0x47D0244,0x47D0272,46,ascii,They've got it set up as a space\nmuseum now.  ,,si,
0x47D0284,0x47D02B6,50,ascii,Back then you couldn't turn on\nthe news without   ,,si,
0x47D02C8,0x47D030E,70,ascii,hearing about Japanese\nbusinesses buying up Russian\nspace technology. ,,si,
0x47D0320,0x47D0356,54,ascii,That's how Japan got to where it\nis today out here.   ,,si,
0x47D0368,0x47D037A,18,ascii,The almighty yen. ,,si,
0x47D038C,0x47D03C6,58,ascii,They were the first to really open\nup space for business. ,,si,
0x47DCC32,0x47DCC3C,10,ascii,D4443B2332,si,,
0x47DEDC2,0x47DEDCF,13,ascii,DCDDDDD4DCEDT,si,,
0x47DF572,0x47DF57F,13,ascii,4TD555EEE%5eT,si,,
0x47E44F2,0x47E44FC,10,ascii,3SaRC&'GVE,si,,
0x47E6203,0x47E620D,10,ascii,&6beeFgfWG,si,,
0x47EF9A3,0x47EF9AF,12,ascii,"3E""3TETFC2BD",si,,
0x47F48F2,0x47F48FE,12,ascii,DD33CDEDDC43,si,,
0x47F7142,0x47F714E,12,ascii,"""1254SSDTS44",si,,
0x48026E4,0x48026F1,13,ascii,"BfsCG42CF%64,",si,,
0x48050A4,0x48050AE,10,ascii,qQrTsddfG!,si,,
0x4805DD2,0x4805DDD,11,ascii,vUUC4444UTD,si,,
0x481B192,0x481B19E,12,ascii,"! DB3O2""""Q2P",,,
0x481B554,0x481B55E,10,ascii,"3"" ""!C!1""A",,,
0x481B692,0x481B69D,11,ascii,"0  2N0232A""",,,
0x4825DB2,0x4825DBC,10,ascii,u%!Qf52e4?,si,,
0x4841C12,0x4841C1D,11,ascii,33CDE4EC%3/,si,,
0x4855272,0x4855281,15,ascii,"CD23P BBDDQD3S,",,,
0x4862525,0x4862531,12,ascii,suC&RU-C6Tb',si,,
0x4864880,0x48648B2,50,ascii,This is a miniature of Russia's Mir\nspace station.,,si,
0x48648C4,0x4864916,82,ascii,"It held the record for the longest\nstay in space, housed the first\nJapanese....   ",,si,
0x4864928,0x4864942,26,ascii,How could you forget it.  ,,si,
0x4864954,0x486498A,54,ascii,It lay abandoned after the fall of\nthe Soviet Union.  ,,si,
0x486499C,0x48649CE,50,ascii,"Yeah, until it was bought by a\nJapanese company.  ",,si,
0x48649E0,0x48649FE,30,ascii,Which Tokugawa later bought.  ,,si,
0x4864A10,0x4864A32,34,ascii,It's still in orbit around Home.  ,,si,
0x4864A44,0x4864A72,46,ascii,They've got it set up as a space\nmuseum now.  ,,si,
0x4864A84,0x4864AB6,50,ascii,Back then you couldn't turn on\nthe news without   ,,si,
0x4864AC8,0x4864B0E,70,ascii,hearing about Japanese\nbusinesses buying up Russian\nspace technology. ,,si,
0x4864B20,0x4864B56,54,ascii,That's how Japan got to where it\nis today out here.   ,,si,
0x4864B68,0x4864B7A,18,ascii,The almighty yen. ,,si,
0x4864B8C,0x4864BC6,58,ascii,They were the first to really open\nup space for business. ,,si,
0x48723A2,0x48723AD,11,ascii,"DTR""3!!!""!1",si,,
0x4873B42,0x4873B4C,10,ascii,2CSTVVVefU,si,,
0x4873FE2,0x4873FEE,12,ascii,3DCRBSB3TRD%,si,,
0x48816E2,0x48816EF,13,ascii,&DTUecWDfcdUT,si,,
0x4881964,0x4881971,13,ascii,"3""""AO21""""""""!+",si,,
0x4882213,0x488221E,11,ascii,63B33EuA5VV,si,,
0x4886604,0x488660E,10,ascii,EDd53uSCdG,si,,
0x48884F5,0x4888501,12,ascii,2Td4UDA4QaD+,si,,
0x4888C84,0x4888C91,13,ascii,&T2Tb4BD45UD+,si,,
0x4889152,0x4889161,15,ascii,TtT6ffVpVSdEe'+,si,,
0x4889516,0x4889521,11,ascii,SRd34S25D%+,si,,
0x488BB72,0x488BB7E,12,ascii,3C3CTUedDDTD,si,,
0x489D604,0x489D60E,10,ascii,5ARTTV4u54,si,,
0x48A7935,0x48A7941,12,ascii,F35S44C3eCS+,si,,
0x48B0B53,0x48B0B61,14,ascii,DC66a45dsoFeT+,si,,
0x48BE0D2,0x48BE0E1,15,ascii,4F3E4SpSRrQC3&+,si,,
0x48BEB42,0x48BEB50,14,ascii,SQTBAQCCbAE4ED,si,,
0x48BEC52,0x48BEC61,15,ascii,5cEFcnDFEDET6e+,si,,
0x48CFC82,0x48CFC8E,12,ascii,"""BC44E5EEEcT",si,,
0x48D5F94,0x48D5FA1,13,ascii,C%SS3T4DQD3D+,si,,
0x48D60A2,0x48D60AC,10,ascii,rQr2S4DSSC,si,,
0x48D6272,0x48D6281,15,ascii,"""""""""1!""211!AO!+",si,,
0x48E0305,0x48E0311,12,ascii, ?C1sBC2S&G(,si,,
0x48E0CD7,0x48E0CE1,10,ascii,2C1 BBA4CJ,,,
0x48E3C05,0x48E3C11,12,ascii,!22fFGftUU3D,si,,
0x48EB872,0x48EB87E,12,ascii,"A""""QO2""1  R?",,,
0x48EEB92,0x48EEB9F,13,ascii,C444DDeUec6WV,si,,
0x48F8D12,0x48F8D21,15,ascii,Vd5RSRCE%RDERS+,si,,
0x48F91B2,0x48F91C1,15,ascii,Vn3F3a4DACBSV4+,si,,
0x48FB070,0x48FB092,34,ascii,"This corner deals with the Moon,  ",,si,
0x48FB0A4,0x48FB0D2,46,ascii,with its main focus being the\nApollo program. ,,si,
0x48FB0E4,0x48FB112,46,ascii,This is as close as it gets to being\nthere.   ,,si,
0x4903EF4,0x4903EFE,10,ascii,"qd0AEd2""02",si,,
0x49158C2,0x49158D0,14,ascii,"CCCT33"" TVfVTE",,,
0x4917910,0x4917936,38,ascii,This corner focuses on Beyond\nitself. ,,si,
0x4917948,0x491796A,34,ascii,Would you look at that! It's us!  ,,si,
0x491797C,0x4917996,26,ascii,Just like the guide said. ,,si,
0x49179A8,0x49179B2,10,ascii,Surprised?,si,,
0x49179C4,0x49179DA,22,ascii,You and I are heroes  ,,si,
0x49179EC,0x4917A0A,30,ascii,around this part of the place.,,si,
0x4917A1C,0x4917A62,70,ascii,"One of the stewardesses on the\nspaceplane mentioned it too,\nactually. ",,si,
0x4917A74,0x4917ABA,70,ascii,"Well, this is one of the colony's\nmost popular tourist destinations.  ",,si,
0x4917ACC,0x4917AE6,26,ascii,A living legend at my age.,,si,
0x4917AF8,0x4917B32,58,ascii,"Come on, we contributed to space\nin our own little way.   ",,si,
0x4917B44,0x4917B66,34,ascii,"Brings a tear to your eye, huh?   ",,si,
0x4917B78,0x4917B92,26,ascii,"What do you mean ""little""?",,si,
0x49195F6,0x4919600,10,ascii,3SDEEF3CDC,si,,
0x491EF17,0x491EF21,10,ascii,/S4/dd32F(,si,,
0x4926A52,0x4926A5C,10,ascii,"2""2 "" M 3A",,,
0x492A8D7,0x492A8E1,10,ascii,"22B""E32B1+",si,,
0x493C9B5,0x493C9C0,11,ascii,3CC3DUDUDDT,si,,
0x494EF12,0x494EF20,14,ascii,DCD33CC3444443,si,,
0x494EF22,0x494EF30,14,ascii,4C333334333343,si,,
0x494EF32,0x494EF40,14,ascii,UVVUVeVUUeUUUU,si,,
0x494EF42,0x494EF50,14,ascii,TUEUTEEUTUSED4,si,,
0x494EF52,0x494EF60,14,ascii,EED4DDDCCDDCC4,si,,
0x49527D2,0x49527DD,11,ascii,"D2""C&RSfF%""",si,,
0x4955F32,0x4955F3E,12,ascii,".S""efCeWV%!7",si,,
0x495CD73,0x495CD81,14,ascii,"7V""BEFe%'a34Q,",si,,
0x495DE03,0x495DE0F,12,ascii,Q5cReT&26fpB,si,,
0x495F477,0x495F481,10,ascii,Daac352R4D,si,,
0x49627E4,0x49627EE,10,ascii,"Be'34Cd""2""",si,,
0x4963BB3,0x4963BBF,12,ascii,"42""UEdeFC322",si,,
0x4965856,0x4965861,11,ascii,P0/D%BU4D6(,si,,
0x4974202,0x497420E,12,ascii,BA3DD11e1uaA,si,,
0x49750E2,0x49750EC,10,ascii,"202/2""1103",si,,
0x4986E32,0x4986E41,15,ascii,"!/""eU1BfFDS4%33",si,,
0x4987ED2,0x4987EDD,11,ascii,T1241dgT0QB,si,,
0x498F022,0x498F030,14,ascii,fUEEUTFVeEUVED,si,,
0x498F032,0x498F040,14,ascii,DTEUeTEEUDDDTU,si,,
0x498F052,0x498F060,14,ascii,UTEDDDDDD4DEED,si,,
0x498F072,0x498F080,14,ascii,CTTVTDC44DDDDU,si,,
0x498F082,0x498F090,14,ascii,DDDDCD4DTDDD3C,si,,
0x49908C4,0x49908E6,34,ascii,This is the Yuri's survival ball. ,,si,
0x499090C,0x4990936,42,ascii,Comes complete with cold sleep\nfunction.  ,,si,
0x4990948,0x499096A,34,ascii,The real ones are slightly bigger.,,si,
0x499097C,0x49909A2,38,ascii,I spent 25 years inside one of\nthese. ,,si,
0x49909B4,0x49909D6,34,ascii,Now I can't stand being out here. ,,si,
0x49909E8,0x4990A0A,34,ascii,It kept you alive all that time.  ,,si,
0x4990A1C,0x4990A36,26,ascii,That's pretty impressive. ,,,
0x4990A48,0x4990A7A,50,ascii,Cold sleep was still one big\nexperiment back then.,,si,
0x4990A8C,0x4990AD6,74,ascii,When they thawed me out I was\nlike an old man trying to get out of\nbed.   ,,si,
0x4990AE8,0x4990B12,42,ascii,Very little muscle atrophy occurs\ntoday.  ,,si,
0x4990B24,0x4990B46,34,ascii,I couldn't walk for over a year.  ,,si,
0x4990B58,0x4990B7E,38,ascii,The advances came from studying\nbears.,,si,
0x4990BA8,0x4990BE6,62,ascii,Human muscle tissue starts to\natrophy after 3 days of non-use.,,si,
0x4990BF8,0x4990C46,78,ascii,"But bears, they maintain their\nmuscles for several months while\nhibernating.  ",,si,
0x4990C58,0x4990C82,42,ascii,Maybe bears would make better\nastronauts. ,,si,
0x4990C94,0x4990CD2,62,ascii,"Cold sleep is also called\n""hibernation"" now for that\nreason.  ",,si,
0x4992682,0x4992690,14,ascii,34D3333TTfET3T,si,,
0x4999D22,0x4999D30,14,ascii,UTTTTDdEeUeUFE,si,,
0x4999D36,0x4999D41,11,ascii,"""""""3234332,",si,,
0x499A0E2,0x499A0EE,12,ascii,"E4!C3""""1? 11",,,
0x499A143,0x499A150,13,ascii,/BC!B4UFDFEEV,si,,
0x49A6D04,0x49A6D0F,11,ascii,/gCfdf51gbR,si,,
0x49B7A85,0x49B7A91,12,ascii,"4TC3S1DDTDm,",si,,
0x49B7CC4,0x49B7CCE,10,ascii,C?O2A C3 %,,,
0x49B82B2,0x49B82C1,15,ascii,"""15a10O2D1SD14,",si,,
0x49BC697,0x49BC6A1,10,ascii,"cb2TB""oT0(",si,,
0x49BD262,0x49BD26D,11,ascii,"""""23B243CR2",si,,
0x49C4227,0x49C4231,10,ascii,Frc2BAE/W+,si,,
0x49C54E4,0x49C54EE,10,ascii,"""& 26ARE1A",,si,
0x49C5612,0x49C561C,10,ascii,0O?0 /!A1!,,,
0x49CD8D3,0x49CD8E1,14,ascii,"'R2b""T14T/T22,",si,,
0x49CD927,0x49CD931,10,ascii,"2!!! ""O""0,",,,
0x49CDAA4,0x49CDAB0,12,ascii,!0232434TDC3,si,,
0x49CDBE2,0x49CDBF1,15,ascii,"SR3S3DSASS4oCQ,",si,,
0x49CDDF7,0x49CDE01,10,ascii,"4A32CA""3B,",si,,
0x49CE012,0x49CE020,14,ascii,3B232433334C3C,si,,
0x49CF465,0x49CF471,12,ascii,"3RAC""Rrm1BR,",si,,
0x49DE843,0x49DE84F,12,ascii,"134B! 33""!02",,,
0x49E29B2,0x49E29C1,15,ascii,"DEbpPe""F%bbBqd,",si,,
0x49E3807,0x49E3811,10,ascii,"2""A3""""2B?,",si,,
0x49F8582,0x49F858C,10,ascii,DDTTddU6VU,si,,
0x49F8682,0x49F868D,11,ascii,CvTTVDS431!,si,,
0x4A07BA6,0x4A07BB0,10,ascii,A4%5PCPD3C,si,,
0x4A08492,0x4A084A1,15,ascii,"PQ2nB""2Q1A 63BL",,,
0x4A143A2,0x4A143AE,12,ascii,"2cV43ef33E5""",si,,
0x4A17882,0x4A1788D,11,ascii,",!!.8,1NM?R",si,,
0x4A1A744,0x4A1A751,13,ascii,"3cD%o""t""3""A2,",si,,
0x4A23CD2,0x4A23CDD,11,ascii,EEc452CA!2 ,si,,
0x4A27936,0x4A27941,11,ascii,T5D/F&3Q4A+,si,,
0x4A33D54,0x4A33D61,13,ascii,"""P1332442332+",si,,
0x4A46552,0x4A4655E,12,ascii,UUVffvufVdFN,si,,
0x4A47B76,0x4A47B81,11,ascii,54edUcTD25F,si,,
0x4A4EBE3,0x4A4EBED,10,ascii,"""1!""ACCDVW",si,,
0x4A578C4,0x4A578E6,34,ascii,This is the Yuri's survival ball. ,,si,
0x4A5790C,0x4A57936,42,ascii,Comes complete with cold sleep\nfunction.  ,,si,
0x4A57948,0x4A5796A,34,ascii,The real ones are slightly bigger.,,si,
0x4A5797C,0x4A579A2,38,ascii,I spent 25 years inside one of\nthese. ,,si,
0x4A579B4,0x4A579D6,34,ascii,Now I can't stand being out here. ,,si,
0x4A579E8,0x4A57A0A,34,ascii,It kept you alive all that time.  ,,si,
0x4A57A1C,0x4A57A36,26,ascii,That's pretty impressive. ,,,
0x4A57A48,0x4A57A7A,50,ascii,Cold sleep was still one big\nexperiment back then.,,si,
0x4A57A8C,0x4A57AD6,74,ascii,When they thawed me out I was\nlike an old man trying to get out of\nbed.   ,,si,
0x4A57AE8,0x4A57B12,42,ascii,Very little muscle atrophy occurs\ntoday.  ,,si,
0x4A57B24,0x4A57B46,34,ascii,I couldn't walk for over a year.  ,,si,
0x4A57B58,0x4A57B7E,38,ascii,The advances came from studying\nbears.,,si,
0x4A57BA8,0x4A57BE6,62,ascii,Human muscle tissue starts to\natrophy after 3 days of non-use.,,si,
0x4A57BF8,0x4A57C46,78,ascii,"But bears, they maintain their\nmuscles for several months while\nhibernating.  ",,si,
0x4A57C58,0x4A57C82,42,ascii,Maybe bears would make better\nastronauts. ,,si,
0x4A57C94,0x4A57CD2,62,ascii,"Cold sleep is also called\n""hibernation"" now for that\nreason.  ",,si,
0x4A5FD37,0x4A5FD41,10,ascii,334c/SeU%+,si,,
0x4A62A57,0x4A62A61,10,ascii,"1C3""CD5ETD",si,,
0x4A6FD55,0x4A6FD61,12,ascii,ETCSCB534CU+,si,,
0x4A6FDA4,0x4A6FDAF,11,ascii,"%BCVFUeSEB""",si,,
0x4A76695,0x4A766A1,12,ascii,CBR/V52ECSD8,si,,
0x4A7A472,0x4A7A47C,10,ascii,41RD42O! A,,,
0x4A80852,0x4A80861,15,ascii,4CC3&R4EdBoDD2+,si,,
0x4A8CB42,0x4A8CB4C,10,ascii,"DT""""43TBBo",si,,
0x4A8CC92,0x4A8CC9E,12,ascii,"3oSAD""0UCPDS",si,,
0x4A8D587,0x4A8D591,10,ascii,"'""14ER3GE+",si,,
0x4A8DA02,0x4A8DA0D,11,ascii,"""21P 3223B!",,,
0x4A8DBC5,0x4A8DBD0,11,ascii,"CTFe45ApS7""",si,,
0x4A8E2F2,0x4A8E2FC,10,ascii,3ATRta3Fs5,si,,
0x4A96586,0x4A96591,11,ascii,"5b0D""13C""6+",si,,
0x4A96CC2,0x4A96CCC,10,ascii,C2SCRp4CBB,si,,
0x4A96FB2,0x4A96FC1,15,ascii,SRrPFCQQ552D5D+,si,,
0x4A97042,0x4A9704D,11,ascii,3441DcB3TCS,si,,
0x4A972E2,0x4A972ED,11,ascii,"4%DCCSAb""C4",si,,
0x4A979F7,0x4A97A01,10,ascii,""""" 2O!!!""+",,,
0x4A97F02,0x4A97F11,15,ascii,4D45soDDSCtPTR+,si,,
0x4A97F54,0x4A97F61,13,ascii,WBDCDS3UQ4D3+,si,,
0x4A985C7,0x4A985D1,10,ascii,G34D4TRa%+,si,,
0x4A98D72,0x4A98D7C,10,ascii,CRCR3%DCRc,si,,
0x4A98D82,0x4A98D91,15,ascii,DRESdBCDp2CCEa+,si,,
0x4AA1357,0x4AA1361,10,ascii,& 0!!0.33H,,,
0x4AA7C37,0x4AA7C41,10,ascii,!21CDDB1CG,si,,
0x4AADC75,0x4AADC81,12,ascii,E2C5ECoTUDF+,si,,
0x4AADFB6,0x4AADFC1,11,ascii,'RCSR3S4Cd+,si,,
0x4AAE3D6,0x4AAE3E1,11,ascii,34E3DCC444+,si,,
0x4AAE4F2,0x4AAE501,15,ascii,SA3B3SpQTB%%55+,si,,
0x4AAE917,0x4AAE921,10,ascii,7BCC33DTR+,si,,
0x4AAE972,0x4AAE97F,13,ascii,4RR343DC3QRB3,si,,
0x4AB29C2,0x4AB29CE,12,ascii,CDEEDS33CDTV,si,,
0x4AB9A72,0x4AB9A7C,10,ascii,SQDAD5R25D,si,,
0x4AB9F52,0x4AB9F61,15,ascii,ECp3TeCEbD4U6V+,si,,
0x4AD0F02,0x4AD0F0C,10,ascii,CDfTBn}F22,si,,
0x4AD17D2,0x4AD17DD,11,ascii,AESACTT2R34,si,,
0x4AD1942,0x4AD194C,10,ascii,"!!2""""0""!12",si,,
0x4AD1A22,0x4AD1A2C,10,ascii,RDU4S5F&Vd,si,,
0x4AD2F63,0x4AD2F6D,10,ascii," E5""bT""344",,,
0x4ADD812,0x4ADD81D,11,ascii,fVUUFUDDcBR,si,,
0x4ADF784,0x4ADF78E,10,ascii," 23""!TDAeB",,,
0x4AE1FE7,0x4AE1FF1,10,ascii, !4EETdB4I,,,
0x4AE39A2,0x4AE39AD,11,ascii,%T6F4CRCA!S,si,,
0x4AE88B2,0x4AE88C1,15,ascii,"4""5RoEU5SA5%4D+",si,,
0x4AF41B6,0x4AF41C1,11,ascii,"3f3""4pSBT5+",si,,
0x4AF9D56,0x4AF9D61,11,ascii,"2341B454""""%",si,,
0x4B05192,0x4B051A1,15,ascii,U6DDDfUuD2T4en+,si,,
0x4B058E3,0x4B058EE,11,ascii,"7S""2AS4gC5 ",,si,
0x4B09FA5,0x4B09FB1,12,ascii,6Te3CDP4C5E+,si,,
0x4B0A617,0x4B0A621,10,ascii,"5PC""5E&T2+",si,,
0x4B0A835,0x4B0A841,12,ascii,7R4TAAA2E2S+,si,,
0x4B0CAD2,0x4B0CADD,11,ascii,UfuUuTTTSev,si,,
0x4B0D415,0x4B0D41F,10,ascii,!!2 1!!3A4,,,
0x4B0EFF2,0x4B0EFFD,11,ascii,"C""3B4BB4CRB",si,,
0x4B1E7E7,0x4B1E7F1,10,ascii,"""D30S""3UV8",si,,
0x4B21102,0x4B21110,14,ascii,DDD44D3D333333,si,,
0x4B21112,0x4B21120,14,ascii,VUUefefefUeefV,si,,
0x4B21122,0x4B21130,14,ascii,fVfVffeeUUUUDU,si,,
0x4B21132,0x4B21140,14,ascii,UETTDDEDEETETD,si,,
0x4B21142,0x4B2114F,13,ascii,DDDTCDDDDDD33,si,,
0x4B22070,0x4B2208E,30,ascii,This is a miniature of Beyond.,,si,
0x4B220A0,0x4B220CA,42,ascii,The world's one and only cylinder\ncolony. ,,si,
0x4B244A2,0x4B244AF,13,ascii,"1""!""2""""!1!""1O",si,,
0x4B25B77,0x4B25B81,10,ascii,b50ef%V6!4,si,,
0x4B26D94,0x4B26D9E,10,ascii,"""TeVVsSCS4",si,,
0x4B2B482,0x4B2B48C,10,ascii,b4C1STE5E4,si,,
0x4B33522,0x4B3352C,10,ascii,TSDC55C3DB,si,,
0x4B35072,0x4B3507C,10,ascii,"""!""1""323C4",si,,
0x4B3C870,0x4B3C88E,30,ascii,This is a miniature of Beyond.,,si,
0x4B3C8A0,0x4B3C8CA,42,ascii,The world's one and only cylinder\ncolony. ,,si,
0x4B41A75,0x4B41A81,12,ascii,"""SUWfTUCDD""D",si,,
0x4B46DA4,0x4B46DB1,13,ascii,"3""232CUdB!3C5",si,,
0x4B46FA7,0x4B46FB1,10,ascii,1W63EF !3D,,,
0x4B48CA7,0x4B48CB1,10,ascii,"1553!4FC""&",si,,
0x4B4E2B4,0x4B4E2BE,10,ascii,"""B444FFTV5",si,,
0x4B574D2,0x4B574E1,15,ascii,'cCCDb4cbDTCC4+,si,,
0x4B57554,0x4B57561,13,ascii,63DDTCEDTETC+,si,,
0x4B57882,0x4B57891,15,ascii,"3B""23SA4%Cp!R4+",si,,
0x4B57DA2,0x4B57DAE,12,ascii,""" 2A!11!2!""A",,,
0x4B57ED2,0x4B57EE0,14,ascii,DDDDDDDDDDD333,si,,
0x4B5A174,0x4B5A1A2,46,ascii,"The colony's started to show its\nage, I heard.",,si,
0x4B5A1B4,0x4B5A1D2,30,ascii,"Well, it has been 30 years.   ",,si,
0x4B5A1E4,0x4B5A1F2,14,ascii,So tell me.   ,,si,
0x4B5A204,0x4B5A236,50,ascii,Why exactly aren't they gonna\nbuild more O'Neills?,,si,
0x4B5A248,0x4B5A272,42,ascii,"There are technical issues to the\nO'Neill,",,si,
0x4B5A284,0x4B5A2B6,50,ascii,but it has more to do with the\nmakers themselves. ,,si,
0x4B5A2C8,0x4B5A2D6,14,ascii,"Politics, huh?",,,
0x4B5A2E8,0x4B5A332,74,ascii,Tokugawa Construction currently\nhave a monopoly on colony\nconstruction.   ,,si,
0x4B5A344,0x4B5A36E,42,ascii,Tokugawa have always focused on\nthe torus.,,si,
0x4B5A380,0x4B5A3A6,38,ascii,The O'Neill was America and\nEurope.   ,,si,
0x4B5A3B8,0x4B5A3E6,46,ascii,They're playing favorites. \nGoodbye O'Neill.  ,,,
0x4B5A3F8,0x4B5A406,14,ascii,More or less. ,,si,
0x4B5A418,0x4B5A442,42,ascii,They wanna ensure a market for\nthe torus. ,,si,
0x4B5A454,0x4B5A4A6,82,ascii,"Of course, we have since\ndiscovered technical problems\nwith a large-scale O'Neill.",,si,
0x4B5A4B8,0x4B5A4D6,30,ascii,Beyond's living proof of them.,,si,
0x4B5A4E8,0x4B5A51E,54,ascii,And now Tokugawa conveniently\nhave an answer for that.,,si,
0x4B5A530,0x4B5A57A,74,ascii,That must be why they're going\non and on about the colony's\ndeterioration.,,si,
0x4B5A58C,0x4B5A5E2,86,ascii,"But the guys who built this place\naren't just gonna sit back and do\nnothing, are they?",,si,
0x4B5A5F4,0x4B5A61E,42,ascii,Colony construction's a lucrative\nmarket. ,,,
0x4B5A630,0x4B5A646,22,ascii,It's not that simple. ,,si,
0x4B5A658,0x4B5A696,62,ascii,They still got all their parts for the\nO'Neill from Tokugawa. ,,si,
0x4B5A6A8,0x4B5A6BA,18,ascii,Every last piece. ,,,
0x4B5A6CC,0x4B5A6F6,42,ascii,You can't build a colony without\nTokugawa.,,si,
0x4B5A708,0x4B5A712,10,ascii,Exactly.  ,,,
0x4B5A724,0x4B5A756,50,ascii,Remember the receptionist at the\nTokugawa Building,,si,
0x4B5A768,0x4B5A796,46,ascii,"calling the torus type the\n""Tokugawa type""?   ",,si,
0x4B5A7A8,0x4B5A7EA,66,ascii,"Lately they've started calling the\ntorus type the ""Tokugawa type"".",,si,
0x4B5C5E3,0x4B5C5EE,11,ascii,"2""SBDD4&6D!",si,,
0x4B5D182,0x4B5D18C,10,ascii,"2B23CB1CB""",si,,
0x4B71402,0x4B7140C,10,ascii,!RcaA!oP!%,si,,
0x4B792A5,0x4B792B0,11,ascii,1UVVVEDfU43,si,,
0x4B82476,0x4B82481,11,ascii,"Ob!UVCc"".P7",si,,
0x4B991B2,0x4B991BD,11,ascii,"""Q24TSeeS9P",si,,
0x4B9E697,0x4B9E6A1,10,ascii,"%""2!""1C11,",si,,
0x4B9EC33,0x4B9EC3D,10,ascii,"A""""11B?12!",si,,
0x4B9F976,0x4B9F981,11,ascii,"3 3 2A1011,",,,
0x4B9FD13,0x4B9FD1D,10,ascii,"2o/2""!10""1",si,,
0x4BA0B23,0x4BA0B2D,10,ascii,"o O."" 2 !""",,,
0x4BA7005,0x4BA7010,11,ascii,   !14BBnPn,,,
0x4BA7C15,0x4BA7C1F,10,ascii,"02""23""D3""2",si,,
0x4BAF237,0x4BAF241,10,ascii,-BF4PbwfS%,si,,
0x4BB1882,0x4BB188C,10,ascii,"5%b,!!R4&""",si,,
0x4BC06C3,0x4BC06CD,10,ascii,"3DF%""114A%",si,,
0x4BC1154,0x4BC1160,12,ascii,"R3S5DD4""3""""D",si,,
0x4BC5852,0x4BC585C,10,ascii,S111R!BnB1,si,,
0x4BC9983,0x4BC998F,12,ascii,q0C%5nD304P2,si,,
0x4BCF636,0x4BCF641,11,ascii,"RNa4E""2""Be+",,si,
0x4BD00D2,0x4BD00E1,15,ascii,"pD'ECVr3T!VB60,",si,,
0x4BD1CD2,0x4BD1CDF,13,ascii,"""3CDU4FETEVeT",si,,
0x4BF4C22,0x4BF4C2D,11,ascii,UUUUDDDTU4T,si,,
0x4BFA932,0x4BFA93E,12,ascii,"AO1""CN&B2!b?",si,,
0x4BFDB42,0x4BFDB4E,12,ascii,3UCUefWfWeEf,si,,
0x4C05315,0x4C0531F,10,ascii, ?2s2 Q/Sv,,,
0x4C088B5,0x4C088C1,12,ascii,"/bC""STC4U%3%",si,,
0x4C13572,0x4C1357D,11,ascii,UUFVuDetEeF,si,,
0x4C13632,0x4C1363E,12,ascii,DCUC4ED3FDEU,si,,
0x4C13C42,0x4C13C4C,10,ascii,3C343C2333,si,,
0x4C29FD2,0x4C29FDD,11,ascii,"5""6""/6550B&",si,,
0x4C2AAC2,0x4C2AACD,11,ascii,"00""0 11 !0 ",,,
0x4C2B2D2,0x4C2B2DC,10,ascii,"C""4S2.2?QQ",si,,
0x4C2B5D2,0x4C2B5E1,15,ascii,"C4&P442!""ARA6P,",si,,
0x4C2D692,0x4C2D69F,13,ascii,2BB445CETSFUU,si,,
0x4C2E732,0x4C2E73E,12,ascii,32BCCR24DSC4,si,,
0x4C32CA5,0x4C32CB0,11,ascii,2CUUDD333CD,si,,
0x4C34CE2,0x4C34CED,11,ascii,"4??1?4n2P!""",si,,
0x4C34DC4,0x4C34DD1,13,ascii,"UR4E4tA!53R%,",si,,
0x4C3ACD6,0x4C3ACE1,11,ascii,1CC1P?!C C+,,,
0x4C3D0B2,0x4C3D0BF,13,ascii,UVeDSTAbD53d2,si,,
0x4C42CE4,0x4C42CEE,10,ascii,!SU3Te43e5,si,,
0x4C465D7,0x4C465E1,10,ascii,"""nTP1DDEDE",si,,
0x4C503B4,0x4C503BF,11,ascii,fBQ%5B AS6',,si,
0x4C50A12,0x4C50A1D,11,ascii,"DV1T4""D4c""T",si,,
0x4C56482,0x4C5648E,12,ascii,t&5BTDeede5S,si,,
0x4C59E36,0x4C59E41,11,ascii,"UTV1-fQT?/,",si,,
0x4C59E77,0x4C59E81,10,ascii,"10""/! BP!,",,,
0x4C63033,0x4C63040,13,ascii,"13""323CTEV53D",si,,
0x4C63042,0x4C63051,15,ascii,"TDE5D3DUUEEeeU,",si,,
0x4C72152,0x4C72160,14,ascii,CTVD543334DSEU,si,,
0x4C72182,0x4C72190,14,ascii,"3333C3333""332""",si,,
0x4C7F372,0x4C7F37C,10,ascii,"""""B""CC%R43",si,,
0x4C83D65,0x4C83D70,11,ascii,"CDE""B44e4CS",si,,
0x4C85974,0x4C859A2,46,ascii,"The colony's started to show its\nage, I heard.",,si,
0x4C859B4,0x4C859D2,30,ascii,"Well, it has been 30 years.   ",,si,
0x4C859E4,0x4C859F2,14,ascii,So tell me.   ,,si,
0x4C85A04,0x4C85A36,50,ascii,Why exactly aren't they gonna\nbuild more O'Neills?,,si,
0x4C85A48,0x4C85A72,42,ascii,"There are technical issues to the\nO'Neill,",,si,
0x4C85A84,0x4C85AB6,50,ascii,but it has more to do with the\nmakers themselves. ,,si,
0x4C85AC8,0x4C85AD6,14,ascii,"Politics, huh?",,,
0x4C85AE8,0x4C85B32,74,ascii,Tokugawa Construction currently\nhave a monopoly on colony\nconstruction.   ,,si,
0x4C85B44,0x4C85B6E,42,ascii,Tokugawa have always focused on\nthe torus.,,si,
0x4C85B80,0x4C85BA6,38,ascii,The O'Neill was America and\nEurope.   ,,si,
0x4C85BB8,0x4C85BE6,46,ascii,They're playing favorites. \nGoodbye O'Neill.  ,,,
0x4C85BF8,0x4C85C06,14,ascii,More or less. ,,si,
0x4C85C18,0x4C85C42,42,ascii,They wanna ensure a market for\nthe torus. ,,si,
0x4C85C54,0x4C85CA6,82,ascii,"Of course, we have since\ndiscovered technical problems\nwith a large-scale O'Neill.",,si,
0x4C85CB8,0x4C85CD6,30,ascii,Beyond's living proof of them.,,si,
0x4C85CE8,0x4C85D1E,54,ascii,And now Tokugawa conveniently\nhave an answer for that.,,si,
0x4C85D30,0x4C85D7A,74,ascii,That must be why they're going\non and on about the colony's\ndeterioration.,,si,
0x4C85D8C,0x4C85DE2,86,ascii,"But the guys who built this place\naren't just gonna sit back and do\nnothing, are they?",,si,
0x4C85DF4,0x4C85E1E,42,ascii,Colony construction's a lucrative\nmarket. ,,,
0x4C85E30,0x4C85E46,22,ascii,It's not that simple. ,,si,
0x4C85E58,0x4C85E96,62,ascii,They still got all their parts for the\nO'Neill from Tokugawa. ,,si,
0x4C85EA8,0x4C85EBA,18,ascii,Every last piece. ,,,
0x4C85ECC,0x4C85EF6,42,ascii,You can't build a colony without\nTokugawa.,,si,
0x4C85F08,0x4C85F12,10,ascii,Exactly.  ,,,
0x4C85F24,0x4C85F56,50,ascii,Remember the receptionist at the\nTokugawa Building,,si,
0x4C85F68,0x4C85F96,46,ascii,"calling the torus type the\n""Tokugawa type""?   ",,si,
0x4C85FA8,0x4C85FEA,66,ascii,"Lately they've started calling the\ntorus type the ""Tokugawa type"".",,si,
0x4C876E3,0x4C876F1,14,ascii,"5%Sc2DC4CSSS4,",si,,
0x4C889A2,0x4C889AE,12,ascii,CDTEUVUGFTUU,si,,
0x4C88A02,0x4C88A0C,10,ascii,dTtcS5EUUC,si,,
0x4C94142,0x4C9414C,10,ascii,CSDTBo2SB!,si,,
0x4C9E0E2,0x4C9E0F1,15,ascii,4vVCV&CTpSFD5P+,si,,
0x4C9F477,0x4C9F481,10,ascii,/SD3AE5C4%,si,,
0x4C9FA02,0x4C9FA0F,13,ascii,"""2BBDDTTDTC52",si,,
0x4CA51D2,0x4CA51E1,15,ascii,CCTP233B3%BSDC+,si,,
0x4CA5A64,0x4CA5A71,13,ascii,CCnA233D55U3+,si,,
0x4CA6222,0x4CA6230,14,ascii,CD433433333333,si,,
0x4CAA0D2,0x4CAA0DC,10,ascii,C4D3STDEg4,si,,
0x4CB0F65,0x4CB0F71,12,ascii,D43DTEEEEcP+,si,,
0x4CB1043,0x4CB1051,14,ascii,FFEGE4SD3DcPd+,si,,
0x4CB1CA7,0x4CB1CB1,10,ascii,"54BECT3""C+",si,,
0x4CB2032,0x4CB203C,10,ascii,Tf5VeVT3Vd,si,,
0x4CBE8E5,0x4CBE8F1,12,ascii,1U&TVTsfeVU&,si,,
0x4CC42A5,0x4CC42B1,12,ascii,"""%QTC31TT4Q+",si,,
0x4CC4A66,0x4CC4A71,11,ascii,"'24DD54DQE,",si,,
0x4CC5612,0x4CC561D,11,ascii,T%CB3Q3%c1T,si,,
0x4CC65A2,0x4CC65AC,10,ascii,"USDD4CCCC""",si,,
0x4CCAC62,0x4CCAC71,15,ascii,"UnO4E3RrSDTGFU,",si,,
0x4CCB693,0x4CCB6A1,14,ascii,V2FCTCc46DCTb+,si,,
0x4CCBC22,0x4CCBC31,15,ascii,"DS34544CBPD4C""+",si,,
0x4CCBE62,0x4CCBE6C,10,ascii,3%D4DCCA3C,si,,
0x4CCC4E2,0x4CCC4F1,15,ascii,G3d34c3Eb4D55b+,si,,
0x4CCC582,0x4CCC591,15,ascii,PC34d25%D4DD2C+,si,,
0x4CCC6B5,0x4CCC6C1,12,ascii,"""""""!""!112!!+",si,,
0x4CCC973,0x4CCC981,14,ascii,ER3DSRRCBS4B5+,si,,
0x4CCDCC5,0x4CCDCD1,12,ascii,7Rb2U44T243+,si,,
0x4CD6F47,0x4CD6F51,10,ascii,6A2TCBS31I,si,,
0x4CDB6E7,0x4CDB6F1,10,ascii,eF4aSFDE5%,si,,
0x4CDE075,0x4CDE081,12,ascii,D%7egE03COp+,si,,
0x4CDEF54,0x4CDEF5E,10,ascii,"D46E""U3a3S",si,,
0x4CDF852,0x4CDF861,15,ascii,"5&EDDa3c""T3RSb+",si,,
0x4CDFBC7,0x4CDFBD1,10,ascii,6S4S154DR+,si,,
0x4CE3143,0x4CE314E,11,ascii, 1?!!QSn!cB,si,,
0x4CED857,0x4CED861,10,ascii,VCPCD33 4+,,,
0x4CEDA15,0x4CEDA21,12,ascii,6DCoSVUSDF%+,si,,
0x4CFF802,0x4CFF80D,11,ascii,"34DC4DS43""P",si,,
0x4CFFA44,0x4CFFA51,13,ascii,"2""""UGdWwUfge3",si,,
0x4D05BD7,0x4D05BE1,10,ascii,F1bR2SUbS+,si,,
0x4D06764,0x4D06771,13,ascii,"cRR5QD3Csn62,",si,,
0x4D068B2,0x4D068BC,10,ascii,%TQBT3T24S,si,,
0x4D06D14,0x4D06D1F,11,ascii,Wc%BC46SDED,si,,
0x4D17172,0x4D1717F,13,ascii,dU5 C33D43!3S,,,
0x4D1C063,0x4D1C06D,10,ascii,"! !""""23""3""",,,
0x4D28732,0x4D2873E,12,ascii,!BCSSDD3DDEF,si,,
0x4D3C452,0x4D3C45D,11,ascii,Te3BfRb%BPe,si,,
0x4D3C752,0x4D3C760,14,ascii,DDCDD334C34333,si,,
0x4D40DE2,0x4D40DEC,10,ascii,4CC4ESD5U5,si,,
0x4D42227,0x4D42231,10,ascii,R4UEeWTF3&,si,,
0x4D45462,0x4D4546E,12,ascii,DS3B3U32T%ST,si,,
0x4D49094,0x4D490A1,13,ascii,"?0""TD4SC3244+",si,,
0x4D499B2,0x4D499BE,12,ascii,AS3CeTC34145,,si,
0x4D49B02,0x4D49B0C,10,ascii,EBCS45D544,si,,
0x4D4A034,0x4D4A041,13,ascii,%BEC455SBT4C+,si,,
0x4D4A5F2,0x4D4A5FD,11,ascii,C4DCCDRSP23,si,,
0x4D4A802,0x4D4A811,15,ascii,QBBD345DCD4TSS+,si,,
0x4D4AF05,0x4D4AF11,12,ascii,EB244323C!4+,si,,
0x4D4B3A2,0x4D4B3AD,11,ascii,D4434333333,si,,
0x4D4E085,0x4D4E08F,10,ascii,"eC""cFTDURD",si,,
0x4D4E0F4,0x4D4E101,13,ascii,T% 3T35D32C 5,,,
0x4D53C35,0x4D53C41,12,ascii,"N2%51""4%R3""&",si,,
0x4D59B47,0x4D59B51,10,ascii,ER4CE4254+,si,,
0x4D5A397,0x4D5A3A1,10,ascii,3CCEES234+,si,,
0x4D5A472,0x4D5A47D,11,ascii,"DoESC""3TQEC",si,,
0x4D5AFF3,0x4D5B001,14,ascii,DTCDeDbC&STd2+,si,,
0x4D5E193,0x4D5E19E,11,ascii,"""223CCD5EUU",si,,
0x4D63837,0x4D63841,10,ascii,"RN3dbU6C"",",si,,
0x4D6FDF4,0x4D6FDFE,10,ascii,1D53uu1BT%,si,,
0x4D71F97,0x4D71FA1,10,ascii,-!  CDCrc',,,
0x4D8D185,0x4D8D191,12,ascii,"D3SCcC3RU4C,",si,,
0x4D8E552,0x4D8E561,15,ascii,"5EDEcD5ESFoV3F,",si,,
0x4DA0882,0x4DA0891,15,ascii,DTC%C6coBCA4dC+,si,,
0x4DA0D32,0x4DA0D3D,11,ascii,ONO ?1O/0Nl,,,
0x4DA0E22,0x4DA0E2D,11,ascii,DFR%tD'dU%',si,,
0x4DA1232,0x4DA1240,14,ascii,C4333D33433333,si,,
0x4DA1242,0x4DA1250,14,ascii,ffVeUUUUUUEUTU,si,,
0x4DA94D2,0x4DA94DF,13,ascii,C3TEEedUdeEED,si,,
0x4DA9552,0x4DA955E,12,ascii,455DDT4FeTEE,si,,
0x4DB3712,0x4DB3720,14,ascii,D4D43CC3334333,si,,
0x4DB5070,0x4DB509E,46,ascii,This diagram shows you where\nBeyond's located.,,si,
0x4DB50B0,0x4DB50C6,22,ascii,In an orbit around L5.,,si,
0x4DB50D8,0x4DB5122,74,ascii,A stable position in relation to\nHome and the Moon's gravitational\nforces.,,si,
0x4DB7436,0x4DB7440,10,ascii,"""3DC4DDCTD",si,,
0x4DB75A6,0x4DB75B0,10,ascii,143UET51Af,si,,
0x4DBECE2,0x4DBECF0,14,ascii,5DCC2eEEFDdTEC,si,,
0x4DBEF02,0x4DBEF10,14,ascii,eeeDUffdUVDdDD,si,,
0x4DBEF12,0x4DBEF20,14,ascii,DVEUUFUTDEdUEV,si,,
0x4DBEF22,0x4DBEF30,14,ascii,FUFEUDUUFFEV3D,si,,
0x4DBEF32,0x4DBEF40,14,ascii,V6UCUT4CDUfeVU,si,,
0x4DBEFD2,0x4DBEFE0,14,ascii,UFdTUUeFUdVEDe,si,,
0x4DBEFE2,0x4DBEFF0,14,ascii,EC4S4dCDTDEUUD,si,,
0x4DBF002,0x4DBF010,14,ascii,fFTS5D44DTFEUU,si,,
0x4DBF012,0x4DBF020,14,ascii,eVDVfUdVeUeFd4,si,,
0x4DBF032,0x4DBF040,14,ascii,C4C34333C4DCCC,si,,
0x4DC0235,0x4DC0241,12,ascii,"!!""!""!!!1!1,",si,,
0x4DC4302,0x4DC430C,10,ascii,2144CDEDdE,si,,
0x4DC59C2,0x4DC59CC,10,ascii,P2C3C4EAQT,si,,
0x4DC80A7,0x4DC80B1,10,ascii,"""! !0!00!,",,,
0x4DC9732,0x4DC973C,10,ascii,"1!1""""20""""!",si,,
0x4DD77B7,0x4DD77C1,10,ascii,"34""ASB2D44",si,,
0x4DDC282,0x4DDC290,14,ascii,"""233C4DCCDDEE3",si,,
0x4DDC292,0x4DDC2A0,14,ascii,D43233DD423CDD,si,,
0x4DDC2A2,0x4DDC2B0,14,ascii,D34DD3ECDD433C,si,,
0x4DDC2D2,0x4DDC2E0,14,ascii,33CD333CCD43DD,si,,
0x4DDE070,0x4DDE09E,46,ascii,This diagram shows you where\nBeyond's located.,,si,
0x4DDE0B0,0x4DDE0C6,22,ascii,In an orbit around L5.,,si,
0x4DDE0D8,0x4DDE122,74,ascii,A stable position in relation to\nHome and the Moon's gravitational\nforces.,,si,
0x4DE06F4,0x4DE0701,13,ascii,"42P?4D1""5CB""+",si,,
0x4DE9C77,0x4DE9C81,10,ascii,"2!""!111!""+",si,,
0x4DEA0C7,0x4DEA0D1,10,ascii,&4eSRC3U3+,si,,
0x4DEA2E5,0x4DEA2F1,12,ascii,f34UCT5Eu3C+,si,,
0x4DEA4C2,0x4DEA4CD,11,ascii,3U4E3SS3C4E,si,,
0x4DEA502,0x4DEA511,15,ascii,DbaS5EDC4DSCCR+,si,,
0x4DEB202,0x4DEB20C,10,ascii,%43pS2QD%5,si,,
0x4DF1EC7,0x4DF1ED1,10,ascii,ecDCdc6%Q+,si,,
0x4DF21F2,0x4DF21FD,11,ascii,2T%5CdUU%U5,si,,
0x4DF27F2,0x4DF2801,15,ascii,pCEET4T54%%B5U+,si,,
0x4DF2872,0x4DF287F,13,ascii,Tco3E44TQEB5C,si,,
0x4DF2EE2,0x4DF2EF1,15,ascii,S6EEcp55%C3333+,si,,
0x4DF2F82,0x4DF2F8F,13,ascii,7eC7CEc3B%5E4,si,,
0x4DF3222,0x4DF3231,15,ascii,G46CCEEEcTABC3+,si,,
0x4DF3252,0x4DF3260,14,ascii,Pb2TCC&D4DTECD,si,,
0x4DF35F5,0x4DF3601,12,ascii,WSFCET34D56+,si,,
0x4DF3687,0x4DF3691,10,ascii,U4444TBER+,si,,
0x4DF3926,0x4DF3931,11,ascii,"""""""""""""2O""1,",si,,
0x4DF3A72,0x4DF3A7C,10,ascii,R4DCDDC4%D,si,,
0x4DF4176,0x4DF4181,11,ascii,44cbEDSDDS+,si,,
0x4DF4242,0x4DF4251,15,ascii,pCDC4UR4E4T3ES+,si,,
0x4DF4302,0x4DF430C,10,ascii,dbBQB23BE',si,,
0x4E03C84,0x4E03C91,13,ascii,"/4312EUC""C33&",si,,
0x4E09070,0x4E090A6,54,ascii,This corner features exhibits on\nspace exploration.   ,,si,
0x4E0B2B2,0x4E0B2C0,14,ascii,DETUeffUVVVVff,si,,
0x4E0B416,0x4E0B420,10,ascii,"""34TD44DUV",si,,
0x4E15552,0x4E15560,14,ascii,fffUUDD33333CD,si,,
0x4E15562,0x4E15570,14,ascii,"33""""4DTeUDT4UD",si,,
0x4E15572,0x4E15580,14,ascii,CTUUTffU53TTDB,si,,
0x4E156A2,0x4E156B0,14,ascii,C333343D433332,si,,
0x4E156C2,0x4E156D0,14,ascii,EEUUUEDUUDEDTE,si,,
0x4E156D2,0x4E156E0,14,ascii,DDDD4DCDDD4434,si,,
0x4E156E2,0x4E156F0,14,ascii,333CUUTDEDD4DD,si,,
0x4E156F2,0x4E15700,14,ascii,DDDDDDEDDTDDEU,si,,
0x4E15702,0x4E15710,14,ascii,EDDCDTDDDDDDTD,si,,
0x4E15712,0x4E15720,14,ascii,DDDDDDTTUDTDDE,si,,
0x4E15722,0x4E15730,14,ascii,DTETDDDDDDDDDD,si,,
0x4E15732,0x4E15740,14,ascii,DDDDDDDDDD5DDC,si,,
0x4E15742,0x4E15750,14,ascii,DC4D433D33334C,si,,
0x4E15752,0x4E15760,14,ascii,4D343433333333,si,,
0x4E17890,0x4E178D6,70,ascii,This is the plaque from Pioneers\n10 and 11 aimed at ET civilizations. ,,si,
0x4E178E8,0x4E1791A,50,ascii,I don't see anything that looks like\na message.   ,,si,
0x4E1792C,0x4E1793E,18,ascii,"Guess not, then.  ",,si,
0x4E19742,0x4E19750,14,ascii,"2""3C3333C333C3",si,,
0x4E19752,0x4E19760,14,ascii,3332CD3DTDDUET,si,,
0x4E19762,0x4E19770,14,ascii,DDC3DDDDDDEUEU,si,,
0x4E19772,0x4E19780,14,ascii,TTDDDDUUUEUDUU,si,,
0x4E19EB7,0x4E19EC1,10,ascii," !15DS53B""",,,
0x4E1EDC6,0x4E1EDD1,11,ascii,"""5e ""4%?02E",,,
0x4E2A3F2,0x4E2A3FF,13,ascii,"RB1""""433CPRc2",si,,
0x4E2BA07,0x4E2BA11,10,ascii,2!CfT2CR3C,si,,
0x4E316D2,0x4E316DE,12,ascii,"!"" 2?"" 20!!2",,,
0x4E31F92,0x4E31F9C,10,ascii,0!!01! 1 1,,,
0x4E38402,0x4E3840C,10,ascii,"DUEEDD3D""2",si,,
0x4E384D2,0x4E384E0,14,ascii,"""""""""2C33344333",si,,
0x4E385E2,0x4E385F0,14,ascii,ffVVUEUTEDD33D,si,,
0x4E3A0C0,0x4E3A0E2,34,ascii,We're back at the Space Corner.   ,,si,
0x4E3A0F4,0x4E3A10E,26,ascii,What's that doing here?   ,,si,
0x4E3A120,0x4E3A14E,46,ascii,It's a Lunar suit.  This is the Space\nCorner. ,,si,
0x4E3A160,0x4E3A186,38,ascii,I... I think there's someone inside.  ,,,
0x4E3A198,0x4E3A1B6,30,ascii,Like an actor for an exhibit? ,,si,
0x4E3A1C8,0x4E3A1DA,18,ascii,I don't think so. ,,si,
0x4E3A1EC,0x4E3A216,42,ascii,Looks like our date didn't stand us\nup.   ,,si,
0x4E3BF82,0x4E3BF90,14,ascii,"3C3334C3333""""""",si,,
0x4E3D232,0x4E3D23C,10,ascii,"24!""4""DB""C",si,,
0x4E3F792,0x4E3F7A0,14,ascii,DD3DUUUETEDEUU,si,,
0x4E3F7A2,0x4E3F7B0,14,ascii,DEefUffVVFUUUE,si,,
0x4E3F7B2,0x4E3F7C0,14,ascii,fEUDDETEDUEUUe,si,,
0x4E3F7C2,0x4E3F7D1,15,ascii,"VV4CTUeUUTeUTE,",si,,
0x4E40562,0x4E40570,14,ascii,33333333333334,si,,
0x4E40712,0x4E40720,14,ascii,DDDDCD333C4334,si,,
0x4E40722,0x4E40730,14,ascii,ffffeVffeUeVUV,si,,
0x4E40732,0x4E40740,14,ascii,VUeUUEEUDUTUTU,si,,
0x4E40742,0x4E40750,14,ascii,DEDTDD4D4DCECD,si,,
0x4E40762,0x4E4076C,10,ascii,"3332""""""""!""",si,,
0x4E40902,0x4E40910,14,ascii,33222233443433,si,,
0x4E40912,0x4E40920,14,ascii,CC3343DD3C4CCD,si,,
0x4E40922,0x4E40930,14,ascii,DDDDDDDEDDDDDU,si,,
0x4E40932,0x4E40940,14,ascii,UETUTUEUUVUUfe,si,,
0x4E40942,0x4E40950,14,ascii,3333333344D433,si,,
0x4E40B02,0x4E40B10,14,ascii,DCDD4DC33CC3CC,si,,
0x4E40B22,0x4E40B30,14,ascii,DDDCDCCD4DD4CC,si,,
0x4E40B32,0x4E40B40,14,ascii,DCDCCCCDD4DDD3,si,,
0x4E40B62,0x4E40B70,14,ascii,4C3333DCDC3C33,si,,
0x4E40B72,0x4E40B80,14,ascii,3333C433344333,si,,
0x4E40B82,0x4E40B90,14,ascii,34D333CC4C4344,si,,
0x4E40B92,0x4E40BA0,14,ascii,33CC4343D43333,si,,
0x4E40BA2,0x4E40BB0,14,ascii,D4433333443333,si,,
0x4E40BB2,0x4E40BC0,14,ascii,C343333C433333,si,,
0x4E40BC2,0x4E40BD0,14,ascii,ffffffffffffff,si,,
0x4E40BD2,0x4E40BE0,14,ascii,3334DD344C3343,si,,
0x4E40BE2,0x4E40BF0,14,ascii,ffffVfffffffff,si,,
0x4E40BF2,0x4E40C00,14,ascii,feVfVffffeffff,si,,
0x4E40C02,0x4E40C10,14,ascii,3343333333C333,si,,
0x4E40C12,0x4E40C20,14,ascii,33333343333333,si,,
0x4E40C22,0x4E40C30,14,ascii,fefUUUeUfUffVU,si,,
0x4E40C32,0x4E40C40,14,ascii,UUUVVUVfeVUUVU,si,,
0x4E40C42,0x4E40C50,14,ascii,VVeUUUUUUUeVVU,si,,
0x4E40C52,0x4E40C60,14,ascii,UeUVUUUUUUUUTU,si,,
0x4E40C62,0x4E40C70,14,ascii,UEUUDTUUUUUUUU,si,,
0x4E40C72,0x4E40C80,14,ascii,UUUEUUETETUDEE,si,,
0x4E40C82,0x4E40C90,14,ascii,EDTDTUDDDDEDTT,si,,
0x4E40C92,0x4E40CA0,14,ascii,DDEEETDTETECDT,si,,
0x4E40CA2,0x4E40CB0,14,ascii,C5DDTDDEEDEDED,si,,
0x4E40CB2,0x4E40CC0,14,ascii,SC44DCC44C4TC4,si,,
0x4E40CC2,0x4E40CD0,14,ascii,4DDC4DCCDC4C33,si,,
0x4E40CF2,0x4E40D00,14,ascii,3433C44D333C34,si,,
0x4E40D42,0x4E40D50,14,ascii,3332C33333C233,si,,
0x4E40D62,0x4E40D70,14,ascii,33333C3334CCCC,si,,
0x4E40D72,0x4E40D80,14,ascii,C3DC344DCD3SC4,si,,
0x4E40D82,0x4E40D90,14,ascii,CD34DCC344DC4D,si,,
0x4E40D92,0x4E40DA0,14,ascii,C3C4CC4D4C3D33,si,,
0x4E40DA2,0x4E40DB0,14,ascii,3C3B34C34C3C33,si,,
0x4E40DC2,0x4E40DD0,14,ascii,DCC4DC4CDCC43C,si,,
0x4E40DD2,0x4E40DE0,14,ascii,5DDD4C3C4CDDC3,si,,
0x4E40DE2,0x4E40DF0,14,ascii,44DCDDDC4CC44D,si,,
0x4E40DF2,0x4E40E00,14,ascii,D4DD4DD3DD4TDD,si,,
0x4E40E02,0x4E40E10,14,ascii,SDETDTDDDEDEDD,si,,
0x4E40E12,0x4E40E20,14,ascii,TEDDECEDETTTTU,si,,
0x4E40E22,0x4E40E30,14,ascii,UDUEDUTTUUTETT,si,,
0x4E40E32,0x4E40E40,14,ascii,UUUDUETUTUETUT,si,,
0x4E40E42,0x4E40E50,14,ascii,TUUTUeUUUVUTVU,si,,
0x4E40E52,0x4E40E60,14,ascii,UUeUVUUUVUVUUf,si,,
0x4E40E62,0x4E40E70,14,ascii,UUeUUTUUUUUUUU,si,,
0x4E40E72,0x4E40E80,14,ascii,UeUUeUeUUeeUUU,si,,
0x4E40E82,0x4E40E90,14,ascii,UUUEUTTDUDTUTD,si,,
0x4E40E92,0x4E40EA0,14,ascii,UDUEDDTDTETDD4,si,,
0x4E40EA2,0x4E40EB0,14,ascii,TDTDTDTDDDDDDD,si,,
0x4E40EB2,0x4E40EC0,14,ascii,DDDTCDD4DCCDCD,si,,
0x4E40EC2,0x4E40ED0,14,ascii,EDDDDC4DDDDCDD,si,,
0x4E40ED2,0x4E40EE0,14,ascii,DC4DCDDDDCCDDC,si,,
0x4E40EE2,0x4E40EF0,14,ascii,4CC43C3C44CC4D,si,,
0x4E40EF2,0x4E40F00,14,ascii,3C4C4DCC34CCC4,si,,
0x4E40F02,0x4E40F10,14,ascii,4D343D33333CDD,si,,
0x4E40F12,0x4E40F20,14,ascii,4CCC3DDC343C3C,si,,
0x4E40F22,0x4E40F30,14,ascii,DCD4DDTC4D4CCD,si,,
0x4E40F32,0x4E40F40,14,ascii,C4DDCDCD5DD443,si,,
0x4E40F42,0x4E40F50,14,ascii,4443CDDC4DC4DD,si,,
0x4E40F52,0x4E40F60,14,ascii,DDDEDD4DD4DDDD,si,,
0x4E40F62,0x4E40F70,14,ascii,D4DCDDDDEEDCDD,si,,
0x4E40F72,0x4E40F80,14,ascii,EDCDDD4DDEDDDU,si,,
0x4E40F82,0x4E40F90,14,ascii,EEEDDTTSDDDED4,si,,
0x4E40F92,0x4E40FA0,14,ascii,TCDD4DD34DC3DD,si,,
0x4E40FA2,0x4E40FB0,14,ascii,DCDCDDDDDDDDDC,si,,
0x4E40FB2,0x4E40FC0,14,ascii,C444C4D4DDD4DD,si,,
0x4E40FC2,0x4E40FD0,14,ascii,DDDDDTDEDDEEUT,si,,
0x4E40FD2,0x4E40FE0,14,ascii,DEDEDDTEDETUEU,si,,
0x4E40FE2,0x4E40FF0,14,ascii,UDDEUTETEEUETU,si,,
0x4E40FF2,0x4E41000,14,ascii,UTTTUUUeUUUEeV,si,,
0x4E41002,0x4E41010,14,ascii,feUUeUVfVUUUfe,si,,
0x4E41012,0x4E41020,14,ascii,VeUVeUUUUUUUVf,si,,
0x4E41022,0x4E41030,14,ascii,ffffffffVffeVf,si,,
0x4E41032,0x4E41040,14,ascii,33333333CC33DC,si,,
0x4E41042,0x4E41050,14,ascii,3443C33433CDCC,si,,
0x4E41052,0x4E41060,14,ascii,33C44333DD4DD4,si,,
0x4E41062,0x4E41070,14,ascii,CD33C4433DCD33,si,,
0x4E41072,0x4E41080,14,ascii,D3333C344433C3,si,,
0x4E41082,0x4E41090,14,ascii,fffefffVeVVeUe,si,,
0x4E41092,0x4E410A0,14,ascii,UfUUVUffeUfUUU,si,,
0x4E410A2,0x4E410B0,14,ascii,UVVfeUVTUUUUUe,si,,
0x4E410B2,0x4E410C0,14,ascii,UUUUeUUUeefVVU,si,,
0x4E410C2,0x4E410D0,14,ascii,UeVeUUUUVUUUUT,si,,
0x4E410D2,0x4E410E0,14,ascii,UUUUUUeeUeUeee,si,,
0x4E410E2,0x4E410F0,14,ascii,VUeVUVeUUUeTUU,si,,
0x4E410F2,0x4E41100,14,ascii,UEVTUUUUUEUUUU,si,,
0x4E41102,0x4E41110,14,ascii,UDUEUTUDDDDETD,si,,
0x4E41112,0x4E41120,14,ascii,UDUUTUUDUUUUDE,si,,
0x4E41122,0x4E41130,14,ascii,EUUDUUEUETUDDD,si,,
0x4E41132,0x4E41140,14,ascii,DEUTUEUTUEUUTU,si,,
0x4E41142,0x4E41150,14,ascii,UDETDTEDUD5UDD,si,,
0x4E41152,0x4E41160,14,ascii,DDEEDUDTTDDDDD,si,,
0x4E41162,0x4E41170,14,ascii,DDDDDCC3DC3D34,si,,
0x4E41172,0x4E41180,14,ascii,C343C443C4CDCC,si,,
0x4E41182,0x4E41190,14,ascii,34D4DCC434C333,si,,
0x4E411A2,0x4E411B0,14,ascii,C4C4333D44DC44,si,,
0x4E411C2,0x4E411D0,14,ascii,333443C3333433,si,,
0x4E411D2,0x4E411E0,14,ascii,4C33444333343D,si,,
0x4E411E2,0x4E411F0,14,ascii,CD4DDTDDCDD54D,si,,
0x4E411F2,0x4E41200,14,ascii,CD4DCDEDDEDDCD,si,,
0x4E41202,0x4E41210,14,ascii,DDDDDTSDD4D4DD,si,,
0x4E41212,0x4E41220,14,ascii,DTDDDTTUTUUUUU,si,,
0x4E41222,0x4E41230,14,ascii,VUUTUUTTEETTET,si,,
0x4E41232,0x4E41240,14,ascii,DEUTDTETTUTfeU,si,,
0x4E41242,0x4E41250,14,ascii,UUeUUVUUUVUUTU,si,,
0x4E41252,0x4E41260,14,ascii,EUUUUUVTUUeUUU,si,,
0x4E41262,0x4E41270,14,ascii,VUUUfUUUUUUUUU,si,,
0x4E41272,0x4E41280,14,ascii,VEUUUUUVeUVeUe,si,,
0x4E41282,0x4E41290,14,ascii,UVfUVfUeeeUUVU,si,,
0x4E41292,0x4E412A0,14,ascii,UeeVeUVUVefffV,si,,
0x4E412A2,0x4E412B0,14,ascii,33433333333333,si,,
0x4E412B2,0x4E412C0,14,ascii,fUUUUeUUUdUeVV,si,,
0x4E412C2,0x4E412D0,14,ascii,UUVEVUUeeVUVfe,si,,
0x4E412D2,0x4E412E0,14,ascii,ffffeefffeffff,si,,
0x4E412E2,0x4E412F0,14,ascii,fffVUefVVfUeUf,si,,
0x4E412F2,0x4E41300,14,ascii,3CC3334333DDCC,si,,
0x4E41302,0x4E41310,14,ascii,34343333C33333,si,,
0x4E41312,0x4E41320,14,ascii,3334C3333334D4,si,,
0x4E41322,0x4E41330,14,ascii,3DD3DD34CDDDC4,si,,
0x4E41332,0x4E41340,14,ascii,CDDD3343333433,si,,
0x4E41342,0x4E41350,14,ascii,C33C33C3443334,si,,
0x4E41352,0x4E41360,14,ascii,3DCCCD33CC3C3C,si,,
0x4E41362,0x4E41370,14,ascii,444333D3333333,si,,
0x4E41372,0x4E41380,14,ascii,3333333333D3C3,si,,
0x4E41382,0x4E41390,14,ascii,333CCC33333333,si,,
0x4E41392,0x4E413A0,14,ascii,eeVfefVUVefUUV,si,,
0x4E413A2,0x4E413B0,14,ascii,VfffefUUffVVVf,si,,
0x4E413B2,0x4E413C0,14,ascii,eefffffffVUUVe,si,,
0x4E413C2,0x4E413D0,14,ascii,UefVeUUfVVfUVf,si,,
0x4E413D2,0x4E413E0,14,ascii,fffVfffeffefff,si,,
0x4E413E2,0x4E413F0,14,ascii,fffffffffffVff,si,,
0x4E413F2,0x4E41400,14,ascii,333333C3433CD3,si,,
0x4E41402,0x4E41410,14,ascii,fffVffffffffVf,si,,
0x4E41412,0x4E41420,14,ascii,eeeUeUeffeVffV,si,,
0x4E41422,0x4E41430,14,ascii,33CCC3333CC333,si,,
0x4E41432,0x4E41440,14,ascii,3333333C333433,si,,
0x4E41442,0x4E41450,14,ascii,333333333333C3,si,,
0x4E41452,0x4E41460,14,ascii,3C333343C3333C,si,,
0x4E41462,0x4E41470,14,ascii,333333C3333333,si,,
0x4E41472,0x4E41480,14,ascii,ffVfffffffeVfV,si,,
0x4E41482,0x4E41490,14,ascii,eUUVVfVUUUVeeU,si,,
0x4E41492,0x4E414A0,14,ascii,33333333C34333,si,,
0x4E414A2,0x4E414B0,14,ascii,33CC3333343343,si,,
0x4E414B2,0x4E414C0,14,ascii,33D333D4CCD3DD,si,,
0x4E414D2,0x4E414E0,14,ascii,DD3D4DDD4D4CD3,si,,
0x4E414E2,0x4E414F0,14,ascii,DDCD44D4DD4DDD,si,,
0x4E414F2,0x4E41500,14,ascii,DDDDCDCC3DD343,si,,
0x4E41502,0x4E41510,14,ascii,43333333333333,si,,
0x4E41512,0x4E41520,14,ascii,eUVfeUeVUUfVeU,si,,
0x4E41522,0x4E41530,14,ascii,UeUVeUUUeTUUUU,si,,
0x4E41532,0x4E41540,14,ascii,UUEUUUEUUUTUUT,si,,
0x4E41542,0x4E41550,14,ascii,UUDUEETUDEU4DD,si,,
0x4E41552,0x4E41560,14,ascii,DDDDC4DCDDC44D,si,,
0x4E41562,0x4E41570,14,ascii,D3CD3C34433444,si,,
0x4E415E2,0x4E415F0,14,ascii,3C332C33C33333,si,,
0x4E415F2,0x4E41600,14,ascii,4DDCDDC4DCDDCE,si,,
0x4E41602,0x4E41610,14,ascii,DDTDTDDDEED5EE,si,,
0x4E41612,0x4E41620,14,ascii,4EDTTTTDTDDDTD,si,,
0x4E41622,0x4E41630,14,ascii,DDUDUETEEDTDTD,si,,
0x4E41632,0x4E41640,14,ascii,DTDDUDEEDEDEDT,si,,
0x4E41642,0x4E41650,14,ascii,TTDTEUEUUDUETT,si,,
0x4E41652,0x4E41660,14,ascii,TTUUUUEUUUUUUV,si,,
0x4E41662,0x4E41670,14,ascii,TUUUTUFUUTUUUV,si,,
0x4E41672,0x4E41680,14,ascii,UUVVVeUeeVVUUe,si,,
0x4E41682,0x4E41690,14,ascii,VUfVUUeUeVffff,si,,
0x4E41692,0x4E416A0,14,ascii,333333333C33CC,si,,
0x4E416A2,0x4E416B0,14,ascii,333C3CC333333C,si,,
0x4E416B2,0x4E416C0,14,ascii,333C3433D4DDD4,si,,
0x4E417D2,0x4E417E0,14,ascii,DDCDDDC44CDCD4,si,,
0x4E417E2,0x4E417F0,14,ascii,4DDCDDCD3CCDDD,si,,
0x4E417F2,0x4E41800,14,ascii,DDDDC4DDD44CDD,si,,
0x4E41802,0x4E41810,14,ascii,DD43334344C3D4,si,,
0x4E41812,0x4E41820,14,ascii,CDC4C443C3C333,si,,
0x4E41822,0x4E41830,14,ascii,33333333333334,si,,
0x4E41832,0x4E41840,14,ascii,C3333333333333,si,,
0x4E41842,0x4E41850,14,ascii,VVeUUUVUUUUUUU,si,,
0x4E41852,0x4E41860,14,ascii,EUUUUUUUEUUTTT,si,,
0x4E41862,0x4E41870,14,ascii,EUUTUUUUDTETUD,si,,
0x4E41872,0x4E41880,14,ascii,UETUDDUUDDUTEE,si,,
0x4E41882,0x4E41890,14,ascii,DEDDDTDDEDDDDD,si,,
0x4E41892,0x4E418A0,14,ascii,DCDDDDDDDTDDTC,si,,
0x4E418A2,0x4E418B0,14,ascii,CDC3DDDDCC4DCD,si,,
0x4E418B2,0x4E418C0,14,ascii,4DC44DCC3DC334,si,,
0x4E418C2,0x4E418D0,14,ascii,33C3343D44CC3D,si,,
0x4E418D2,0x4E418E0,14,ascii,33D4DD4CDC34DC,si,,
0x4E418E2,0x4E418F0,14,ascii,3C3DDC44DC44DC,si,,
0x4E418F2,0x4E41900,14,ascii,4DCDD4DDDCCDC4,si,,
0x4E41902,0x4E41910,14,ascii,D4C4CCDDDDEDDC,si,,
0x4E41912,0x4E41920,14,ascii,DDDDCDTC4DDDDE,si,,
0x4E41922,0x4E41930,14,ascii,DDEDDDDDDDDDTD,si,,
0x4E41932,0x4E41940,14,ascii,TDEDDEEUETTDDD,si,,
0x4E41942,0x4E41950,14,ascii,UTEDEDTEDUTTDE,si,,
0x4E41952,0x4E41960,14,ascii,TEDUEEUTTTDDET,si,,
0x4E41962,0x4E41970,14,ascii,DDETEDESEDETTD,si,,
0x4E41972,0x4E41980,14,ascii,DDDEUUUTDDUDDD,si,,
0x4E41982,0x4E41990,14,ascii,DTUDUUTDDDTDDD,si,,
0x4E41992,0x4E419A0,14,ascii,TDDTDEEDEEDEDD,si,,
0x4E419A2,0x4E419B0,14,ascii,DTTDSDDDUDDTTD,si,,
0x4E419B2,0x4E419C0,14,ascii,EDDDEDDDDEDDDD,si,,
0x4E419C2,0x4E419D0,14,ascii,DTDDEEETDUDTDT,si,,
0x4E419D2,0x4E419E0,14,ascii,EUUDTEEUETUUUE,si,,
0x4E419E2,0x4E419F0,14,ascii,UUUUUUVUUEEUUU,si,,
0x4E419F2,0x4E41A00,14,ascii,TVVUUUUUUTUUUU,si,,
0x4E41A02,0x4E41A10,14,ascii,UUUUUeUUeeUVUf,si,,
0x4E41A12,0x4E41A20,14,ascii,33333333333334,si,,
0x4E41A22,0x4E41A30,14,ascii,3333C333333333,si,,
0x4E41A32,0x4E41A40,14,ascii,333C3333333333,si,,
0x4E41A42,0x4E41A50,14,ascii,3CCC333C4D33C3,si,,
0x4E41A52,0x4E41A60,14,ascii,D4CD343C43333C,si,,
0x4E41A62,0x4E41A70,14,ascii,D3CD4DD343C3CC,si,,
0x4E41A72,0x4E41A80,14,ascii,DCC33D333C44D4,si,,
0x4E41A82,0x4E41A90,14,ascii,DD4D43DD4DDDD4,si,,
0x4E41A92,0x4E41AA0,14,ascii,DCDC34DC3C43DD,si,,
0x4E41AA2,0x4E41AB0,14,ascii,CCDD3D4DCCC4D4,si,,
0x4E41BC2,0x4E41BD0,14,ascii,DD4DD4C4CCDCD4,si,,
0x4E41BF2,0x4E41C00,14,ascii,DDDD4DCDCCDD4C,si,,
0x4E41C22,0x4E41C30,14,ascii,4CDCDDC3D34333,si,,
0x4E41C32,0x4E41C40,14,ascii,43333333333433,si,,
0x4E41C42,0x4E41C50,14,ascii,33DD333D3333C3,si,,
0x4E41C52,0x4E41C60,14,ascii,333333333333C3,si,,
0x4E41C62,0x4E41C70,14,ascii,eeVffefeeeUfVf,si,,
0x4E41C72,0x4E41C80,14,ascii,eeUUVUUUUUeUUU,si,,
0x4E41C82,0x4E41C90,14,ascii,VUVUUeeUeUUefV,si,,
0x4E41C92,0x4E41CA0,14,ascii,feUUUUeVeUUUeU,si,,
0x4E41CA2,0x4E41CB0,14,ascii,UUUVUUeUUfUFUT,si,,
0x4E41CB2,0x4E41CC0,14,ascii,TEEUUUUUTUTUUU,si,,
0x4E41CC2,0x4E41CD0,14,ascii,ETDTUTTEDUDTTE,si,,
0x4E41CD2,0x4E41CE0,14,ascii,DTUDEDEETDTDTD,si,,
0x4E41CE2,0x4E41CF0,14,ascii,EETUDUTTDUEUEE,si,,
0x4E41CF2,0x4E41D00,14,ascii,UDEEUUEUUUUTUU,si,,
0x4E41D02,0x4E41D10,14,ascii,EUUEUUEUUUUUDd,si,,
0x4E41D12,0x4E41D20,14,ascii,UUEUeDUUTUUTTU,si,,
0x4E41D22,0x4E41D30,14,ascii,EUUVUUUUTUUUeU,si,,
0x4E41D32,0x4E41D40,14,ascii,eTTUUEUUTUEEUU,si,,
0x4E41D42,0x4E41D50,14,ascii,EUUUUDUUUUDUDE,si,,
0x4E41D52,0x4E41D60,14,ascii,TDEEDTEDDDEDED,si,,
0x4E41D62,0x4E41D70,14,ascii,DDDDTDD4DDDD4D,si,,
0x4E41D72,0x4E41D80,14,ascii,DC4DC4DD334443,si,,
0x4E41D82,0x4E41D90,14,ascii,D4DC4DC3C44DCC,si,,
0x4E41D92,0x4E41DA0,14,ascii,DC3C4DC4C4D3C4,si,,
0x4E41DA2,0x4E41DB0,14,ascii,44DCD43434C4C4,si,,
0x4E41DB2,0x4E41DC0,14,ascii,4D43C433C4DDD4,si,,
0x4E41DC2,0x4E41DD0,14,ascii,CCC33D4C33CCD3,si,,
0x4E41DD2,0x4E41DE0,14,ascii,CC4DCDD44D44DC,si,,
0x4E41DE2,0x4E41DF0,14,ascii,3CDDDDDDDDDDDD,si,,
0x4E41DF2,0x4E41E00,14,ascii,C4DDDDEDDDCDDD,si,,
0x4E41E02,0x4E41E10,14,ascii,DTDTUUDTUDEDEE,si,,
0x4E41E12,0x4E41E20,14,ascii,UDTDDEEUUEUUET,si,,
0x4E41E22,0x4E41E30,14,ascii,UEUUEUUDUDUDUT,si,,
0x4E41E32,0x4E41E40,14,ascii,TVTUUUUUVTUUUE,si,,
0x4E41E42,0x4E41E50,14,ascii,UUUUUUDUUUUUUU,si,,
0x4E41E52,0x4E41E60,14,ascii,EEUeUUUUTUUTDD,si,,
0x4E41E62,0x4E41E70,14,ascii,UEUUUTDTDDUTED,si,,
0x4E41E72,0x4E41E80,14,ascii,TEUUTUUEEEUUUU,si,,
0x4E41E82,0x4E41E90,14,ascii,UUUEUETDEEEDTT,si,,
0x4E41E92,0x4E41EA0,14,ascii,TUDDDDDUEUUTUU,si,,
0x4E41EA2,0x4E41EB0,14,ascii,EeUeUUUUUUVeUE,si,,
0x4E41EB2,0x4E41EC0,14,ascii,UUUUUUEUeUUUeU,si,,
0x4E41EC2,0x4E41ED0,14,ascii,UdEVVUUVVUUefV,si,,
0x4E41ED2,0x4E41EE0,14,ascii,fVUUUUfUfefUef,si,,
0x4E41EE2,0x4E41EF0,14,ascii,333333333CC333,si,,
0x4E41EF2,0x4E41F00,14,ascii,334C3334C33CD4,si,,
0x4E41F02,0x4E41F10,14,ascii,33D4DDD4CDD4D4,si,,
0x4E41F12,0x4E41F20,14,ascii,33C443D4D333DD,si,,
0x4E41F22,0x4E41F30,14,ascii,D4344333333333,si,,
0x4E41F32,0x4E41F40,14,ascii,C3CC3334333333,si,,
0x4E41F42,0x4E41F50,14,ascii,fVfffefUffUeVe,si,,
0x4E41F52,0x4E41F60,14,ascii,VeVVUUVeUVUeUV,si,,
0x4E41F62,0x4E41F70,14,ascii,UUUUUUEVUUeUUU,si,,
0x4E41F72,0x4E41F80,14,ascii,UUUUUUUUUUEUUT,si,,
0x4E41F82,0x4E41F90,14,ascii,UUTUeUTUVUEUUe,si,,
0x4E41F92,0x4E41FA0,14,ascii,UUUUTUUTUUEUTU,si,,
0x4E41FA2,0x4E41FB0,14,ascii,UUUEUTUUUUUUUT,si,,
0x4E41FB2,0x4E41FC0,14,ascii,UUUUUUUTUUUUUU,si,,
0x4E41FC2,0x4E41FD0,14,ascii,EEEUUeTUUfeUUe,si,,
0x4E41FD2,0x4E41FE0,14,ascii,UffffUVffUVfeU,si,,
0x4E41FE2,0x4E41FF0,14,ascii,VfeVfefVeVVfef,si,,
0x4E41FF2,0x4E42000,14,ascii,33333333333433,si,,
0x4E42002,0x4E42010,14,ascii,33333333333434,si,,
0x4E42012,0x4E42020,14,ascii,fVfffeeefeVfff,si,,
0x4E42022,0x4E42030,14,ascii,fffffffVeVeeUU,si,,
0x4E42032,0x4E42040,14,ascii,VVUUVUfUeUUUVU,si,,
0x4E42042,0x4E42050,14,ascii,eUVUUUVUUUeUEU,si,,
0x4E42052,0x4E42060,14,ascii,UEDEUUDETTDEUE,si,,
0x4E42062,0x4E42070,14,ascii,UUUTUEDTUUFTUE,si,,
0x4E42072,0x4E42080,14,ascii,DETDUETDUDDEUD,si,,
0x4E42082,0x4E42090,14,ascii,TEUUEUUEUEDUDU,si,,
0x4E42092,0x4E420A0,14,ascii,DEEDDEUDEUUUED,si,,
0x4E420A2,0x4E420B0,14,ascii,DTTDETDDTTUDDD,si,,
0x4E420B2,0x4E420C0,14,ascii,EDUEDDDUTUDUEE,si,,
0x4E420C2,0x4E420D0,14,ascii,UEUUTTTEUUTUUU,si,,
0x4E420D2,0x4E420E0,14,ascii,UUUTUUUUUUUUUU,si,,
0x4E420E2,0x4E420F0,14,ascii,ETUUUUUVEUUUTU,si,,
0x4E420F2,0x4E42100,14,ascii,UVEUUTUUUTUEUU,si,,
0x4E42102,0x4E42110,14,ascii,VUUUUUUfdUUeUU,si,,
0x4E42112,0x4E42120,14,ascii,UUUUfUUUUUUUDU,si,,
0x4E42122,0x4E42130,14,ascii,eUUUUUTUeUUTUU,si,,
0x4E42132,0x4E42140,14,ascii,UUUeUeUeUUUUUU,si,,
0x4E42142,0x4E42150,14,ascii,UEUUUUUVUEEEED,si,,
0x4E42152,0x4E42160,14,ascii,UEUUEUUUTUFTUF,si,,
0x4E42162,0x4E42170,14,ascii,TUUUUUEUUUTUUU,si,,
0x4E42172,0x4E42180,14,ascii,UEEUUUUTTUETTU,si,,
0x4E42182,0x4E42190,14,ascii,UUTTETUDUUEEUT,si,,
0x4E42192,0x4E421A0,14,ascii,UUTUUTUUUUedUU,si,,
0x4E421A2,0x4E421B0,14,ascii,UVVeVUUfeefeff,si,,
0x4E421B2,0x4E421C0,14,ascii,fffVVUeVfVfeee,si,,
0x4E421C2,0x4E421D0,14,ascii,fffffffeUfffff,si,,
0x4E421D2,0x4E421E0,14,ascii,33C3C33333C3C3,si,,
0x4E421E2,0x4E421F0,14,ascii,C344C34C33CC33,si,,
0x4E421F2,0x4E42200,14,ascii,3C4D3CC433DDCD,si,,
0x4E42202,0x4E42210,14,ascii,DDD44C4C3334DC,si,,
0x4E42212,0x4E42220,14,ascii,4DD33CCD344333,si,,
0x4E42222,0x4E42230,14,ascii,3DD33DCCC3CDC3,si,,
0x4E42232,0x4E42240,14,ascii,D3DCC4CDDC34D4,si,,
0x4E42242,0x4E42250,14,ascii,33344C3CC44333,si,,
0x4E42252,0x4E42260,14,ascii,fefVVVfefVffef,si,,
0x4E42262,0x4E42270,14,ascii,33333333333443,si,,
0x4E42272,0x4E42280,14,ascii,3333C343333333,si,,
0x4E42282,0x4E42290,14,ascii,33C3333333C33C,si,,
0x4E42292,0x4E422A0,14,ascii,33CD43333C3333,si,,
0x4E422A2,0x4E422B0,14,ascii,33443333333333,si,,
0x4E422B2,0x4E422C0,14,ascii,C333333333334C,si,,
0x4E422C2,0x4E422D0,14,ascii,333334C33334D3,si,,
0x4E422D2,0x4E422E0,14,ascii,DD33C4D3C4CCDC,si,,
0x4E422F2,0x4E42300,14,ascii,CC44DDDDDCDD4D,si,,
0x4E42302,0x4E42310,14,ascii,4D4CCDCCD4CDD3,si,,
0x4E42312,0x4E42320,14,ascii,C333DC333333C3,si,,
0x4E42322,0x4E42330,14,ascii,43433333333333,si,,
0x4E42332,0x4E42340,14,ascii,eVVefffffUffeV,si,,
0x4E42342,0x4E42350,14,ascii,UVVUUUUUUUUUUU,si,,
0x4E42352,0x4E42360,14,ascii,UUTUTEUUUUUUTT,si,,
0x4E42362,0x4E42370,14,ascii,UDUEEUDEEEUDTE,si,,
0x4E42372,0x4E42380,14,ascii,EETDETEUDDEDDE,si,,
0x4E42382,0x4E42390,14,ascii,EEDDDDDDDDDDDE,si,,
0x4E42392,0x4E423A0,14,ascii,TSDSDTDDDDD4DC,si,,
0x4E423A2,0x4E423B0,14,ascii,DTDDDEDET5EDDD,si,,
0x4E423B2,0x4E423C0,14,ascii,DT4EDDCD4DDETD,si,,
0x4E423C2,0x4E423D0,14,ascii,TDEDDDD4DTDDDT,si,,
0x4E423D2,0x4E423E0,14,ascii,EDEDETDTEDUEDE,si,,
0x4E423E2,0x4E423F0,14,ascii,UeTUEUUEDUETUE,si,,
0x4E423F2,0x4E42400,14,ascii,UETDDEDUETUDTU,si,,
0x4E42402,0x4E42410,14,ascii,EETEDEETUTTDUU,si,,
0x4E42412,0x4E42420,14,ascii,UUDUUEEDUDEDED,si,,
0x4E42422,0x4E42430,14,ascii,EDDESDTDDEDEDE,si,,
0x4E42432,0x4E42440,14,ascii,DDEDDT4TDDDDDC,si,,
0x4E42442,0x4E42450,14,ascii,4DCD4DC444DCC3,si,,
0x4E42452,0x4E42460,14,ascii,43C3D3C3434CC3,si,,
0x4E42462,0x4E42470,14,ascii,43CC343D3D3D3C,si,,
0x4E42472,0x4E42480,14,ascii,4334C4DC43CC33,si,,
0x4E42482,0x4E42490,14,ascii,3D34333C34434D,si,,
0x4E42492,0x4E424A0,14,ascii,333D4C4C333CC3,si,,
0x4E424A2,0x4E424B0,14,ascii,43DCD343433C34,si,,
0x4E424B2,0x4E424C0,14,ascii,4CD3334C33D443,si,,
0x4E424C2,0x4E424D0,14,ascii,DD4DDCDDC44CDD,si,,
0x4E424D2,0x4E424E0,14,ascii,D3CCDCDDDTDTDE,si,,
0x4E424E2,0x4E424F0,14,ascii,TDDDTDDDDDDCE4,si,,
0x4E424F2,0x4E42500,14,ascii,DDDDDCDDDDC4DC,si,,
0x4E42502,0x4E42510,14,ascii,DDDCDD4DD4DCTC,si,,
0x4E42512,0x4E42520,14,ascii,DDDTDDTC4DC4CC,si,,
0x4E42522,0x4E42530,14,ascii,DDDDD5TDEC4TC4,si,,
0x4E42532,0x4E42540,14,ascii,DDDC4DD33C43D3,si,,
0x4E42542,0x4E42550,14,ascii,43DCC333CD3434,si,,
0x4E42552,0x4E42560,14,ascii,344C44CD3C433C,si,,
0x4E42562,0x4E42570,14,ascii,44D434DC4DCC4D,si,,
0x4E42572,0x4E42580,14,ascii,CDC4343C333C4D,si,,
0x4E42582,0x4E42590,14,ascii,CD4D344DTDD4DD,si,,
0x4E42592,0x4E425A0,14,ascii,4DDEDDDDCDDDDT,si,,
0x4E425A2,0x4E425B0,14,ascii,TDDDUTEDEDDTDT,si,,
0x4E425B2,0x4E425C0,14,ascii,UTUUUTUVEUETUE,si,,
0x4E425C2,0x4E425D0,14,ascii,TUEUUUEUUEUTUT,si,,
0x4E425D2,0x4E425E0,14,ascii,TTUTUeUUVefUfe,si,,
0x4E425E2,0x4E425F0,14,ascii,UUeeUUUUVeeUUV,si,,
0x4E425F2,0x4E42600,14,ascii,UUTUUUUVVUUdUU,si,,
0x4E42602,0x4E42610,14,ascii,UUfeUVUVVUUUeV,si,,
0x4E42612,0x4E42620,14,ascii,eUUUUVUVUUeeVU,si,,
0x4E42622,0x4E42630,14,ascii,eVVfUUUUfUVUUU,si,,
0x4E42632,0x4E42640,14,ascii,VfeUVVVUVUeeeV,si,,
0x4E42642,0x4E42650,14,ascii,eUVUUefeVffVUe,si,,
0x4E42652,0x4E42660,14,ascii,UVfffVfefVUVUV,si,,
0x4E42662,0x4E42670,14,ascii,eVffVffUUeUUff,si,,
0x4E42672,0x4E42680,14,ascii,fffVfeVUefUeVe,si,,
0x4E42682,0x4E42690,14,ascii,UeUeeUeUUUUeff,si,,
0x4E42692,0x4E426A0,14,ascii,VeVUUUVfeUUUeU,si,,
0x4E426A2,0x4E426B0,14,ascii,eVUUeeVVeUfVeV,si,,
0x4E426B2,0x4E426C0,14,ascii,fVeVUeVefffffe,si,,
0x4E426C2,0x4E426D0,14,ascii,33333333334333,si,,
0x4E426D2,0x4E426E0,14,ascii,C34CD333333333,si,,
0x4E426E2,0x4E426F0,14,ascii,33333334C33333,si,,
0x4E426F2,0x4E42700,14,ascii,CC3333C4C33CC3,si,,
0x4E42702,0x4E42710,14,ascii,44433333343433,si,,
0x4E42712,0x4E42720,14,ascii,3333C333333333,si,,
0x4E42722,0x4E42730,14,ascii,34333333333333,si,,
0x4E42732,0x4E42740,14,ascii,UfVUUVUefUeUef,si,,
0x4E42742,0x4E42750,14,ascii,fffUUUUUDUUUUU,si,,
0x4E42752,0x4E42760,14,ascii,VFTUEUUUeUUEVU,si,,
0x4E42762,0x4E42770,14,ascii,UUUEUUUEDTUTTU,si,,
0x4E42772,0x4E42780,14,ascii,UTUUTUUUUUEDUD,si,,
0x4E42782,0x4E42790,14,ascii,UeTUUUUeUUUFUU,si,,
0x4E42792,0x4E427A0,14,ascii,eUEUEUUUEUUUUU,si,,
0x4E427A2,0x4E427B0,14,ascii,UUTUUUUUTUUUUU,si,,
0x4E427B2,0x4E427C0,14,ascii,UUUeUUUUUUUUUU,si,,
0x4E427C2,0x4E427D0,14,ascii,fVUfUUeUUTeeUU,si,,
0x4E427D2,0x4E427E0,14,ascii,UUUeeeffefffUf,si,,
0x4E427E2,0x4E427F0,14,ascii,ffUUUVUeffefff,si,,
0x4E427F2,0x4E42800,14,ascii,eVeUUUUffVVVeU,si,,
0x4E42802,0x4E42810,14,ascii,UUfVffffUefVUU,si,,
0x4E42812,0x4E42820,14,ascii,UUeVVefUeVUUUU,si,,
0x4E42822,0x4E42830,14,ascii,efVUUUVfUUUUVe,si,,
0x4E42832,0x4E42840,14,ascii,UUUUUUUUUUUUeU,si,,
0x4E42842,0x4E42850,14,ascii,UTUUTUTUVUUUUE,si,,
0x4E42852,0x4E42860,14,ascii,TTeTUTUUUUEDTU,si,,
0x4E42862,0x4E42870,14,ascii,TUETTDUUTUUEUV,si,,
0x4E42872,0x4E42880,14,ascii,UUUefUVUUUUUUV,si,,
0x4E42882,0x4E42890,14,ascii,eUUUeUUUVUeeUU,si,,
0x4E42892,0x4E428A0,14,ascii,UeVUUUVUUUETTU,si,,
0x4E428A2,0x4E428B0,14,ascii,EUeUUUVfUUUUUV,si,,
0x4E428B2,0x4E428C0,14,ascii,VUUUVfefffeeee,si,,
0x4E428C2,0x4E428D0,14,ascii,eVfeUefUVfeeeU,si,,
0x4E428D2,0x4E428E0,14,ascii,VVUeUVefeVffVV,si,,
0x4E428E2,0x4E428F0,14,ascii,UUVUfffffffUfV,si,,
0x4E428F2,0x4E42900,14,ascii,UeUUeUfVVVffVf,si,,
0x4E42902,0x4E42910,14,ascii,ffffVffffUeUUU,si,,
0x4E42912,0x4E42920,14,ascii,fffVffUVUUUUVV,si,,
0x4E42922,0x4E42930,14,ascii,UUeffVfffUUUUV,si,,
0x4E42932,0x4E42940,14,ascii,VVUUUVUVUVeefU,si,,
0x4E42942,0x4E42950,14,ascii,fUUUefffUUUUUe,si,,
0x4E42952,0x4E42960,14,ascii,UUeUUUUUUUUUUU,si,,
0x4E42962,0x4E42970,14,ascii,UVeUUVUVfUUUUU,si,,
0x4E42972,0x4E42980,14,ascii,eUVeUUfeeVVeee,si,,
0x4E42982,0x4E42990,14,ascii,eeefVfUeVeVVVf,si,,
0x4E42992,0x4E429A0,14,ascii,feVffUVeffeeVe,si,,
0x4E429A2,0x4E429B0,14,ascii,C3333333333333,si,,
0x4E429B2,0x4E429C0,14,ascii,C33333333433C3,si,,
0x4E429C2,0x4E429D0,14,ascii,33333C34333C44,si,,
0x4E429D2,0x4E429E0,14,ascii,3CD33D3443CC33,si,,
0x4E429E2,0x4E429F0,14,ascii,CDDCCDCDD43D43,si,,
0x4E429F2,0x4E42A00,14,ascii,3D333DD34343DD,si,,
0x4E42A02,0x4E42A10,14,ascii,DCD43DD3DD43CD,si,,
0x4E42A12,0x4E42A20,14,ascii,3DD43444CCD43D,si,,
0x4E42A22,0x4E42A30,14,ascii,CD43DC4DCD4C33,si,,
0x4E42A32,0x4E42A40,14,ascii,4D33CD4334C333,si,,
0x4E42A42,0x4E42A50,14,ascii,3434433334C333,si,,
0x4E42A52,0x4E42A60,14,ascii,334C33CC3C333C,si,,
0x4E42A62,0x4E42A70,14,ascii,3D333433333333,si,,
0x4E42A72,0x4E42A80,14,ascii,ffffffffVVefUV,si,,
0x4E42A82,0x4E42A90,14,ascii,VVVeffUefUUUef,si,,
0x4E42A92,0x4E42AA0,14,ascii,UeUeUVVUUeeUVU,si,,
0x4E42AA2,0x4E42AB0,14,ascii,UeeeUUUVeeUVeU,si,,
0x4E42AB2,0x4E42AC0,14,ascii,efUUUUVVUeUUVe,si,,
0x4E42AC2,0x4E42AD0,14,ascii,VfffUeUUefffeU,si,,
0x4E42AD2,0x4E42AE0,14,ascii,UUUeeTUUUUUUUV,si,,
0x4E42AE2,0x4E42AF0,14,ascii,UUVeUUUVeeUUef,si,,
0x4E42AF2,0x4E42B00,14,ascii,UVUUUUVUUUUVEU,si,,
0x4E42B02,0x4E42B10,14,ascii,UeUUUeUUTUUUUE,si,,
0x4E42B12,0x4E42B20,14,ascii,UUEUUUEeTEUUUU,si,,
0x4E42B22,0x4E42B30,14,ascii,EUUEUUETUTEEEE,si,,
0x4E42B32,0x4E42B40,14,ascii,DEDEDDTDTDDDTD,si,,
0x4E42B42,0x4E42B50,14,ascii,TDUEEDD4EDTEDD,si,,
0x4E42B52,0x4E42B60,14,ascii,UUDEDUDTDUDDED,si,,
0x4E42B62,0x4E42B70,14,ascii,UD5DDDDDDECC4D,si,,
0x4E42B72,0x4E42B80,14,ascii,DCDC4DDD4DC34D,si,,
0x4E42B82,0x4E42B90,14,ascii,CDDDD4DC4DCCDD,si,,
0x4E42B92,0x4E42BA0,14,ascii,CDDDC43DD4DCDD,si,,
0x4E42BA2,0x4E42BB0,14,ascii,DDDDD4DD4D3DD4,si,,
0x4E42BB2,0x4E42BC0,14,ascii,4CD4DC44DDTDDD,si,,
0x4E42BC2,0x4E42BD0,14,ascii,DDEEDDDTDDTEDE,si,,
0x4E42BD2,0x4E42BE0,14,ascii,TUTUEUEEUEUEDD,si,,
0x4E42BE2,0x4E42BF0,14,ascii,TDTDTDEDTDDTED,si,,
0x4E42BF2,0x4E42C00,14,ascii,ETDDDDDDD5DDDD,si,,
0x4E42C02,0x4E42C10,14,ascii,DD4CDD4CD4D444,si,,
0x4E42C12,0x4E42C20,14,ascii,CCD44C33CC43D3,si,,
0x4E42C92,0x4E42CA0,14,ascii,343333333C3333,si,,
0x4E42CA2,0x4E42CB0,14,ascii,334CC333433333,si,,
0x4E42CB2,0x4E42CC0,14,ascii,3C3434433344C3,si,,
0x4E42CC2,0x4E42CD0,14,ascii,C3343DC3DDC334,si,,
0x4E42CD2,0x4E42CE0,14,ascii,CCC4DDDDDDDCD4,si,,
0x4E42CE2,0x4E42CF0,14,ascii,DDDETDDDDDDDSD,si,,
0x4E42CF2,0x4E42D00,14,ascii,DDDDEUEETDEUDT,si,,
0x4E42D02,0x4E42D10,14,ascii,DDTDTDDEDEDTEU,si,,
0x4E42D12,0x4E42D20,14,ascii,DUTUUUUETDTDED,si,,
0x4E42D22,0x4E42D30,14,ascii,DUDUUDUEEDTDTD,si,,
0x4E42D32,0x4E42D40,14,ascii,DUEEUEUUTTUDUD,si,,
0x4E42D42,0x4E42D50,14,ascii,UUUTUDTUDUEUUT,si,,
0x4E42D52,0x4E42D60,14,ascii,EUEUUUUUEUEUUU,si,,
0x4E42D62,0x4E42D70,14,ascii,UUVUUUeeUEUVUU,si,,
0x4E42D72,0x4E42D80,14,ascii,eeVeeUUUUfVVUU,si,,
0x4E42D82,0x4E42D90,14,ascii,ffVfUUUUeeUUUV,si,,
0x4E42D92,0x4E42DA0,14,ascii,33333333333343,si,,
0x4E42DA2,0x4E42DB0,14,ascii,33333333434333,si,,
0x4E42DB2,0x4E42DC0,14,ascii,33C3433CCC334C,si,,
0x4E42DC2,0x4E42DD0,14,ascii,D4CDD3CD43C4D4,si,,
0x4E42DD2,0x4E42DE0,14,ascii,3D4DC4C3DD33D4,si,,
0x4E42DE2,0x4E42DF0,14,ascii,4C44DDDD4CD434,si,,
0x4E42DF2,0x4E42E00,14,ascii,C43343334C333D,si,,
0x4E42E02,0x4E42E10,14,ascii,C433D443334333,si,,
0x4E42E12,0x4E42E20,14,ascii,VfeUVVfffffVUU,si,,
0x4E42E22,0x4E42E30,14,ascii,UfUVVUVVVUUVUV,si,,
0x4E42E32,0x4E42E40,14,ascii,efUeUUUUUUUeVU,si,,
0x4E42E42,0x4E42E50,14,ascii,UUUUUeEUTUTUUU,si,,
0x4E42E52,0x4E42E60,14,ascii,dUUTUUUUUEUUUU,si,,
0x4E42E62,0x4E42E70,14,ascii,UVUeUUVUUUefVV,si,,
0x4E42E72,0x4E42E80,14,ascii,fUUUUEUUUUUUUe,si,,
0x4E42E82,0x4E42E90,14,ascii,effVVUUUUfUfUU,si,,
0x4E42E92,0x4E42EA0,14,ascii,UUUUUUUVVVeffU,si,,
0x4E42EA2,0x4E42EB0,14,ascii,UeeVeVVVVVVVUf,si,,
0x4E42EB2,0x4E42EC0,14,ascii,UeVeffffffVUUf,si,,
0x4E42EC2,0x4E42ED0,14,ascii,efUefffeVffUfe,si,,
0x4E42ED2,0x4E42EE0,14,ascii,VVUfVefUUUVVeU,si,,
0x4E42EE2,0x4E42EF0,14,ascii,UeVVUVVVeUUUVV,si,,
0x4E42EF2,0x4E42F00,14,ascii,fVVeUfVVfUUUUf,si,,
0x4E42F02,0x4E42F10,14,ascii,ffeUeVUVVUUeUT,si,,
0x4E42F12,0x4E42F20,14,ascii,UUEUUTTTTDUTUE,si,,
0x4E42F22,0x4E42F30,14,ascii,TUTEUUEUTUUEUE,si,,
0x4E42F32,0x4E42F40,14,ascii,DTDEEDTDUUEUUE,si,,
0x4E42F42,0x4E42F50,14,ascii,UUDUETUDTDTUTE,si,,
0x4E42F52,0x4E42F60,14,ascii,TETDUETEDETUDD,si,,
0x4E42F62,0x4E42F70,14,ascii,EUUUUUFUTeEUUU,si,,
0x4E42F72,0x4E42F80,14,ascii,UUUUUUeUUUUUUU,si,,
0x4E42F82,0x4E42F90,14,ascii,UUUUEUUUUVVUUe,si,,
0x4E42F92,0x4E42FA0,14,ascii,UUeUUUUUeUVUVV,si,,
0x4E42FA2,0x4E42FB0,14,ascii,eUUeeUfVUUffff,si,,
0x4E42FB2,0x4E42FC0,14,ascii,fVVUfVUUeeUUVU,si,,
0x4E42FC2,0x4E42FD0,14,ascii,UUVVUeeVUUUVUU,si,,
0x4E42FD2,0x4E42FE0,14,ascii,UUVEUeUUUUUeEe,si,,
0x4E42FE2,0x4E42FF0,14,ascii,UEUUUUUUUUUUVT,si,,
0x4E42FF2,0x4E43000,14,ascii,TUTUUVUUUeUUVU,si,,
0x4E43002,0x4E43010,14,ascii,EUUUTUUUeUUEUU,si,,
0x4E43012,0x4E43020,14,ascii,FUEUEETUUTETET,si,,
0x4E43022,0x4E43030,14,ascii,UDTEDUEDDTEDET,si,,
0x4E43032,0x4E43040,14,ascii,UDEETUDUETEEEE,si,,
0x4E43042,0x4E43050,14,ascii,TEETEUUEUDUDET,si,,
0x4E43052,0x4E43060,14,ascii,DDEDTEUETTTUEE,si,,
0x4E43062,0x4E43070,14,ascii,ETTDUUUUEUUEEU,si,,
0x4E43072,0x4E43080,14,ascii,EVeUUUUVeUUUeU,si,,
0x4E43082,0x4E43090,14,ascii,VUUVUfUUUVVUUU,si,,
0x4E43092,0x4E430A0,14,ascii,UeUUeeeUeUUUUU,si,,
0x4E430A2,0x4E430B0,14,ascii,TVVUUeeUTeUeeU,si,,
0x4E430B2,0x4E430C0,14,ascii,VUUVUfVeefefVe,si,,
0x4E430C2,0x4E430D0,14,ascii,fUUUVVffffVfff,si,,
0x4E430D2,0x4E430E0,14,ascii,eUVVeffffVefVe,si,,
0x4E430E2,0x4E430F0,14,ascii,VVVUVUeVVfUVfe,si,,
0x4E430F2,0x4E43100,14,ascii,efVeVffUfVVeVf,si,,
0x4E43102,0x4E43110,14,ascii,33333333433333,si,,
0x4E43112,0x4E43120,14,ascii,CC34333C3C433C,si,,
0x4E43122,0x4E43130,14,ascii,3C343333333333,si,,
0x4E43132,0x4E43140,14,ascii,feeUefffffVVUe,si,,
0x4E43142,0x4E43150,14,ascii,UeVeffVUUUUfVf,si,,
0x4E43152,0x4E43160,14,ascii,efefeVeUVUefff,si,,
0x4E43162,0x4E43170,14,ascii,feffVUUeUUeVVU,si,,
0x4E43172,0x4E43180,14,ascii,eVeUVfeVfUUfUe,si,,
0x4E43182,0x4E43190,14,ascii,VeVfVfffffffff,si,,
0x4E43192,0x4E431A0,14,ascii,3333433433C4CC,si,,
0x4E431A2,0x4E431B0,14,ascii,333334D33334CC,si,,
0x4E431B2,0x4E431C0,14,ascii,CD43D333C343C3,si,,
0x4E431C2,0x4E431D0,14,ascii,4D34DC443C333C,si,,
0x4E431D2,0x4E431E0,14,ascii,C33333C4433333,si,,
0x4E431E2,0x4E431F0,14,ascii,44433333333333,si,,
0x4E431F2,0x4E43200,14,ascii,ffeffffUVUefUU,si,,
0x4E43202,0x4E43210,14,ascii,eeeffffUVUfVeU,si,,
0x4E43212,0x4E43220,14,ascii,UUUUTETUUUUUTU,si,,
0x4E43222,0x4E43230,14,ascii,eUUUUUUUUEUDUT,si,,
0x4E43232,0x4E43240,14,ascii,UUUUUUUDEETUET,si,,
0x4E43242,0x4E43250,14,ascii,UDEDUETDTTTUET,si,,
0x4E43252,0x4E43260,14,ascii,DDDETTDTDEUEDT,si,,
0x4E43262,0x4E43270,14,ascii,DUTTTUDEDTDTDD,si,,
0x4E43272,0x4E43280,14,ascii,DDD5DDDCDTDDDE,si,,
0x4E43282,0x4E43290,14,ascii,EDEDDDEDEDDTDT,si,,
0x4E43292,0x4E432A0,14,ascii,DUDTDDDDDDDUUU,si,,
0x4E432A2,0x4E432B0,14,ascii,UTUUUUUUTTUEUF,si,,
0x4E432B2,0x4E432C0,14,ascii,TEETEDUETUEUDT,si,,
0x4E432C2,0x4E432D0,14,ascii,UDUETTEUETDTUU,si,,
0x4E432D2,0x4E432E0,14,ascii,UUEUETEETEEDDT,si,,
0x4E432E2,0x4E432F0,14,ascii,TDDDDTT4ETTDED,si,,
0x4E432F2,0x4E43300,14,ascii,DTCDCDDD4DDDD4,si,,
0x4E43302,0x4E43310,14,ascii,4CD3433CDD34D4,si,,
0x4E43312,0x4E43320,14,ascii,3D433C23333343,si,,
0x4E43322,0x4E43330,14,ascii,43B3C33C34333C,si,,
0x4E43332,0x4E43340,14,ascii,334C43CD3333C2,si,,
0x4E43362,0x4E43370,14,ascii,3C333443C3DC33,si,,
0x4E43372,0x4E43380,14,ascii,34DCC44CCC4DCD,si,,
0x4E43382,0x4E43390,14,ascii,DCCCDDTDDDDDDD,si,,
0x4E43392,0x4E433A0,14,ascii,D4D4DDDTDDTCDD,si,,
0x4E433A2,0x4E433B0,14,ascii,EDDDCDTDUDDCDD,si,,
0x4E433B2,0x4E433C0,14,ascii,4DCCD3D4DT5EDD,si,,
0x4E433C2,0x4E433D0,14,ascii,D5DCCDTDEDDD44,si,,
0x4E433D2,0x4E433E0,14,ascii,C4C4DDC5DC5DCD,si,,
0x4E433E2,0x4E433F0,14,ascii,CD3DDDC444CC44,si,,
0x4E43422,0x4E43430,14,ascii,3C33B334CDC444,si,,
0x4E43432,0x4E43440,14,ascii,CC33D33C3C3433,si,,
0x4E43442,0x4E43450,14,ascii,C3C3C3C4334DC4,si,,
0x4E43452,0x4E43460,14,ascii,D3D44DDDCDDCDD,si,,
0x4E43462,0x4E43470,14,ascii,DDDEDDEDDTETUD,si,,
0x4E43472,0x4E43480,14,ascii,DDUEUEEEUETUEU,si,,
0x4E43482,0x4E43490,14,ascii,EUUUUeeefVUVUU,si,,
0x4E43492,0x4E434A0,14,ascii,eUVVUUeUVfVeUf,si,,
0x4E434A2,0x4E434B0,14,ascii,fUfVfVffffffff,si,,
0x4E434B2,0x4E434C0,14,ascii,33333333433333,si,,
0x4E434C2,0x4E434D0,14,ascii,33333333334333,si,,
0x4E434D2,0x4E434E0,14,ascii,334343334C3C43,si,,
0x4E434E2,0x4E434F0,14,ascii,333C3433333333,si,,
0x4E434F2,0x4E43500,14,ascii,C333D443433333,si,,
0x4E43502,0x4E43510,14,ascii,33333333434333,si,,
0x4E43512,0x4E43520,14,ascii,33C3C343D33333,si,,
0x4E43522,0x4E43530,14,ascii,33333DC3333333,si,,
0x4E43532,0x4E43540,14,ascii,efffffffVVUUfV,si,,
0x4E43542,0x4E43550,14,ascii,VffefeffVfffff,si,,
0x4E43552,0x4E43560,14,ascii,fffVeeVUVUeUfe,si,,
0x4E43562,0x4E43570,14,ascii,UeffffVeUUVUVU,si,,
0x4E43572,0x4E43580,14,ascii,efffffVeffffVf,si,,
0x4E43582,0x4E43590,14,ascii,3C3C334333D33C,si,,
0x4E43592,0x4E435A0,14,ascii,C4333C343333C3,si,,
0x4E435A2,0x4E435B0,14,ascii,43333334433D3C,si,,
0x4E435B2,0x4E435C0,14,ascii,33C33333343434,si,,
0x4E435C2,0x4E435D0,14,ascii,3333433333DC33,si,,
0x4E435D2,0x4E435E0,14,ascii,ffffefffffffff,si,,
0x4E435E2,0x4E435F0,14,ascii,VffffefffffVfe,si,,
0x4E435F2,0x4E43600,14,ascii,ffUVVeUUUfVeVV,si,,
0x4E43602,0x4E43610,14,ascii,UUVVeUUUUUUUUU,si,,
0x4E43612,0x4E43620,14,ascii,VUUUVeUUVUUUUU,si,,
0x4E43622,0x4E43630,14,ascii,EUUUUTUDEDEEDE,si,,
0x4E43632,0x4E43640,14,ascii,TEEEUTUDUETEDU,si,,
0x4E43642,0x4E43650,14,ascii,TTEUTUTUEDDUUT,si,,
0x4E43652,0x4E43660,14,ascii,UEDUDUEUUUUUUT,si,,
0x4E43662,0x4E43670,14,ascii,UUEUUUUTTUEEUU,si,,
0x4E43672,0x4E43680,14,ascii,UUUVUUUeUUefef,si,,
0x4E43682,0x4E43690,14,ascii,ffVVUUUeffUUVU,si,,
0x4E43692,0x4E436A0,14,ascii,UeeVeVUUeUeUUU,si,,
0x4E436A2,0x4E436B0,14,ascii,UfeeeUfUeUUeUV,si,,
0x4E436B2,0x4E436C0,14,ascii,fVfVefUVeUfUVU,si,,
0x4E436C2,0x4E436D0,14,ascii,feeUVffUVffVfU,si,,
0x4E436D2,0x4E436E0,14,ascii,eVVVUUUUUfUUUe,si,,
0x4E436E2,0x4E436F0,14,ascii,UfUUfVffeVUUUU,si,,
0x4E436F2,0x4E43700,14,ascii,UVUUUTUEUTUUUU,si,,
0x4E43702,0x4E43710,14,ascii,UUTeUUeUUVUUUV,si,,
0x4E43712,0x4E43720,14,ascii,UUfeeUUVVeUUEU,si,,
0x4E43722,0x4E43730,14,ascii,TUUUUUUUUUUUUU,si,,
0x4E43732,0x4E43740,14,ascii,UUUEeTUUUEUUEU,si,,
0x4E43742,0x4E43750,14,ascii,UUEeUeTUTUTUUU,si,,
0x4E43752,0x4E43760,14,ascii,UUUUUUDUTEETEU,si,,
0x4E43762,0x4E43770,14,ascii,TDTUUDDUDTDUUT,si,,
0x4E43772,0x4E43780,14,ascii,DTTEETEDTUUDTT,si,,
0x4E43782,0x4E43790,14,ascii,TUTUDDTTUEUUUU,si,,
0x4E43792,0x4E437A0,14,ascii,UUTEUEUUUUUUUU,si,,
0x4E437A2,0x4E437B0,14,ascii,UVTUFUUUFFEUUT,si,,
0x4E437B2,0x4E437C0,14,ascii,UEUTUUUVUUUUTU,si,,
0x4E437C2,0x4E437D0,14,ascii,UTUETVeUUeUUUU,si,,
0x4E437D2,0x4E437E0,14,ascii,VUUUUVUUUVEUUU,si,,
0x4E437E2,0x4E437F0,14,ascii,TEEUTEUTTDTUEE,si,,
0x4E437F2,0x4E43800,14,ascii,TEEDTUETUUTUUU,si,,
0x4E43802,0x4E43810,14,ascii,UUUUUUUVVVTeUT,si,,
0x4E43812,0x4E43820,14,ascii,UUUUUVeVUUUfVV,si,,
0x4E43822,0x4E43830,14,ascii,VUUUfUUUUUeffe,si,,
0x4E43832,0x4E43840,14,ascii,fUfUfUUfffffff,si,,
0x4E43842,0x4E43850,14,ascii,ffVfffffefffff,si,,
0x4E43852,0x4E43860,14,ascii,333333C3CCC3CC,si,,
0x4E43862,0x4E43870,14,ascii,4333333D4CC4DC,si,,
0x4E43872,0x4E43880,14,ascii,DD3DCD4DD4DD4D,si,,
0x4E438C2,0x4E438D0,14,ascii,DDDDDDDC4C44D3,si,,
0x4E438D2,0x4E438E0,14,ascii,4CD3C444CDC3CC,si,,
0x4E438E2,0x4E438F0,14,ascii,C33333D3333333,si,,
0x4E438F2,0x4E43900,14,ascii,33433333333333,si,,
0x4E43902,0x4E43910,14,ascii,3C333333333333,si,,
0x4E43912,0x4E43920,14,ascii,fVVVfffffffVfe,si,,
0x4E43922,0x4E43930,14,ascii,feeVVfefffffVf,si,,
0x4E43932,0x4E43940,14,ascii,ffVfeffffeffff,si,,
0x4E43942,0x4E43950,14,ascii,eVeUfUeUeUffeV,si,,
0x4E43952,0x4E43960,14,ascii,feeVVeUfVeffee,si,,
0x4E43962,0x4E43970,14,ascii,efefffUUffVVUV,si,,
0x4E43972,0x4E43980,14,ascii,efefffVeUUUfUU,si,,
0x4E43982,0x4E43990,14,ascii,UVUfUeeeVVVVUe,si,,
0x4E43992,0x4E439A0,14,ascii,UeUUUUUUeeeUUU,si,,
0x4E439A2,0x4E439B0,14,ascii,eeUUeUVeUTUVVU,si,,
0x4E439B2,0x4E439C0,14,ascii,UeeUUUVUVUUUeU,si,,
0x4E439C2,0x4E439D0,14,ascii,UeeUUUUUVUUUUU,si,,
0x4E439D2,0x4E439E0,14,ascii,UUUVUUUTEEDUDT,si,,
0x4E439E2,0x4E439F0,14,ascii,EDETUDTDTDDUTD,si,,
0x4E439F2,0x4E43A00,14,ascii,DDTEDTEDDUEEDE,si,,
0x4E43A02,0x4E43A10,14,ascii,TDDEDDETETTDUD,si,,
0x4E43A12,0x4E43A20,14,ascii,EDTDTTTDTTD4DD,si,,
0x4E43A22,0x4E43A30,14,ascii,TDDDDDDDDDDDDC,si,,
0x4E43A32,0x4E43A40,14,ascii,DDD5EDD4DDEDDD,si,,
0x4E43A42,0x4E43A50,14,ascii,DTDDDDDT4TDTDE,si,,
0x4E43A52,0x4E43A60,14,ascii,DUDDDDDETDTEED,si,,
0x4E43A62,0x4E43A70,14,ascii,TDDDDDDTSTDDDD,si,,
0x4E43A72,0x4E43A80,14,ascii,DDTDTEEUDDDTDE,si,,
0x4E43A82,0x4E43A90,14,ascii,DUUTUUUUUUVUUU,si,,
0x4E43A92,0x4E43AA0,14,ascii,TUUUUUUTUUUUTT,si,,
0x4E43AA2,0x4E43AB0,14,ascii,UUTUVUUUUTUUUU,si,,
0x4E43AB2,0x4E43AC0,14,ascii,UUTUETUUTUTEUU,si,,
0x4E43AC2,0x4E43AD0,14,ascii,EEEUUETDTTTUDT,si,,
0x4E43AD2,0x4E43AE0,14,ascii,SEDTDDTTDEDEDU,si,,
0x4E43AE2,0x4E43AF0,14,ascii,D4DDDC5DCDDCDT,si,,
0x4E43AF2,0x4E43B00,14,ascii,DC4DDD4DDDCD4D,si,,
0x4E43B02,0x4E43B10,14,ascii,CCCDCD44334DD4,si,,
0x4E43B12,0x4E43B20,14,ascii,D3DC4CDC4CCDC4,si,,
0x4E43B22,0x4E43B30,14,ascii,CC3333CCD343CC,si,,
0x4E43B32,0x4E43B40,14,ascii,C43C333D4DC44D,si,,
0x4E43B42,0x4E43B50,14,ascii,C4DC4DC4DCCDCD,si,,
0x4E43B52,0x4E43B60,14,ascii,DDDDDDTDDDDDDD,si,,
0x4E43B62,0x4E43B70,14,ascii,DDTD4DDDDDDEED,si,,
0x4E43B72,0x4E43B80,14,ascii,DDEDDEEEDDDDDT,si,,
0x4E43B82,0x4E43B90,14,ascii,UUETDTUDUEEUEU,si,,
0x4E43B92,0x4E43BA0,14,ascii,DDUEDUUTEUDTDD,si,,
0x4E43BA2,0x4E43BB0,14,ascii,DEETEUDUDEUUEE,si,,
0x4E43BB2,0x4E43BC0,14,ascii,DDDUTEEEUUDDUT,si,,
0x4E43BC2,0x4E43BD0,14,ascii,UETUUEVDUUUeUE,si,,
0x4E43BD2,0x4E43BE0,14,ascii,DUETEDUTTUDTET,si,,
0x4E43BE2,0x4E43BF0,14,ascii,UTEDUEUETDTUDE,si,,
0x4E43BF2,0x4E43C00,14,ascii,UEDEDEDDEDEDED,si,,
0x4E43C02,0x4E43C10,14,ascii,EDEETDTDDETDD4,si,,
0x4E43C12,0x4E43C20,14,ascii,DDEDETDDEEDDTD,si,,
0x4E43C22,0x4E43C30,14,ascii,TTTTUTDTTUETED,si,,
0x4E43C32,0x4E43C40,14,ascii,ETDTUUTUUTUEET,si,,
0x4E43C42,0x4E43C50,14,ascii,UTUUUUUTUEUUUT,si,,
0x4E43C52,0x4E43C60,14,ascii,UUUUVUVUUeVUUV,si,,
0x4E43C62,0x4E43C70,14,ascii,eeeeffeVVeVVVf,si,,
0x4E43C72,0x4E43C80,14,ascii,eeUefefeUVfUeV,si,,
0x4E43C82,0x4E43C90,14,ascii,33334333333333,si,,
0x4E43C92,0x4E43CA0,14,ascii,33333334333333,si,,
0x4E43CA2,0x4E43CB0,14,ascii,3333333333C333,si,,
0x4E43CB2,0x4E43CC0,14,ascii,ffffeVffVVeffV,si,,
0x4E43CC2,0x4E43CD0,14,ascii,UVefUefVVUUUVe,si,,
0x4E43CD2,0x4E43CE0,14,ascii,fVVUffUeUUVeVU,si,,
0x4E43CE2,0x4E43CF0,14,ascii,UfVUVUUVUUUUDU,si,,
0x4E43CF2,0x4E43D00,14,ascii,UUTUfUEUTDEETU,si,,
0x4E43D02,0x4E43D10,14,ascii,DUEUUUUEUDTUDT,si,,
0x4E43D12,0x4E43D20,14,ascii,EUEDUTTEEEDETU,si,,
0x4E43D22,0x4E43D30,14,ascii,DTTTUUEUUUTUTU,si,,
0x4E43D32,0x4E43D40,14,ascii,EUUEUUUUeEUUUU,si,,
0x4E43D42,0x4E43D50,14,ascii,UUUUUUEUUTeUTU,si,,
0x4E43D52,0x4E43D60,14,ascii,UVeUUUVVeUUUVe,si,,
0x4E43D62,0x4E43D70,14,ascii,UUUeUeVEUUUEeU,si,,
0x4E43D72,0x4E43D80,14,ascii,UUUeVUVUUUUUUU,si,,
0x4E43D82,0x4E43D90,14,ascii,UUUUUUUTUEEVUE,si,,
0x4E43D92,0x4E43DA0,14,ascii,UUTUUEUUEeUUUU,si,,
0x4E43DA2,0x4E43DB0,14,ascii,eUUUUEEUDTDEDU,si,,
0x4E43DB2,0x4E43DC0,14,ascii,ETEUDEDEEUDDDD,si,,
0x4E43DC2,0x4E43DD0,14,ascii,UDUTUUTUUDTDUD,si,,
0x4E43DD2,0x4E43DE0,14,ascii,EDUDEETDDD5TDT,si,,
0x4E43DE2,0x4E43DF0,14,ascii,CDDDEDCCDDDDD4,si,,
0x4E43DF2,0x4E43E00,14,ascii,DC4DDDDCDDC3DC,si,,
0x4E43E02,0x4E43E10,14,ascii,C4DD4DDDD5DCCD,si,,
0x4E43E12,0x4E43E20,14,ascii,DDEDDDDDDDDDDD,si,,
0x4E43E22,0x4E43E30,14,ascii,DDDTDTDDDDDDTD,si,,
0x4E43E32,0x4E43E40,14,ascii,EDDDDUDEEEDDEE,si,,
0x4E43E42,0x4E43E50,14,ascii,UDUDEDTTTTUEUE,si,,
0x4E43E52,0x4E43E60,14,ascii,DTUUUTEUUFTTDE,si,,
0x4E43E62,0x4E43E70,14,ascii,EUETUEEUTUUDEE,si,,
0x4E43E72,0x4E43E80,14,ascii,UUUUTUUUTUEVUU,si,,
0x4E43E82,0x4E43E90,14,ascii,EUUUUUVUUUUUUU,si,,
0x4E43E92,0x4E43EA0,14,ascii,UTUTTUUUUUUUUT,si,,
0x4E43EA2,0x4E43EB0,14,ascii,EUUTUTUDDETEDT,si,,
0x4E43EB2,0x4E43EC0,14,ascii,ETDDUUDETTVDUE,si,,
0x4E43EC2,0x4E43ED0,14,ascii,TTTUDDEDETTDDD,si,,
0x4E43ED2,0x4E43EE0,14,ascii,UDTDDDDDDEDEDD,si,,
0x4E43EE2,0x4E43EF0,14,ascii,DDDD4DCCDDDDED,si,,
0x4E43EF2,0x4E43F00,14,ascii,DEDEUDUDTDDETE,si,,
0x4E43F02,0x4E43F10,14,ascii,DUETUEEUTUDEEU,si,,
0x4E43F12,0x4E43F20,14,ascii,DTDDUUDDTEEDUE,si,,
0x4E43F22,0x4E43F30,14,ascii,TUEUUUUUUUUUUE,si,,
0x4E43F32,0x4E43F40,14,ascii,TTUTUUUUUUUUUU,si,,
0x4E43F42,0x4E43F50,14,ascii,UUTUUUUeVeVUUU,si,,
0x4E43F52,0x4E43F60,14,ascii,UVffVUUeUVfVfU,si,,
0x4E43F62,0x4E43F70,14,ascii,UUeUUUUfeffffV,si,,
0x4E43F72,0x4E43F80,14,ascii,UVVUVUVfeeUfee,si,,
0x4E43F82,0x4E43F90,14,ascii,33333333434333,si,,
0x4E43F92,0x4E43FA0,14,ascii,fffefVeVVVfVfV,si,,
0x4E43FA2,0x4E43FB0,14,ascii,33333334343333,si,,
0x4E43FB2,0x4E43FC0,14,ascii,C3433CD34DC44C,si,,
0x4E43FC2,0x4E43FD0,14,ascii,CDC334D333D343,si,,
0x4E43FD2,0x4E43FE0,14,ascii,34333C3333D333,si,,
0x4E43FE2,0x4E43FF0,14,ascii,333333C3CC3343,si,,
0x4E43FF2,0x4E44000,14,ascii,33C333C334CC33,si,,
0x4E44002,0x4E44010,14,ascii,33333343333333,si,,
0x4E44012,0x4E44020,14,ascii,C34C33334C3333,si,,
0x4E44022,0x4E44030,14,ascii,3333333C3333CC,si,,
0x4E44032,0x4E44040,14,ascii,33333C3433C33C,si,,
0x4E44042,0x4E44050,14,ascii,3344433D3CCD34,si,,
0x4E44062,0x4E44070,14,ascii,D44DDD4DDDCCDD,si,,
0x4E44072,0x4E44080,14,ascii,DDCCDDDD44DD4D,si,,
0x4E44082,0x4E44090,14,ascii,DDCD4DDDDCDD44,si,,
0x4E44092,0x4E440A0,14,ascii,DCDCCD4DD4C43D,si,,
0x4E440A2,0x4E440B0,14,ascii,C3DDC44D333C34,si,,
0x4E440B2,0x4E440C0,14,ascii,CD4CC3343333C3,si,,
0x4E440C2,0x4E440D0,14,ascii,fffffefVfVUVUf,si,,
0x4E440D2,0x4E440E0,14,ascii,eUeVUeUVeeUVeU,si,,
0x4E440E2,0x4E440F0,14,ascii,eUUUfUeVUUeeUU,si,,
0x4E440F2,0x4E44100,14,ascii,UUfUfeVUUeVeee,si,,
0x4E44102,0x4E44110,14,ascii,UUUUeeUEeEVUUe,si,,
0x4E44112,0x4E44120,14,ascii,UEUUUdUUTUUUUE,si,,
0x4E44122,0x4E44130,14,ascii,TUTTDUUDUEUDDD,si,,
0x4E44132,0x4E44140,14,ascii,TUEUDUDUDTTDDT,si,,
0x4E44142,0x4E44150,14,ascii,EDEDDTUEUDEUUU,si,,
0x4E44152,0x4E44160,14,ascii,TUUETUUUUUUeTU,si,,
0x4E44162,0x4E44170,14,ascii,UUTTUEUUTTFVUU,si,,
0x4E44172,0x4E44180,14,ascii,UUUUUEUUUUUEUU,si,,
0x4E44182,0x4E44190,14,ascii,eUeUUEUUTdUUUU,si,,
0x4E44192,0x4E441A0,14,ascii,UUEVeUUUVTTUTU,si,,
0x4E441A2,0x4E441B0,14,ascii,UUUUUTUEUUDTTT,si,,
0x4E441B2,0x4E441C0,14,ascii,DTUDEDDDDDEDDT,si,,
0x4E441C2,0x4E441D0,14,ascii,DEUEDEDDDD3D3D,si,,
0x4E441D2,0x4E441E0,14,ascii,DD4DDDDDD44334,si,,
0x4E441E2,0x4E441F0,14,ascii,4DCD4CCC443334,si,,
0x4E441F2,0x4E44200,14,ascii,3CC3333C3333DC,si,,
0x4E44202,0x4E44210,14,ascii,D34CC3444343C3,si,,
0x4E44212,0x4E44220,14,ascii,4343C333CD4D4C,si,,
0x4E44222,0x4E44230,14,ascii,CD43333333B3C3,si,,
0x4E44232,0x4E44240,14,ascii,44C434D3DCDCCD,si,,
0x4E44242,0x4E44250,14,ascii,DDDCDEDDDTDEDT,si,,
0x4E44252,0x4E44260,14,ascii,EEDDDECDDDDCD4,si,,
0x4E44262,0x4E44270,14,ascii,DC4D4C3DCDDDDD,si,,
0x4E44272,0x4E44280,14,ascii,DECED44DCDDEDC,si,,
0x4E44282,0x4E44290,14,ascii,EDDDDED4D3D3DC,si,,
0x4E44292,0x4E442A0,14,ascii,4DCCDDCDD4DDDD,si,,
0x4E442A2,0x4E442B0,14,ascii,D4TDDDDTCDTDDD,si,,
0x4E442B2,0x4E442C0,14,ascii,DDDDDD44DDDDDD,si,,
0x4E442C2,0x4E442D0,14,ascii,C34D3D4DC4DCC3,si,,
0x4E442D2,0x4E442E0,14,ascii,D44DC4DC4TDCDD,si,,
0x4E442E2,0x4E442F0,14,ascii,C4DD4DDCDDCCDD,si,,
0x4E442F2,0x4E44300,14,ascii,44DEDDDD4TDDDD,si,,
0x4E44302,0x4E44310,14,ascii,DDTDTD5EEUEEUD,si,,
0x4E44312,0x4E44320,14,ascii,ETTTUDTUDEDEED,si,,
0x4E44322,0x4E44330,14,ascii,UETETTDUDDEUTU,si,,
0x4E44332,0x4E44340,14,ascii,TUEUUEEUTUUeUU,si,,
0x4E44342,0x4E44350,14,ascii,UUVUEVUUUUUUUU,si,,
0x4E44352,0x4E44360,14,ascii,UUUETEEEUEUTTU,si,,
0x4E44362,0x4E44370,14,ascii,EUUeUUUVefVfVV,si,,
0x4E44372,0x4E44380,14,ascii,efUUVUefVVfVUU,si,,
0x4E44382,0x4E44390,14,ascii,eefeVUUfVefffe,si,,
0x4E44392,0x4E443A0,14,ascii,fUUUUUfeffffef,si,,
0x4E443A2,0x4E443B0,14,ascii,UUfVeeUffVffVV,si,,
0x4E443B2,0x4E443C0,14,ascii,VVVUVeeUUVffVV,si,,
0x4E443C2,0x4E443D0,14,ascii,33333333333334,si,,
0x4E443D2,0x4E443E0,14,ascii,fffVeeVVeVfVVV,si,,
0x4E443E2,0x4E443F0,14,ascii,eVfffeVUVfVVUf,si,,
0x4E443F2,0x4E44400,14,ascii,UVffUfeVfUffeU,si,,
0x4E44402,0x4E44410,14,ascii,UeeUEEVeUUUUfe,si,,
0x4E44412,0x4E44420,14,ascii,eUUUVeeUUVeeUU,si,,
0x4E44422,0x4E44430,14,ascii,UUeUUTeUfUUVUU,si,,
0x4E44432,0x4E44440,14,ascii,VUUefeUUUUUTEU,si,,
0x4E44442,0x4E44450,14,ascii,UUUUeUUUUUeUUE,si,,
0x4E44452,0x4E44460,14,ascii,VffffffVUUVfVe,si,,
0x4E44462,0x4E44470,14,ascii,VfUfeVfefefUVU,si,,
0x4E44472,0x4E44480,14,ascii,UUfefVffffffef,si,,
0x4E44482,0x4E44490,14,ascii,ffVfUUeUVUfVff,si,,
0x4E44492,0x4E444A0,14,ascii,fefVVffffffUeU,si,,
0x4E444A2,0x4E444B0,14,ascii,efVVffffVUUUfe,si,,
0x4E444B2,0x4E444C0,14,ascii,UVUUUUVVUUUVVV,si,,
0x4E444C2,0x4E444D0,14,ascii,UUUfeeVUUUeUTU,si,,
0x4E444D2,0x4E444E0,14,ascii,UUUUEUUUUUUeVU,si,,
0x4E444E2,0x4E444F0,14,ascii,UeUUUeUUUUUEUU,si,,
0x4E444F2,0x4E44500,14,ascii,EEUUUUUTUEUUUU,si,,
0x4E44502,0x4E44510,14,ascii,EEUTTTETDTTTDT,si,,
0x4E44512,0x4E44520,14,ascii,TUEUETUUDTUUTU,si,,
0x4E44522,0x4E44530,14,ascii,EUDDUDUUEUUUTU,si,,
0x4E44532,0x4E44540,14,ascii,VTVUUUTTTUUEUU,si,,
0x4E44542,0x4E44550,14,ascii,UTUUTTUUUUUdTE,si,,
0x4E44552,0x4E44560,14,ascii,UUeEUVUUTUUUee,si,,
0x4E44562,0x4E44570,14,ascii,VVUUeUUUUVUUUU,si,,
0x4E44572,0x4E44580,14,ascii,eUUUUUUETUDTDE,si,,
0x4E44582,0x4E44590,14,ascii,EUUTEEUTUETETT,si,,
0x4E44592,0x4E445A0,14,ascii,DEDTDUUUUDEDTE,si,,
0x4E445A2,0x4E445B0,14,ascii,TDDETDEUEETEED,si,,
0x4E445B2,0x4E445C0,14,ascii,DDDETDDDDD4D44,si,,
0x4E445C2,0x4E445D0,14,ascii,DCDD4DDDDD4DDD,si,,
0x4E445D2,0x4E445E0,14,ascii,DDDEDDEDDDEDDC,si,,
0x4E445E2,0x4E445F0,14,ascii,D44DDDDDTC44DD,si,,
0x4E445F2,0x4E44600,14,ascii,D33CDD3D344DCD,si,,
0x4E44602,0x4E44610,14,ascii,TCSDC4DC4CDC4D,si,,
0x4E44612,0x4E44620,14,ascii,CDTDED4DDDDCDD,si,,
0x4E44622,0x4E44630,14,ascii,DDDDDCDDDDEUED,si,,
0x4E44632,0x4E44640,14,ascii,EUEDDETTTTTUDE,si,,
0x4E44642,0x4E44650,14,ascii,UUTDDUTEEUDUEU,si,,
0x4E44652,0x4E44660,14,ascii,TETETDTEDTEUET,si,,
0x4E44662,0x4E44670,14,ascii,UEEUUTUVUUUUUe,si,,
0x4E44672,0x4E44680,14,ascii,UeUUUVUUUUUfVU,si,,
0x4E44682,0x4E44690,14,ascii,UVUUeeeUfefVfe,si,,
0x4E44692,0x4E446A0,14,ascii,UUUeeUUeUeVfVf,si,,
0x4E446A2,0x4E446B0,14,ascii,UUeUefffeUUUeU,si,,
0x4E446B2,0x4E446C0,14,ascii,VUUVVUUUeeeUUU,si,,
0x4E446C2,0x4E446D0,14,ascii,UeeeUUUeUUeVUV,si,,
0x4E446D2,0x4E446E0,14,ascii,VeeUfUUUUUeUVf,si,,
0x4E446E2,0x4E446F0,14,ascii,UUUUeUUUeUUUUe,si,,
0x4E446F2,0x4E44700,14,ascii,eeUUUefffeVUVV,si,,
0x4E44702,0x4E44710,14,ascii,UfUfVfffefffff,si,,
0x4E44712,0x4E44720,14,ascii,333333333333C3,si,,
0x4E44722,0x4E44730,14,ascii,33433CD4DDDCDC,si,,
0x4E447A2,0x4E447B0,14,ascii,DDDDD4DDD4DD4D,si,,
0x4E447B2,0x4E447C0,14,ascii,4D4D3D3D333344,si,,
0x4E447C2,0x4E447D0,14,ascii,4C334C33333333,si,,
0x4E447D2,0x4E447E0,14,ascii,33C3343CC3333C,si,,
0x4E447E2,0x4E447F0,14,ascii,33C334C3433333,si,,
0x4E447F2,0x4E44800,14,ascii,ffffffffeVffff,si,,
0x4E44802,0x4E44810,14,ascii,33333433333333,si,,
0x4E44812,0x4E44820,14,ascii,ffffefffUfVeUe,si,,
0x4E44822,0x4E44830,14,ascii,VVefffffffefff,si,,
0x4E44832,0x4E44840,14,ascii,3C333333333333,si,,
0x4E44842,0x4E44850,14,ascii,33333C333C3333,si,,
0x4E44852,0x4E44860,14,ascii,333C3433333333,si,,
0x4E44862,0x4E44870,14,ascii,ffffffVVVVUfUe,si,,
0x4E44872,0x4E44880,14,ascii,UUUfUeUffVUUUU,si,,
0x4E44882,0x4E44890,14,ascii,UVUUUUUUUUUUUU,si,,
0x4E44892,0x4E448A0,14,ascii,TTUUTUUEVUDUTD,si,,
0x4E448A2,0x4E448B0,14,ascii,TUTUUEDEEDDDDT,si,,
0x4E448B2,0x4E448C0,14,ascii,DETUEDEDEDDTET,si,,
0x4E448C2,0x4E448D0,14,ascii,DDDTDDDDDCEDDT,si,,
0x4E448D2,0x4E448E0,14,ascii,DEDEDDDDD4DC4D,si,,
0x4E448E2,0x4E448F0,14,ascii,D44DDDCD44DDCC,si,,
0x4E448F2,0x4E44900,14,ascii,DDCDDDDD44DDDD,si,,
0x4E44902,0x4E44910,14,ascii,C4DDC4DDD4DD44,si,,
0x4E44912,0x4E44920,14,ascii,D44DCD4DDCD3C4,si,,
0x4E44922,0x4E44930,14,ascii,4DDDD4DD4DC5DD,si,,
0x4E44932,0x4E44940,14,ascii,ETDCDDDEDCDDDD,si,,
0x4E44942,0x4E44950,14,ascii,DDDEDEDDDEETDD,si,,
0x4E44952,0x4E44960,14,ascii,UDUUEUDTTTDDDU,si,,
0x4E44962,0x4E44970,14,ascii,UUETEDEDDDEDTE,si,,
0x4E44972,0x4E44980,14,ascii,ETDDEDDDDUTDDD,si,,
0x4E44982,0x4E44990,14,ascii,EDDD4DDC4TC5DC,si,,
0x4E44992,0x4E449A0,14,ascii,DCD4DCCDDDCDDD,si,,
0x4E449B2,0x4E449C0,14,ascii,33324332333333,si,,
0x4E44A12,0x4E44A20,14,ascii,333332C33343DC,si,,
0x4E44A22,0x4E44A30,14,ascii,C344C3D3CC3343,si,,
0x4E44A32,0x4E44A40,14,ascii,C4333C33D4DDCD,si,,
0x4E44A42,0x4E44A50,14,ascii,4433DDCDC44DCD,si,,
0x4E44A52,0x4E44A60,14,ascii,UDTDDEDEDDTDTE,si,,
0x4E44A62,0x4E44A70,14,ascii,UeDEDTEUTTUUUU,si,,
0x4E44A72,0x4E44A80,14,ascii,eTUUUTUETUTDUT,si,,
0x4E44A82,0x4E44A90,14,ascii,TDUDTEEUUTUUUU,si,,
0x4E44A92,0x4E44AA0,14,ascii,UEUEUTUFUUDTUU,si,,
0x4E44AA2,0x4E44AB0,14,ascii,TUEUUETUTDDEET,si,,
0x4E44AB2,0x4E44AC0,14,ascii,DDEDDTDUUUUEUE,si,,
0x4E44AC2,0x4E44AD0,14,ascii,UUDTEUEDEDUTTD,si,,
0x4E44AD2,0x4E44AE0,14,ascii,DETTDUTUDUEETD,si,,
0x4E44AE2,0x4E44AF0,14,ascii,UETDEEDEUTUUUU,si,,
0x4E44AF2,0x4E44B00,14,ascii,UUUUUUUUUeUUUU,si,,
0x4E44B02,0x4E44B10,14,ascii,UVUeUVUUUeVUVU,si,,
0x4E44B12,0x4E44B20,14,ascii,UUVUeUefVeeeeV,si,,
0x4E44B22,0x4E44B30,14,ascii,VeUVeeUVfffVfV,si,,
0x4E44B32,0x4E44B40,14,ascii,eUUVUeUfVffefe,si,,
0x4E44B42,0x4E44B50,14,ascii,ffffffeffVfVff,si,,
0x4E44B52,0x4E44B60,14,ascii,33C33344333C33,si,,
0x4E44B62,0x4E44B70,14,ascii,VffffVffVfUfef,si,,
0x4E44B72,0x4E44B80,14,ascii,ffUffffVfVffff,si,,
0x4E44B82,0x4E44B90,14,ascii,fffUefUeVeUUUe,si,,
0x4E44B92,0x4E44BA0,14,ascii,ffffVVVVefVeUe,si,,
0x4E44BA2,0x4E44BB0,14,ascii,fVUUUUeUeUUUfe,si,,
0x4E44BB2,0x4E44BC0,14,ascii,UEUTTUUUTUEUUU,si,,
0x4E44BC2,0x4E44BD0,14,ascii,DEDEDTETEEUDTU,si,,
0x4E44BD2,0x4E44BE0,14,ascii,DUEUETUDUEEDTD,si,,
0x4E44BE2,0x4E44BF0,14,ascii,TDTDTDUDTDTDTT,si,,
0x4E44BF2,0x4E44C00,14,ascii,UDUETDEDDDETET,si,,
0x4E44C02,0x4E44C10,14,ascii,DDEDEDETETUTTD,si,,
0x4E44C12,0x4E44C20,14,ascii,EUUETTDUUUUUTU,si,,
0x4E44C22,0x4E44C30,14,ascii,UUUUUTTUUUEUTU,si,,
0x4E44C32,0x4E44C40,14,ascii,UTUeTUeUTUVUVU,si,,
0x4E44C42,0x4E44C50,14,ascii,eUVeeeUUUVUVUe,si,,
0x4E44C52,0x4E44C60,14,ascii,eUVUUeUUUUUUUU,si,,
0x4E44C62,0x4E44C70,14,ascii,UeeUfUUUUUVUUU,si,,
0x4E44C72,0x4E44C80,14,ascii,UVeeUUVeUTUeUV,si,,
0x4E44C82,0x4E44C90,14,ascii,UeUUUUUEUUEUET,si,,
0x4E44C92,0x4E44CA0,14,ascii,EDUEEUEUUDTTUU,si,,
0x4E44CA2,0x4E44CB0,14,ascii,TUDTEETDTDUDUE,si,,
0x4E44CB2,0x4E44CC0,14,ascii,TEUUTUEUUUUUUU,si,,
0x4E44CC2,0x4E44CD0,14,ascii,UUUUUUUEEUUDUU,si,,
0x4E44CD2,0x4E44CE0,14,ascii,TETUUEUUUUUDUT,si,,
0x4E44CE2,0x4E44CF0,14,ascii,UUUUUUUEUUEUUU,si,,
0x4E44CF2,0x4E44D00,14,ascii,DUEUUEUUUTTTTT,si,,
0x4E44D02,0x4E44D10,14,ascii,TTUETEUUUUUTUU,si,,
0x4E44D12,0x4E44D20,14,ascii,UUeUVeUUUeUTUf,si,,
0x4E44D22,0x4E44D30,14,ascii,VUUUffUUeUeUUU,si,,
0x4E44D32,0x4E44D40,14,ascii,UfVeeUUUUeVfeU,si,,
0x4E44D42,0x4E44D50,14,ascii,UUffeVVUUeVeVU,si,,
0x4E44D52,0x4E44D60,14,ascii,UUfUUUfffUVefU,si,,
0x4E44D62,0x4E44D70,14,ascii,fffeUUUVeUVUUU,si,,
0x4E44D72,0x4E44D80,14,ascii,UVeUUUUfefVUUV,si,,
0x4E44D82,0x4E44D90,14,ascii,UeVUUVeUUUeeUU,si,,
0x4E44D92,0x4E44DA0,14,ascii,UUVeUUUVeUUUUU,si,,
0x4E44DA2,0x4E44DB0,14,ascii,UUVfVVUUUTUUUU,si,,
0x4E44DB2,0x4E44DC0,14,ascii,UUUUUUUEUUTUET,si,,
0x4E44DC2,0x4E44DD0,14,ascii,UEUUUTUUTUUUUD,si,,
0x4E44DD2,0x4E44DE0,14,ascii,UEEETETTDETUTU,si,,
0x4E44DE2,0x4E44DF0,14,ascii,ETTEUUDUUTUUTT,si,,
0x4E44DF2,0x4E44E00,14,ascii,UDUUEUTEEUUUUU,si,,
0x4E44E02,0x4E44E10,14,ascii,VUUUeeUVUUVfUU,si,,
0x4E44E12,0x4E44E20,14,ascii,efUVVUUeUUUVfe,si,,
0x4E44E22,0x4E44E30,14,ascii,UUVUUVUdUfUeVU,si,,
0x4E44E32,0x4E44E40,14,ascii,UeeVfVUUfUeVfe,si,,
0x4E44E42,0x4E44E50,14,ascii,fVUUVeVeeffffV,si,,
0x4E44E52,0x4E44E60,14,ascii,efVfUUfUeefeVU,si,,
0x4E44E62,0x4E44E70,14,ascii,eeUVVUVfUVVeeU,si,,
0x4E44E72,0x4E44E80,14,ascii,33333333343C33,si,,
0x4E44E82,0x4E44E90,14,ascii,fVfVVeVfeeVfeV,si,,
0x4E44E92,0x4E44EA0,14,ascii,ffffffffffUfff,si,,
0x4E44EA2,0x4E44EB0,14,ascii,fffefUeffVfefV,si,,
0x4E44EB2,0x4E44EC0,14,ascii,fffUUeeVUUUVVe,si,,
0x4E44EC2,0x4E44ED0,14,ascii,fVfVUVUVeVVUUU,si,,
0x4E44ED2,0x4E44EE0,14,ascii,VeUUUUVUVVUeUf,si,,
0x4E44EE2,0x4E44EF0,14,ascii,VVfVVVUUUUffeV,si,,
0x4E44EF2,0x4E44F00,14,ascii,UeUUUfeVffUUVf,si,,
0x4E44F02,0x4E44F10,14,ascii,eVVUUfffVeVfef,si,,
0x4E44F12,0x4E44F20,14,ascii,3333C3333C4433,si,,
0x4E44F22,0x4E44F30,14,ascii,34C33CD44CD4DD,si,,
0x4E44F32,0x4E44F40,14,ascii,DCCCCCCCDDC3D3,si,,
0x4E44F42,0x4E44F50,14,ascii,4CDDD4D4DD4C3D,si,,
0x4E44F52,0x4E44F60,14,ascii,DDCD4DDCC44D4C,si,,
0x4E44F62,0x4E44F70,14,ascii,DDC334D33334C3,si,,
0x4E44F72,0x4E44F80,14,ascii,feffVfffffffff,si,,
0x4E44F82,0x4E44F90,14,ascii,fffffUeffVUUUU,si,,
0x4E44F92,0x4E44FA0,14,ascii,VfeUUeVeUVUUVe,si,,
0x4E44FA2,0x4E44FB0,14,ascii,fUeUUVeeUVUUFE,si,,
0x4E44FB2,0x4E44FC0,14,ascii,UUUUUVVUUUUUUU,si,,
0x4E44FC2,0x4E44FD0,14,ascii,UEEUEUUUDUEUDE,si,,
0x4E44FD2,0x4E44FE0,14,ascii,DDUEUUUTUUTUUT,si,,
0x4E44FE2,0x4E44FF0,14,ascii,UTTUEUUDEDTTUU,si,,
0x4E44FF2,0x4E45000,14,ascii,UTTTDUUUUTTTTU,si,,
0x4E45002,0x4E45010,14,ascii,UUUeDUUEUTUUUT,si,,
0x4E45012,0x4E45020,14,ascii,UUUTUUUUUUUEee,si,,
0x4E45022,0x4E45030,14,ascii,UUeUeUUUUUUUUV,si,,
0x4E45032,0x4E45040,14,ascii,feUUUeeeUUUVeV,si,,
0x4E45042,0x4E45050,14,ascii,UUUVVeVUUUVfUU,si,,
0x4E45052,0x4E45060,14,ascii,UVUUeeVUUUTFUU,si,,
0x4E45062,0x4E45070,14,ascii,ETUDUETUEEDDDT,si,,
0x4E45072,0x4E45080,14,ascii,TDUUDTETTTUTED,si,,
0x4E45082,0x4E45090,14,ascii,TDDTDDEDEDDDD4,si,,
0x4E45092,0x4E450A0,14,ascii,CC4D4CDCDDD334,si,,
0x4E450A2,0x4E450B0,14,ascii,33C3344C3C333C,si,,
0x4E450C2,0x4E450D0,14,ascii,4443D43C333433,si,,
0x4E450D2,0x4E450E0,14,ascii,43333CDDC33D3D,si,,
0x4E450E2,0x4E450F0,14,ascii,3DD3C3C3444343,si,,
0x4E450F2,0x4E45100,14,ascii,33DD4DC3C344CC,si,,
0x4E45102,0x4E45110,14,ascii,CDCDDDDD4DC333,si,,
0x4E45112,0x4E45120,14,ascii,DC4DCCDDDDCCDC,si,,
0x4E45122,0x4E45130,14,ascii,DDDDD5DDDTDDT4,si,,
0x4E45132,0x4E45140,14,ascii,DDDC4CDCCTCDDC,si,,
0x4E45142,0x4E45150,14,ascii,DDDDDDDC43C344,si,,
0x4E45152,0x4E45160,14,ascii,44DCCDDC4DD44D,si,,
0x4E45162,0x4E45170,14,ascii,C4DDCDDD4DC4D3,si,,
0x4E45172,0x4E45180,14,ascii,C4D33D4CC44DC4,si,,
0x4E45182,0x4E45190,14,ascii,43DC34433C3333,si,,
0x4E45192,0x4E451A0,14,ascii,3343C333333D33,si,,
0x4E451A2,0x4E451B0,14,ascii,C3DC4D43C3D4C3,si,,
0x4E451B2,0x4E451C0,14,ascii,433C3C333DC3C4,si,,
0x4E451C2,0x4E451D0,14,ascii,434C4C4D333333,si,,
0x4E451D2,0x4E451E0,14,ascii,CD3D3C3C43443C,si,,
0x4E451E2,0x4E451F1,15,ascii,"DCDD4C4DCDC4ED,",si,,
0x4E455A2,0x4E455B0,14,ascii,DBDESfUUEeUfEe,si,,
0x4E47C72,0x4E47C80,14,ascii,2UU%1D23UVfffU,si,,
0x4E483C2,0x4E483D0,14,ascii,"33""""33333C3333",si,,
0x4E483E2,0x4E483F0,14,ascii,34C333333333CD,si,,
0x4E484B2,0x4E484C0,14,ascii,"33D4D43323""""""""",si,,
0x4E48AB2,0x4E48AC0,14,ascii,"3D4D33E4""""23DT",si,,
0x4E48CC2,0x4E48CD0,14,ascii,4333BTEET42B23,si,,
0x4E55D82,0x4E55D90,14,ascii,DDTDDTUTED23C3,si,,
0x4E55D92,0x4E55DA0,14,ascii,CUfdVfUD5TDUUU,si,,
0x4E58935,0x4E5893F,10,ascii,"1AN1!1"" 2 ",,si,
0x4E58C63,0x4E58C6D,10,ascii,"2!""""2""P!2 ",,,
0x4E5D382,0x4E5D38D,11,ascii,"2333""23""""C3",si,,
0x4E5D3B2,0x4E5D3BC,10,ascii,"!33433""!C2",si,,
0x4E5DA02,0x4E5DA10,14,ascii,UU4TVEE3TUFUDD,si,,
0x4E5DB92,0x4E5DBA0,14,ascii,"D32333333""""""23",si,,
0x4E5DBB2,0x4E5DBC0,14,ascii,DDTV5eVUVUDeVe,si,,
0x4E5DE72,0x4E5DE80,14,ascii,"D433C333""""""2D3",si,,
0x4E5DE92,0x4E5DE9D,11,ascii,EEC343EUUVU,si,,
0x4E5DF02,0x4E5DF10,14,ascii,"C3""""""32334CE32",si,,
0x4E5DF72,0x4E5DF80,14,ascii,D4TDDD44DT4DDC,si,,
0x4E5DF82,0x4E5DF90,14,ascii,EUUFTDCEUUfUee,si,,
0x4E5DFE2,0x4E5DFF0,14,ascii,TeeDDTDESDC3UU,si,,
0x4E5DFF2,0x4E5E000,14,ascii,VfVUE4SU533CCC,si,,
0x4E5E092,0x4E5E0A0,14,ascii,C3334CDCD33333,si,,
0x4E5E192,0x4E5E1A0,14,ascii,3333C3CDD333C3,si,,
0x4E5E1A2,0x4E5E1B0,14,ascii,33333CCDD3333D,si,,
0x4E5E1C2,0x4E5E1D0,14,ascii,ETDDDDTefUC44T,si,,
0x4E5E1D2,0x4E5E1E0,14,ascii,43CDEVfE4SUUU4,si,,
0x4E5E1F2,0x4E5E200,14,ascii,UEDTUUVeUVVUUV,si,,
0x4E5E212,0x4E5E220,14,ascii,UeVVFEUeefVUDT,si,,
0x4E5E222,0x4E5E230,14,ascii,UETEEUVeUffVTE,si,,
0x4E5E232,0x4E5E240,14,ascii,EDUUUD4SDCCD4C,si,,
0x4E5E242,0x4E5E250,14,ascii,3TEUEDFEC45ED4,si,,
0x4E5E2A5,0x4E5E2B0,11,ascii,2C33CCDTDDD,si,,
0x4E5E2B2,0x4E5E2C0,14,ascii,"UDDD3""2D44433D",si,,
0x4E5E2C2,0x4E5E2D0,14,ascii,TTTTUeUEUeVEDU,si,,
0x4E5E2E2,0x4E5E2F0,14,ascii,"33334DCDD3""333",si,,
0x4E5E322,0x4E5E330,14,ascii,D333C334D33333,si,,
0x4E5E3D2,0x4E5E3E0,14,ascii,34343333333333,si,,
0x4E5E3E2,0x4E5E3F0,14,ascii,eVffUETDeUeUff,si,,
0x4E5E3F2,0x4E5E400,14,ascii,33333C334DCD33,si,,
0x4E5E472,0x4E5E480,14,ascii,DC33CDCD33DDDD,si,,
0x4E5E4B2,0x4E5E4C0,14,ascii,EVUVfUEDTTfUUD,si,,
0x4E5E4D2,0x4E5E4E0,14,ascii,"""""""""""333333C33",si,,
0x4E5E4E2,0x4E5E4F0,14,ascii,VEDDETUEdfVEDD,si,,
0x4E5E4F2,0x4E5E500,14,ascii,UDT5DT4DED433D,si,,
0x4E5E502,0x4E5E510,14,ascii,UEEEUTUTUVTUTE,si,,
0x4E5E512,0x4E5E520,14,ascii,DEDCD43TDUECU4,si,,
0x4E5E522,0x4E5E52F,13,ascii,TUTT53EDTE433,si,,
0x4E5E586,0x4E5E590,10,ascii,2332C3DDDE,si,,
0x4E5E5A2,0x4E5E5B0,14,ascii,UeFDCUVVUUEEDD,si,,
0x4E5E6E2,0x4E5E6ED,11,ascii,3D4D3TeDCDD,si,,
0x4E5E722,0x4E5E730,14,ascii,3CeUDEUEVUfVUD,si,,
0x4E5E742,0x4E5E750,14,ascii,"!""""2DDUefUDdf4",si,,
0x4E62182,0x4E62190,14,ascii,"4333""223444""33",si,,
0x4E627F2,0x4E62800,14,ascii,3333333333C333,si,,
0x4E62802,0x4E62810,14,ascii,333333343333CD,si,,
0x4E62812,0x4E62820,14,ascii,3334D3333CC333,si,,
0x4E62822,0x4E62830,14,ascii,33333333343334,si,,
0x4E62832,0x4E62840,14,ascii,33333C33333333,si,,
0x4E62842,0x4E62850,14,ascii,fffVfeUUEfVfff,si,,
0x4E62852,0x4E62860,14,ascii,VVUTTeUVUTTUUD,si,,
0x4E62862,0x4E62870,14,ascii,U4DUeEDDD3DDD4,si,,
0x4E62872,0x4E62880,14,ascii,ECDDDEUUUEUeUT,si,,
0x4E62882,0x4E62890,14,ascii,UTUeVeeUUUUUUV,si,,
0x4E62892,0x4E628A0,14,ascii,UUTUUeeUfUUeff,si,,
0x4E628A2,0x4E628B0,14,ascii,EVVUVdUEUUEUTE,si,,
0x4E628B2,0x4E628C0,14,ascii,UUVUTDTDTUTUDD,si,,
0x4E628C2,0x4E628D0,14,ascii,CDEDDDE4TUTEDD,si,,
0x4E628D2,0x4E628E0,14,ascii,DDDEDDD3D3D4DC,si,,
0x4E628E2,0x4E628F0,14,ascii,C434C343C43232,si,,
0x4E62A82,0x4E62A90,14,ascii,DC3DDDDBCD34D4,si,,
0x4E62AA2,0x4E62AB0,14,ascii,DDDC4SDDDCDTDE,si,,
0x4E62AB2,0x4E62AC0,14,ascii,UUETdUUUdUUUTU,si,,
0x4E62AC2,0x4E62AD0,14,ascii,UUTUVVUUUUfUff,si,,
0x4E62AD2,0x4E62AE0,14,ascii,ffUeUVeUUUEEEV,si,,
0x4E62AE2,0x4E62AF0,14,ascii,UUUUUUTUFUTUUU,si,,
0x4E62AF2,0x4E62B00,14,ascii,EUTTUUUeeeeUUU,si,,
0x4E62B02,0x4E62B10,14,ascii,efVFUUUVTTFETU,si,,
0x4E62B12,0x4E62B20,14,ascii,TUUeUVUUTUeTUV,si,,
0x4E62B22,0x4E62B30,14,ascii,TTEUEUUUUeUeUU,si,,
0x4E62B32,0x4E62B40,14,ascii,VUVUUUUeUVeUff,si,,
0x4E62B42,0x4E62B50,14,ascii,33333434333333,si,,
0x4E62B52,0x4E62B60,14,ascii,333C3334CCCC34,si,,
0x4E62B62,0x4E62B70,14,ascii,43CD4334CDDCD4,si,,
0x4E62BC2,0x4E62BD0,14,ascii,DD4C3CCDD43D43,si,,
0x4E62BD2,0x4E62BE0,14,ascii,443333333334C4,si,,
0x4E62BE2,0x4E62BF0,14,ascii,D3343333343333,si,,
0x4E62BF2,0x4E62C00,14,ascii,UfVeUUeVVeffeU,si,,
0x4E62C02,0x4E62C10,14,ascii,UUEVUVUUUeeeUU,si,,
0x4E62C12,0x4E62C20,14,ascii,UEEDTDTUEDDUUU,si,,
0x4E62C22,0x4E62C30,14,ascii,EEUTUUeeeUVeUV,si,,
0x4E62C32,0x4E62C40,14,ascii,efeUffffVffffV,si,,
0x4E62C42,0x4E62C50,14,ascii,3333C333334D4C,si,,
0x4E62C52,0x4E62C60,14,ascii,CC3333C333CC4D,si,,
0x4E62CD2,0x4E62CE0,14,ascii,DDDDCDDDDDDDDC,si,,
0x4E62CE2,0x4E62CF0,14,ascii,DDD43D443DDC3D,si,,
0x4E62CF2,0x4E62D00,14,ascii,DDDC3343433333,si,,
0x4E62D02,0x4E62D10,14,ascii,VeeVedfVUUUUVU,si,,
0x4E62D12,0x4E62D20,14,ascii,UUVUUVeVVVffee,si,,
0x4E62D22,0x4E62D30,14,ascii,UffVVVfffffVfU,si,,
0x4E62D32,0x4E62D40,14,ascii,fUVVfffffVVfff,si,,
0x4E62D42,0x4E62D50,14,ascii,C3DC3C4C34333C,si,,
0x4E62D52,0x4E62D60,14,ascii,3C44CDCCDDDDD4,si,,
0x4E62D92,0x4E62DA0,14,ascii,DCC444CCD4DC4D,si,,
0x4E62FE2,0x4E62FF0,14,ascii,DDDDDDDDDDD34D,si,,
0x4E62FF2,0x4E63000,14,ascii,D4CD4D43CC4D44,si,,
0x4E63002,0x4E63010,14,ascii,44334333333333,si,,
0x4E63012,0x4E63020,14,ascii,33334333C33333,si,,
0x4E63022,0x4E63030,14,ascii,333433333D3333,si,,
0x4E63032,0x4E63040,14,ascii,3333333C3343DC,si,,
0x4E63042,0x4E63050,14,ascii,333C34DD44C4DC,si,,
0x4E63052,0x4E63060,14,ascii,434433D433C3CC,si,,
0x4E63062,0x4E63070,14,ascii,C3C333333C3333,si,,
0x4E63072,0x4E63080,14,ascii,3333C33333333D,si,,
0x4E63082,0x4E63090,14,ascii,433CDD33D3C333,si,,
0x4E63092,0x4E630A0,14,ascii,D3433343C3333C,si,,
0x4E630A2,0x4E630B0,14,ascii,3334CC33343333,si,,
0x4E630B2,0x4E630C0,14,ascii,43C3C333333333,si,,
0x4E630C2,0x4E630D0,14,ascii,VUffVfVUefVUee,si,,
0x4E630D2,0x4E630E0,14,ascii,UUfVUVffVffefV,si,,
0x4E630E2,0x4E630F0,14,ascii,ffVUVeeVeeffeU,si,,
0x4E630F2,0x4E63100,14,ascii,VUEUeUUVUEUUUE,si,,
0x4E63102,0x4E63110,14,ascii,UUUUUUUUVUUUUU,si,,
0x4E63112,0x4E63120,14,ascii,UUeUUUVUUUUeUU,si,,
0x4E63122,0x4E63130,14,ascii,VUUUeVUeVUVeUU,si,,
0x4E63132,0x4E63140,14,ascii,TTUUTUUeUeVUUU,si,,
0x4E63142,0x4E63150,14,ascii,UUVVVUVeUeVUUf,si,,
0x4E63152,0x4E63160,14,ascii,efVeVffVfVVUfV,si,,
0x4E63162,0x4E63170,14,ascii,UUeVfUVUUUVUUU,si,,
0x4E63172,0x4E63180,14,ascii,UUeVUUUUUUUVUe,si,,
0x4E63182,0x4E63190,14,ascii,UeVfUUfeUeUVUU,si,,
0x4E63192,0x4E631A0,14,ascii,UUVVUVUVUUUUUU,si,,
0x4E631A2,0x4E631B0,14,ascii,UUUUffUVVeVeeU,si,,
0x4E631B2,0x4E631C0,14,ascii,VeUfUefefeffeU,si,,
0x4E631C2,0x4E631D0,14,ascii,fUUUUUVVeUUUUU,si,,
0x4E631D2,0x4E631E0,14,ascii,VeUUUVVeeUUVUU,si,,
0x4E631E2,0x4E631F0,14,ascii,eUeUUUUUUUUUUU,si,,
0x4E631F2,0x4E63200,14,ascii,UVUUUVUTEUUUUU,si,,
0x4E63202,0x4E63210,14,ascii,UUUUUVEUUEEUUU,si,,
0x4E63212,0x4E63220,14,ascii,UUUUUVVeUUUeUe,si,,
0x4E63222,0x4E63230,14,ascii,UUeUfUUVfeUUUV,si,,
0x4E63232,0x4E63240,14,ascii,UUUUUfffUeffVU,si,,
0x4E63242,0x4E63250,14,ascii,VefUUefUfUUUUe,si,,
0x4E63252,0x4E63260,14,ascii,VeUUUfffVfVeee,si,,
0x4E63262,0x4E63270,14,ascii,333333C3333333,si,,
0x4E63272,0x4E63280,14,ascii,fVffffeVfffffV,si,,
0x4E63282,0x4E63290,14,ascii,ffffVfffffffff,si,,
0x4E63292,0x4E632A0,14,ascii,fffefffffffeee,si,,
0x4E632A2,0x4E632B0,14,ascii,VfefffeffVUeVf,si,,
0x4E632B2,0x4E632C0,14,ascii,efeefVfUefVVUe,si,,
0x4E632C2,0x4E632D0,14,ascii,VefffUeUefeVUe,si,,
0x4E632D2,0x4E632E0,14,ascii,fUVeUUVeUeVeUU,si,,
0x4E632E2,0x4E632F0,14,ascii,UUUeUVUUeUVUUU,si,,
0x4E632F2,0x4E63300,14,ascii,UUUUUUVUUUUUUU,si,,
0x4E63302,0x4E63310,14,ascii,UTUUTEUUUTEUUU,si,,
0x4E63312,0x4E63320,14,ascii,UTUUEEUUEUEUUU,si,,
0x4E63322,0x4E63330,14,ascii,UUUUeeUeUUUUUU,si,,
0x4E63332,0x4E63340,14,ascii,fVeUVVeUeeUeUU,si,,
0x4E63342,0x4E63350,14,ascii,UUUVeUUUUUeUVU,si,,
0x4E63352,0x4E63360,14,ascii,UUVUUUUUUfffUU,si,,
0x4E63362,0x4E63370,14,ascii,eUUUUVVVUeUUUe,si,,
0x4E63372,0x4E63380,14,ascii,UUUUUUUVUUUUUU,si,,
0x4E63382,0x4E63390,14,ascii,TUUUUUUUTEUEUU,si,,
0x4E63392,0x4E633A0,14,ascii,TUUUTEEUEUEUUU,si,,
0x4E633A2,0x4E633B0,14,ascii,UTETETTUUEUDTD,si,,
0x4E633B2,0x4E633C0,14,ascii,EDDUTTDEDETDDE,si,,
0x4E633C2,0x4E633D0,14,ascii,DTDDTDDCEDDDDE,si,,
0x4E633D2,0x4E633E0,14,ascii,DDDDDETDDDETDD,si,,
0x4E633E2,0x4E633F0,14,ascii,DEDDDDDDDDDD4D,si,,
0x4E633F2,0x4E63400,14,ascii,DDCCDDDDDDDEDD,si,,
0x4E63402,0x4E63410,14,ascii,4DDDDCDDDDDCDD,si,,
0x4E63412,0x4E63420,14,ascii,CDDDDC44DDDC4D,si,,
0x4E63422,0x4E63430,14,ascii,DCCD4DD3C4DDDC,si,,
0x4E63432,0x4E63440,14,ascii,DDDDDDC4DCDDDD,si,,
0x4E63442,0x4E63450,14,ascii,C44D4DD4DCDDDD,si,,
0x4E63452,0x4E63460,14,ascii,DDD4D4DDD4444C,si,,
0x4E63462,0x4E63470,14,ascii,DDDD4DCCDDC4DD,si,,
0x4E63472,0x4E63480,14,ascii,3D4DC4D3D43DD4,si,,
0x4E63482,0x4E63490,14,ascii,CCD3DD43333C3C,si,,
0x4E63492,0x4E634A0,14,ascii,343C33C3334C3D,si,,
0x4E634B2,0x4E634C0,14,ascii,33333333332332,si,,
0x4E63662,0x4E63670,14,ascii,"""""""""""!""""""""""""""""",si,,
0x4E64692,0x4E646A0,14,ascii,C34C33344DDUEU,si,,
0x4E646A2,0x4E646B0,14,ascii,TUUUeUUEDDeeVe,si,,
0x4E646F2,0x4E64700,14,ascii,3343333C3C3D4D,si,,
0x4E64742,0x4E64750,14,ascii,"""""2333DDD33333",si,,
0x4E64752,0x4E64760,14,ascii,UTVeETE54CSTED,si,,
0x4E64762,0x4E64770,14,ascii,D334C4EEDD33DV,si,,
0x4E64772,0x4E64780,14,ascii,eVUUEDTUVTUEED,si,,
0x4E661C4,0x4E661CE,10,ascii,4sSETTRDE1,si,,
0x4E69E14,0x4E69E20,12,ascii,"!""""""""""""3334C",si,,
0x4E6C837,0x4E6C841,10,ascii,"1 ?20!1"" ,",,,
0x4E71B72,0x4E71B80,14,ascii,"33323C3333""""""3",si,,
0x4E71B82,0x4E71B90,14,ascii,"""""""""""3C33""""2""!",si,,
0x4E7B4C2,0x4E7B4D0,14,ascii,"""""23333333D333",si,,
0x4E7B662,0x4E7B670,14,ascii,DD334333333333,si,,
0x4E7B672,0x4E7B680,14,ascii,UVUeUUUUUUEUUU,si,,
0x4E7B682,0x4E7B690,14,ascii,DTDEDDDDCDCC33,si,,
0x4E7B692,0x4E7B6A0,14,ascii,34CC3333333233,si,,
0x4E7D1A0,0x4E7D1CE,46,ascii,You the guy from the phone?\nShow us your face!,,si,
0x4E7D1E0,0x4E7D216,54,ascii,Keep your voice down! This is\nhow it's going to go.   ,,si,
0x4E7D228,0x4E7D23A,18,ascii,Just act casual.  ,,si,
0x4E7D24C,0x4E7D272,38,ascii,He won't even let us hear his\nvoice.  ,,si,
0x4E7D284,0x4E7D2A6,34,ascii,So it was you who called us\nhere? ,,si,
0x4E7D2D0,0x4E7D30A,58,ascii,What took you so long? I\nexpected better from you guys.   ,,si,
0x4E7D31C,0x4E7D34E,50,ascii,"Just thought we'd enjoy the\nmuseum, that's all.   ",,si,
0x4E7D360,0x4E7D39E,62,ascii,That didn't take long.  Just what I\nexpected from you guys.   ,,si,
0x4E7D3B0,0x4E7D3E2,50,ascii,You'd have to be retarded not to\nfigure that out. ,,si,
0x4E7D3F4,0x4E7D40E,26,ascii,So you want to talk Hojo? ,,si,
0x4E7D420,0x4E7D436,22,ascii,You know where he is? ,,si,
0x4E7D448,0x4E7D462,26,ascii,Where is he? Is he alive? ,,si,
0x4E7D474,0x4E7D48E,26,ascii,"One at a time, alright?   ",,si,
0x4E81902,0x4E8190D,11,ascii,"2""33233CBDD",si,,
0x4E88D35,0x4E88D40,11,ascii,CD4!4SfUV22,si,,
0x4EA1C52,0x4EA1C60,14,ascii,SS424DDefEDEVT,si,,
0x4EA1C82,0x4EA1C90,14,ascii,UEUFeEfUeVVUUD,si,,
0x4EA1E42,0x4EA1E50,14,ascii,"CD33""""""33D23""""",si,,
0x4EA1E72,0x4EA1E80,14,ascii,DfeEVE%DC242C3,si,,
0x4EA1EA2,0x4EA1EB0,14,ascii,DCCCCD321123DE,si,,
0x4EA21E2,0x4EA21ED,11,ascii,"""3D42CFeeU5",si,,
0x4EA25A2,0x4EA25B0,14,ascii,"DC43333432""!""3",si,,
0x4EA25E2,0x4EA25F0,14,ascii,"D522TVTDDTD43""",si,,
0x4EA25F6,0x4EA2600,10,ascii,"2C4UE""1C4""",si,,
0x4EA2602,0x4EA2610,14,ascii,"""""33333343DC33",si,,
0x4EA2652,0x4EA265F,13,ascii,"CCD333""3""""""!!",si,,
0x4EA2A72,0x4EA2A80,14,ascii,"VVF%""""2DUEfTCD",si,,
0x4EA2AB4,0x4EA2AC0,12,ascii,!!23DD5332DD,si,,
0x4EA2AC5,0x4EA2AD0,11,ascii,"!""""""34C43CD",si,,
0x4EA2D92,0x4EA2DA0,14,ascii,"33DSEdfefUVV3""",si,,
0x4EA2DA6,0x4EA2DB0,10,ascii,"!""""""""23443",si,,
0x4EA2E33,0x4EA2E40,13,ascii,"""2TUTE4333STU",si,,
0x4EA2FB2,0x4EA2FC0,14,ascii,"33""""3D43333C33",si,,
0x4EA33C5,0x4EA33D0,11,ascii,"""""23CC3""234",si,,
0x4EA35B4,0x4EA35C0,12,ascii,323224ETDSdV,si,,
0x4EA8824,0x4EA8831,13,ascii,"fn%""4""5e6 P5,",,,
0x4EA9243,0x4EA924E,11,ascii,"C4cC3E1DE1""",si,,
0x4EB5B32,0x4EB5B3C,10,ascii,Cc2DUDGudE,si,,
0x4EB97D2,0x4EB97E0,14,ascii,C3C4DC4DDCCD4C,si,,
0x4ECFEE2,0x4ECFEF0,14,ascii,VETDSEDDDT5DE5,si,,
0x4ED0212,0x4ED0220,14,ascii,"3334C43433C43""",si,,
0x4ED0222,0x4ED0230,14,ascii,"""2DCD43343332""",si,,
0x4ED76A5,0x4ED76B1,12,ascii,"!""2C33223!2,",si,,
0x4ED7772,0x4ED7780,14,ascii,D43C333333CCCD,si,,
0x4ED7792,0x4ED77A0,14,ascii,TTDE3DDTUEDDD4,si,,
0x4EE61A2,0x4EE61B0,14,ascii,"!""2333333C3332",si,,
0x4EE6285,0x4EE6290,11,ascii,"!!1!1?!0 2""",,,
0x4EE6DA2,0x4EE6DB0,14,ascii,"""""343333""23323",si,,
0x4EE7052,0x4EE7060,14,ascii,fVDDEDCTUfeUff,si,,
0x4EE70F2,0x4EE7100,14,ascii,UEeeeeVUeVVEUe,si,,
0x4EE73E2,0x4EE73EC,10,ascii,"C43""""""""""!""",si,,
0x4EECB62,0x4EECB6E,12,ascii,CDDTTEVeEGfU,si,,
0x4EEEE52,0x4EEEE5C,10,ascii,Beef4CVEf4,si,,
0x4EEEF92,0x4EEEF9F,13,ascii,fE434CC32DU44,si,,
0x4EEF052,0x4EEF060,14,ascii,ffV4T5DT43DVUf,si,,
0x4EEF062,0x4EEF070,14,ascii,fVUeefffEDUUED,si,,
0x4EEF082,0x4EEF090,14,ascii,"UU432333""2""""!""",si,,
0x4EF8F22,0x4EF8F30,14,ascii,EUEDDEUVVCDDDT,si,,
0x4EF9212,0x4EF921E,12,ascii,"433333CD3""""""",si,,
0x4EF9712,0x4EF9721,15,ascii,"ESeVfeUDB4""DUU,",si,,
0x4EF9822,0x4EF9830,14,ascii,"4CD43333""!!333",si,,
0x4EF9832,0x4EF9840,14,ascii,3D333433333333,si,,
0x4EF9842,0x4EF9850,14,ascii,"3""2C42332""3333",si,,
0x4EF9862,0x4EF9870,14,ascii,UF4334CCDddVVf,si,,
0x4EFF727,0x4EFF731,10,ascii,AeV32U74 5,,,
0x4F01A03,0x4F01A0E,11,ascii,CEBDUDD5DDE,si,,
0x4F100F0,0x4F100FE,14,ascii,Got all that? ,,si,
0x4F10110,0x4F10126,22,ascii,Pass the crest check  ,,si,
0x4F10138,0x4F1015A,34,ascii,and you gain access to the\nT-Gear.,,si,
0x4F1016C,0x4F10186,26,ascii,"After that, load the CD.  ",,si,
0x4F10198,0x4F101C2,42,ascii,I'll contact you again.  You can\ntrust me.,,si,
0x4F101D4,0x4F101FE,42,ascii,And don't try to follow me or\nanything.   ,,si,
0x4F10210,0x4F1022E,30,ascii,Hey! I'm not done with you.   ,,si,
0x4F10240,0x4F1025E,30,ascii,Hojo's the tip of the iceberg.,,si,
0x4F10270,0x4F10292,34,ascii,This isn't even the worst of it.  ,,si,
0x4F102A4,0x4F102B6,18,ascii,The worst of it?  ,,si,
0x4F102C8,0x4F102F2,42,ascii,This thing's a lot bigger than you\nthink. ,,si,
0x4F10304,0x4F10336,50,ascii,They've infiltrated BCP too.  Watch\nyourselves.   ,,,
0x4F10348,0x4F1035A,18,ascii,I'll be in touch. ,,si,
0x4F4BC22,0x4F4BC30,14,ascii,FVdVUT43UUE232,si,,
0x4F4BF62,0x4F4BF70,14,ascii,D344CED3DC43D4,si,,
0x4F4BF82,0x4F4BF90,14,ascii,"""""23C43323333B",si,,
0x4F653F2,0x4F65400,14,ascii,CC3333B33333CD,si,,
0x4F65412,0x4F65420,14,ascii,CC343DDDC4DDDD,si,,
0x4F65422,0x4F65430,14,ascii,DD4D3CCC33DDDD,si,,
0x4F65432,0x4F65440,14,ascii,DTUT4C4CDTDEDD,si,,
0x4F65442,0x4F65450,14,ascii,UTEUUUUDTDTTDT,si,,
0x4F65452,0x4F65460,14,ascii,"DDUUDUUUU4""3DU",si,,
0x4F65472,0x4F65480,14,ascii,VfVTEUUVeVED3C,si,,
0x4F65482,0x4F65490,14,ascii,44CDUUUTTDTUUD,si,,
0x4F65502,0x4F65510,14,ascii,33C3DD3333BDDT,si,,
0x4F65512,0x4F65520,14,ascii,TDDDTEEDTTDETU,si,,
0x4F65522,0x4F65530,14,ascii,3333434D4DDDDD,si,,
0x4F655A2,0x4F655B0,14,ascii,"442""23CDE3CCCC",si,,
0x4F655B2,0x4F655C0,14,ascii,D4CDDTUeffUFUU,si,,
0x4F6DA42,0x4F6DA50,14,ascii,"""CTfeEeffU4CDT",si,,
0x4F6DA52,0x4F6DA60,14,ascii,"33C33""""""""""233""",si,,
0x4F6DAD2,0x4F6DAE0,14,ascii,"4""""BdeVEDCC223",si,,
0x4F6DAE2,0x4F6DAF0,14,ascii,D443DDDDDUefUf,si,,
0x4F6DB02,0x4F6DB10,14,ascii,UCSDDUUEUfVE33,si,,
0x4F6DB12,0x4F6DB20,14,ascii,CTTVUTEDEDeUD3,si,,
0x4F6DB22,0x4F6DB30,14,ascii,"34DDC3""2""CDD44",si,,
0x4F6DB42,0x4F6DB50,14,ascii,4C3UVfVUEDTUU4,si,,
0x4F6DB52,0x4F6DB60,14,ascii,3CDCDTEDDEUEDD,si,,
0x4F6DB62,0x4F6DB70,14,ascii,TDTUeeUD4DDDDD,si,,
0x4F6DB72,0x4F6DB80,14,ascii,eVUDDDUEDD4D4D,si,,
0x4F6DB82,0x4F6DB90,14,ascii,TDDDTDDDCTUD4C,si,,
0x4F92950,0x4F92972,34,ascii,There he goes.  Wanna follow\nhim? ,,si,
0x4F92984,0x4F929AE,42,ascii,"Hold on, Jonathan.  First comes\nthis CD.  ",,si,
0x4F929C0,0x4F929EE,46,ascii,We need to see if what he's saying\nis legit.  ,,si,
0x4F92A00,0x4F92A22,34,ascii,Then we'll worry about who he is. ,,si,
0x4F92A34,0x4F92A62,46,ascii,"Like I said, he doesn't have a\nHome accent.   ",,si,
0x4F92A74,0x4F92A8A,22,ascii,He's clearly a Beyond.,,,
0x4F92A9C,0x4F92AD6,58,ascii,"He doesn't have a Home accent,\nwhich makes him a Beyond.  ",,si,
0x4F92AE8,0x4F92B0A,34,ascii,Meaning he ain't running\nanywhere.,,si,
0x4F92B1C,0x4F92B2E,18,ascii,Wait a minute.... ,,,
0x4F92B40,0x4F92B4E,14,ascii,What is it?   ,si,si,
0x4F92B60,0x4F92B7A,26,ascii,I smell cigarette smoke.  ,,,
0x4F92B8C,0x4F92BAA,30,ascii,"You weren't smoking, were you?",,si,
0x4F92BBC,0x4F92BFE,66,ascii,"Oh... no, I accidentally lit it, that's\nall.  It's already out.   ",,si,
0x4F92C10,0x4F92C36,38,ascii,"God damn, man.  That a bent\ncigarette?",,si,
0x4F92C48,0x4F92C96,78,ascii,"Yeah, you light it just by bending\nthe end.  Putting it out's just as\neasy.   ",,si,
0x4F92CA8,0x4F92CDE,54,ascii,Someone sees you doing that and\nthey'll report you.   ,,si,
0x4F92CF0,0x4F92D16,38,ascii,Maybe I'll show it to Marc\nsometime.  ,,si,
0x4F92D28,0x4F92D3E,22,ascii,Like hell you will.   ,,si,
0x4F92D50,0x4F92D6A,26,ascii,"Anyway, back to business. ",,si,
0x4F92D7C,0x4F92D96,26,ascii,Time to search the house. ,,si,
0x4F99952,0x4F9995C,10,ascii,"""""""""""3333""",si,,
0x4F9D4A6,0x4F9D4B0,10,ascii,"%V!AUDT ""D",,,
0x4FA50F2,0x4FA50FC,10,ascii,"2B12""10 00",,,
0x4FA72A4,0x4FA72B1,13,ascii,AT&deE3wV2DE4,,si,
0x4FAD7C2,0x4FAD7CC,10,ascii,"333""332MB3",si,,
0x4FC8527,0x4FC8531,10,ascii,.N13!BCDEE,si,,
0x4FDFFB7,0x4FDFFC1,10,ascii,7SB26d0b6+,si,,
0x4FE5096,0x4FE50A1,11,ascii,"14""ET01ddc,",si,,
0x4FE6CF6,0x4FE6D01,11,ascii,"&aBb34DR4F,",si,,
0x4FEC2D2,0x4FEC2DC,10,ascii,3A1A 4 QP/,,,
0x4FF7A47,0x4FF7A51,10,ascii,"E""""4!DBR1+",si,,
0x50058D2,0x50058DD,11,ascii,2!2D4TE4Ee3,si,,
0x500C7C2,0x500C7D0,14,ascii,VDD%eUDCeFfffE,si,,
0x500C7D4,0x500C7E0,12,ascii,U5Vf4D5S4T43,si,,
0x500D9D5,0x500D9DF,10,ascii,"4O""01 CP!1",,,
0x500E452,0x500E45C,10,ascii,"C3403%3""43",si,,
0x500F305,0x500F310,11,ascii,%!!C5CVE3D6,si,,
0x5014343,0x501434D,10,ascii,PCDa2cO!0N,si,,
0x501A422,0x501A42D,11,ascii,"32C11BBCAn""",si,,
0x501C685,0x501C690,11,ascii,"""2TS""3TEC C",,,
0x501EFA2,0x501EFAC,10,ascii,DDV%&VfUUF,si,,
0x5026125,0x502612F,10,ascii,6564DTBE4R,si,,
0x502DDA2,0x502DDAD,11,ascii,"""""2 3.3""A1N",,,
0x502E583,0x502E58E,11,ascii,!C1Q2012!20,si,,
0x5042062,0x504206C,10,ascii,B1BPAAB231,si,,
0x50475C2,0x50475D0,14,ascii,RSB3133CBR!5FT,si,,
0x50475E5,0x50475F0,11,ascii,%DDTS4434DU,si,,
0x504FCB2,0x504FCC1,15,ascii,"pUf233P43&ENeS,",si,,
0x50588C0,0x50588D2,18,ascii,Here we are again.,,si,
0x50588E4,0x505890A,38,ascii,Hopefully this is where he's got it.  ,,si,
0x5058930,0x5058946,22,ascii,Was that your stomach?,,si,
0x5058958,0x5058976,30,ascii,I knew I had too much milk.   ,,si,
0x5058988,0x505899A,18,ascii,You gonna be okay?,,si,
0x50589AC,0x50589B6,10,ascii,Yeah....  ,si,,
0x505A8D7,0x505A8E1,10,ascii,C1&STF55?%,si,,
0x505BFB2,0x505BFBE,12,ascii,3C233cecf4SF,si,,
0x5061E42,0x5061E4D,11,ascii,DDTD4&FD5F4,si,,
0x50625E2,0x50625EF,13,ascii,!0!3BBC35DTU6,si,,
0x50634B2,0x50634BC,10,ascii,32S254D454,si,,
0x5072465,0x507246F,10,ascii,"%s4&-A3"" S",,,
0x5075816,0x5075821,11,ascii,%ab4SroSaT(,si,,
0x5077463,0x507746D,10,ascii,"2CBECcU""M ",,,
0x5078D55,0x5078D61,12,ascii," 3.a2Aq-QPQ,",si,,
0x507CC43,0x507CC4F,12,ascii,247%PRbfvtb!,si,,
0x5083192,0x508319F,13,ascii,"4Sp4D""%53Q%SO",,si,
0x5085622,0x508562C,10,ascii,"4Qa?3""%2BR",si,,
0x508B967,0x508B971,10,ascii,"&4!edESES,",si,,
0x5090870,0x509089E,46,ascii,There's something else we'd like\nto borrow.   ,,si,
0x50908B0,0x50908C2,18,ascii,"Sure, like what?  ",,si,
0x5094146,0x5094151,11,ascii,C.DT2DTUD5:,si,,
0x509B504,0x509B50F,11,ascii,Rb4VucuD4TC,si,,
0x509E070,0x509E096,38,ascii,"Ed, this is it! This has to be the\nCD.",,si,
0x50B0970,0x50B09BA,74,ascii,You're right.  I bet you this thing\non the label side is a family crest.  ,,si,
0x50B09CC,0x50B09F6,42,ascii,There's a family crest on the label\nside. ,,si,
0x50B0A08,0x50B0A3A,50,ascii,That's the Hojo crest.  I wonder\nwhat it means.   ,,si,
0x50B0A4C,0x50B0A7A,46,ascii,"Karen, is it okay if we borrow this\nfor a bit?",,si,
0x50B0A8C,0x50B0AA6,26,ascii,"Of course, if it'll help. ",,si,
0x50B0AB8,0x50B0AE6,46,ascii,Let's get over to Tokugawa\nPharmaceuticals.   ,,si,
0x50B0AF8,0x50B0B22,42,ascii,Good thing we took a look at that\nchart.  ,,si,
0x50B0B34,0x50B0B66,50,ascii,We should have no problem\npassing the ID check.   ,,si,
0x50B0B78,0x50B0BBA,66,ascii,I keep thinking about the family\ncrests the informant mentioned.  ,,si,
0x50B0BCC,0x50B0BE6,26,ascii,There's one on the CD too.,,si,
0x50B0BF8,0x50B0C36,62,ascii,"Karen, you said there's a chart of\nfamily crests in the study?",,si,
0x50B0C48,0x50B0C66,30,ascii,"Yes, would you like to see it?",,si,
0x50B0C78,0x50B0CAA,50,ascii,"Karen, do you know anything\nabout family crests?  ",,si,
0x50B0CBC,0x50B0CC6,10,ascii,Crests?   ,,,
0x50B0CD8,0x50B0D06,46,ascii,"Well, there is a chart with some in\nthe study.",,si,
0x50B0D18,0x50B0D2E,22,ascii,Let's go take a look. ,,,
0x50CBB62,0x50CBB6E,12,ascii,"DCCDC3C43""ES",si,,
0x50D5E52,0x50D5E5C,10,ascii,4U CDBR02E,,,
0x50E17E7,0x50E17F1,10,ascii,"6BO2%4R1B,",si,,
0x50EB4E2,0x50EB4EC,10,ascii,CDE52BCDb1,si,,
0x50F5F92,0x50F5F9C,10,ascii,"""333DCTS%5",si,,
0x50FBED4,0x50FBEDE,10,ascii,"""3A3B3CETt",si,,
0x51118C4,0x51118CE,10,ascii,4NC10/0RD2,si,,
0x5111BA6,0x5111BB0,10,ascii,"A! ""B%0""P""",,,
0x5111C92,0x5111C9C,10,ascii,doCBCEc4DD,si,,
0x51133E7,0x51133F1,10,ascii,"!!?-?0""?AD",si,,
0x51148A6,0x51148B1,11,ascii,EcdcfvFW3S',si,,
0x5120A15,0x5120A21,12,ascii,"""5DFFVD4E31C",si,,
0x512C3A2,0x512C3AE,12,ascii,CQcCTDfDDCU5,si,,
0x512CE02,0x512CE0E,12,ascii,"""33C3""3""2D3""",si,,
0x51314E6,0x51314F1,11,ascii,"130o3!""A3/,",si,,
0x513CE97,0x513CEA1,10,ascii,"D21AoSB""C,",si,,
0x5154870,0x515489E,46,ascii,Ready to go... borrow this\ncomputer of theirs?,,si,
0x51548B0,0x51548CE,30,ascii,Provided we can get in there. ,,si,
0x5156D02,0x5156D10,14,ascii,"""""""!""""""3C43""23",si,,
0x5160002,0x516000E,12,ascii,"A!221!AO1A0""",si,,
0x5160652,0x516065C,10,ascii,"""""""!20Q000",si,,
0x51619F3,0x51619FD,10,ascii,"!""""""111N0!",si,,
0x5162FA2,0x5162FAF,13,ascii,TU4CfWVeU43sB,si,,
0x5169920,0x516992E,14,ascii,Here we are.  ,si,si,
0x5169940,0x5169956,22,ascii,I don't see anybody.  ,,,
0x5169968,0x5169996,46,ascii,No one's crazy enough to be\nworking this late.,,si,
0x51699A8,0x51699BA,18,ascii,Not necessarily.  ,,si,
0x51699CC,0x51699F6,42,ascii,It's pretty common in Japanese\ncompanies. ,,si,
0x5169A08,0x5169A36,46,ascii,They usually operate on a\n24-hour schedule.   ,,si,
0x5169A48,0x5169A5E,22,ascii,So what about today?  ,,si,
0x5169A70,0x5169AB2,66,ascii,Probably closed in preparation for\nthe anniversary celebrations.  ,,si,
0x5169AC4,0x5169AFA,54,ascii,Meryl said they were behind with\ntheir preparations.  ,,si,
0x5169B0C,0x5169B2A,30,ascii,Maybe there's a connection.   ,,,
0x5169B3C,0x5169B62,38,ascii,What do you say we get this over\nwith?,,si,
0x5169B74,0x5169BA2,46,ascii,"Now, we are only loading the CD,\ncomprende?   ",,si,
0x5169BB4,0x5169BD2,30,ascii,None of your bullshit in here.,,si,
0x5169BE4,0x5169C12,46,ascii,"Yeah, yeah.  Not like we'll be\nhanging around.",,si,
0x5169C38,0x5169C56,30,ascii,Was that your stomach again?  ,,si,
0x5169C68,0x5169C86,30,ascii,I... I didn't hear anything.  ,,,
0x51729E2,0x51729EC,10,ascii,"/"" 1""an,!1",,si,
0x517CF82,0x517CF90,14,ascii,"A""01n?RA 302!A",,,
0x51824F2,0x51824FC,10,ascii,"CcQ4tUWSF""",si,,
0x51852C2,0x51852CF,13,ascii,"!!2""CBD4E4%ET",si,,
0x5189E24,0x5189E2F,11,ascii,"0S""""BC3332""",si,,
0x518A2C2,0x518A2CF,13,ascii,"""""!BS34DV5CT%",si,,
0x518A352,0x518A35C,10,ascii,"/5!1E32C3""",si,,
0x519D366,0x519D371,11,ascii,"5!Oc%UdT54,",si,,
0x51AB3E2,0x51AB3F0,14,ascii,DTED44ETUUUE41,si,,
0x51AD5E2,0x51AD5EC,10,ascii,23DDUEFVUE,si,,
0x51B0BC2,0x51B0BCC,10,ascii,3D45ETE6VU,si,,
0x51B16C2,0x51B16CD,11,ascii,CBCC4D45RFD,si,,
0x51B9516,0x51B9521,11,ascii,"3C0M2T!FFT,",si,,
0x51CC796,0x51CC7A0,10,ascii,SEDEUFDTVS,si,,
0x51DEBC5,0x51DEBD1,12,ascii,"D15ADUTE51!,",si,,
0x51E0902,0x51E090C,10,ascii,"N!C%4253A""",si,,
0x51E59B2,0x51E59C1,15,ascii,4%4SDFBCE3025B',si,,
0x51E5FD3,0x51E5FDD,10,ascii,"!""23B2BCBA",si,,
0x51E6292,0x51E629D,11,ascii,dVF4B4T2431,si,,
0x51E63C2,0x51E63CD,11,ascii,dDVetFGfD%B,si,,
0x51E6472,0x51E647C,10,ascii,2RDECEbSFE,si,,
0x51E6985,0x51E6991,12,ascii,"2BDDC%DbP3""(",si,,
0x51E69C2,0x51E69CC,10,ascii,BD&F4%TQSA,si,,
0x51E6A75,0x51E6A81,12,ascii,23DfEGVeDCC(,si,,
0x51E7003,0x51E7011,14,ascii,4dpTs653GwcC!),si,,
0x51E77D2,0x51E77DC,10,ascii,34ETuvuFFT,si,,
0x51E7812,0x51E781F,13,ascii,224USF6VTcBB!,si,,
0x51E7AC7,0x51E7AD1,10,ascii,ERBFeE&Uq+,si,,
0x51FA880,0x51FA896,22,ascii,"Just so we're clear,  ",,si,
0x51FA8A8,0x51FA8EA,66,ascii,"I don't need to tell you what'll\nhappen if someone sees us,\nright?",,si,
0x51FA8FC,0x51FA912,22,ascii,We are trespassing.   ,,si,
0x51FA924,0x51FA952,46,ascii,So we just make sure no one sees\nus... right? ,,si,
0x51FA964,0x51FA98E,42,ascii,The number of times I heard that\nin LA....,,si,
0x51FA9A0,0x51FA9BA,26,ascii,You can always wait here. ,,si,
0x51FA9CC,0x51FA9DE,18,ascii,Hell with that.   ,,si,
0x51FA9F0,0x51FAA1A,42,ascii,And let you go running around on\nyour own?,,si,
0x52090F6,0x5209101,11,ascii,"""1DP42322B)",si,,
0x5216257,0x5216261,10,ascii,ODQDUR& 4+,,,
0x5219242,0x5219250,14,ascii,VETTFSDTE66dV6,si,,
0x5219C26,0x5219C30,10,ascii,"CA!""12!""!C",si,,
0x5219F72,0x5219F7E,12,ascii,"1""32P033oPO1",si,,
0x522D7A2,0x522D7AD,11,ascii,EedUdedT&A/,si,,
0x5242070,0x524208E,30,ascii,We're at reception.  No guard.,,si,
0x5244232,0x5244240,14,ascii,33R4DCDETEeeEC,si,,
0x524E870,0x524E88A,26,ascii,Let's see if this works.  ,,si,
0x5250A54,0x5250A60,12,ascii,"!""1""2BDD4332",si,,
0x52546C7,0x52546D1,10,ascii,/3B3.CDEUH,si,,
0x5256B87,0x5256B91,10,ascii,"0""!0!2A3""E",si,,
0x525F070,0x525F082,18,ascii,In she goes....   ,,si,
0x5269E24,0x5269E30,12,ascii,!3UD43DUfUDC,si,,
0x5269E43,0x5269E50,13,ascii,1CUUEEETefVU4,si,,
0x5269E62,0x5269E70,14,ascii,CE54C3334UT333,si,,
0x526C070,0x526C08A,26,ascii,It likes us.  Let's go.   ,,si,
0x526E242,0x526E250,14,ascii,CDTE44CED53TUV,si,,
0x5273222,0x5273230,14,ascii,A20R?QO21QC!32,si,,
0x52790D0,0x52790E6,22,ascii,I can barely see shit.,,si,
0x52790F8,0x5279136,62,ascii,Let's load this thing already and\nget the fuck out of here.   ,,si,
0x5279148,0x5279176,46,ascii,I hear you.  I ain't happy about\nthis either. ,,si,
0x5279188,0x52791A6,30,ascii,"Ed, look! The T-Gear's gone!  ",,si,
0x52791B8,0x52791E2,42,ascii,Son of a bitch! All this risk for\nnothing!,,si,
0x52791F4,0x5279202,14,ascii,Wait a minute.,,,
0x5279214,0x5279242,46,ascii,I remember seeing one of them\nsomewhere else. ,,si,
0x5279254,0x527926E,26,ascii,You're right! Let's go!   ,,,
0x5280D65,0x5280D70,11,ascii,"%2C311""3 A4",,,
0x5280ED2,0x5280EDE,12,ascii,"S2B2C!B!2""A3",si,,
0x5281532,0x528153D,11,ascii,"0A/210""20P0",si,,
0x52857F2,0x52857FC,10,ascii,"?ActUger4""",si,,
0x5291EA5,0x5291EB1,12,ascii,"Cee""7eEdeCV)",si,,
0x5296882,0x529688D,11,ascii,"3feD!A""!B4""",si,,
0x5299844,0x5299851,13,ascii,"?2?B Q&""U52&F",,,
0x529F1A3,0x529F1AD,10,ascii,"34""C1B! 54",,,
0x52A0126,0x52A0131,11,ascii,"BcR""16D32AJ",si,,
0x52A0392,0x52A039F,13,ascii,"3!BC154CP32""T",si,,
0x52A3452,0x52A3460,14,ascii,3DCCC334333333,si,,
0x52A3462,0x52A3470,14,ascii,ETEECTDSDDETDe,si,,
0x52A3472,0x52A3480,14,ascii,UUTUFU4EDDD5CC,si,,
0x52A3492,0x52A34A0,14,ascii,4USUUTSCDEUEeF,si,,
0x52A34E2,0x52A34F0,14,ascii,TVTffffVEfeFeU,si,,
0x52A34F2,0x52A3500,14,ascii,TUUUTEUSD4ED4D,si,,
0x52AA2F5,0x52AA2FF,10,ascii,6%DV4F3R2U,si,,
0x52C2432,0x52C243C,10,ascii,PB212D4CBA,si,,
0x52CF2B2,0x52CF2BE,12,ascii,"S"""" 1!3N32B!",,,
0x52CFC43,0x52CFC4D,10,ascii,"""!""""1""""""!O",si,,
0x52CFC76,0x52CFC80,10,ascii,Gc0%E 05cP,,,
0x52D3342,0x52D334D,11,ascii,"2 B%3R3""25C",,,
0x52DA8A0,0x52DA8C6,38,ascii,Look! The whiteboard's been\nerased.   ,,si,
0x52DA8D8,0x52DA90A,50,ascii,Something tells me it wasn't the\ncleaning lady.   ,,si,
0x52DA91C,0x52DA94A,46,ascii,That photo Hojo had on the table\nis gone too. ,,si,
0x52DD014,0x52DD01F,11,ascii," 0O13""!"""" """,,,
0x52DEE52,0x52DEE5C,10,ascii,6FTTC?TuD%,si,,
0x52E00C3,0x52E00D0,13,ascii,"SR""TA""3%!3R5n",si,,
0x52E6AC2,0x52E6ACC,10,ascii,"R5016""02B?",si,,
0x52F1933,0x52F193D,10,ascii,E2BD2P06S4,si,,
0x52FE7E4,0x52FE7EF,11,ascii,Pc5ECTTeWvV,si,,
0x5303245,0x5303251,12,ascii," 1""1SCBBECCE",si,,
0x5303392,0x53033A1,15,ascii,5D BuDUe'DD53!%,,,
0x5308402,0x5308410,14,ascii,DCDC333DDD3433,si,,
0x5308412,0x5308420,14,ascii,3D433333333333,si,,
0x5308422,0x5308430,14,ascii,efVUeUUUVUUUUU,si,,
0x530A090,0x530A09E,14,ascii,Here we are.  ,si,si,
0x530A0B0,0x530A0DE,46,ascii,Shouldn't be as many people\naround this late. ,,si,
0x530A104,0x530A11A,22,ascii,You sure you're okay? ,,si,
0x530A12C,0x530A142,22,ascii,"I told you, I'm fine. ",,si,
0x530BA12,0x530BA20,14,ascii,4CDDD4UTUTUEUU,si,,
0x530BA22,0x530BA30,14,ascii,TeeVfVUfeVVVUU,si,,
0x530BA32,0x530BA40,14,ascii,VDEEfeUUUVffUU,si,,
0x530BA42,0x530BA50,14,ascii,UUVUTUeVffeUUU,si,,
0x530BAC2,0x530BAD0,14,ascii,EUECTefeUU2334,si,,
0x5313F35,0x5313F3F,10,ascii,"0D"" 3!0P""2",,,
0x531AD65,0x531AD71,12,ascii,1QBDC4UraRQ(,si,,
0x531AEE7,0x531AEF1,10,ascii,"!""2DSTSSE(",si,,
0x531D825,0x531D82F,10,ascii,31112DAA0!,si,,
0x5325A72,0x5325A7C,10,ascii, 1200!!20 ,,,
0x5326942,0x532694C,10,ascii,%BP%323RAB,si,,
0x532D832,0x532D840,14,ascii,C3333C33342333,si,,
0x532D842,0x532D850,14,ascii,UFeEVUUFUUUU4U,si,,
0x532D852,0x532D860,14,ascii,UDDCEETDTSCCCC,si,,
0x532E8C0,0x532E8D2,18,ascii,Let's head inside.,si,,
0x532E8E4,0x532E916,50,ascii,"Keep it low.  Remember, we don't\nhave a warrant.  ",,si,
0x532E928,0x532E942,26,ascii,But we do have an excuse. ,,si,
0x532E96C,0x532E9A2,54,ascii,You must have something wrong\nwith you at your age.   ,,si,
0x532E9B4,0x532E9DE,42,ascii,Time to bend over for the rubber\nglove.   ,,si,
0x532E9F0,0x532EA26,54,ascii,I'd rather go to jail than wind up\nin the hospital.   ,,si,
0x532EA38,0x532EA5A,34,ascii,What about you and your\nstomach?  ,,si,
0x532EA6C,0x532EA7E,18,ascii,Don't tempt me.   ,,,
0x532EA90,0x532EA9A,10,ascii,Let's go! ,si,,
0x5330432,0x5330440,14,ascii,CDCDC4DCDCD4DC,si,,
0x5330442,0x5330450,14,ascii,4DDD3DCDDCDD4D,si,,
0x5330452,0x5330460,14,ascii,4TTCDDDDDDTEEU,si,,
0x5330462,0x5330470,14,ascii,TETTUdTUTTUEVU,si,,
0x5330472,0x5330480,14,ascii,EFVUUdVeUfefVU,si,,
0x5330482,0x5330490,14,ascii,33333C3C3C3444,si,,
0x5330492,0x53304A0,14,ascii,CC4343CC3D3CC4,si,,
0x53304A2,0x53304B0,14,ascii,4DC34DCDCD4C4D,si,,
0x53304D2,0x53304E0,14,ascii,DDDD434333333C,si,,
0x5330502,0x5330510,14,ascii,UTdSETTTDTUEEU,si,,
0x5330512,0x5330520,14,ascii,eVUE3DCeDTTTeU,si,,
0x5330632,0x533063C,10,ascii,"D""!!223443",si,,
0x5330682,0x5330690,14,ascii,"33C32""3233C223",si,,
0x5333117,0x5333121,10,ascii,"DC22C1""1A+",si,,
0x5335362,0x533536F,13,ascii,DTDEDD55TCSSC,si,,
0x533A2F7,0x533A301,10,ascii,100M.E/!j+,si,,
0x5343462,0x534346C,10,ascii,"OR2 ?pD""4'",,si,
0x5346112,0x534611C,10,ascii,41E323ES!2,si,,
0x5352876,0x5352880,10,ascii,"""2A3BTSD%&",si,,
0x5355052,0x535505C,10,ascii,"G/02 ""Qu""T",,,
0x5356002,0x535600C,10,ascii,0CVVUaCcdE,si,,
0x53577A4,0x53577AE,10,ascii,2B45EUTddd,si,,
0x5357F62,0x5357F6F,13,ascii,CCDDFTT4%5cT%,si,,
0x5359712,0x535971E,12,ascii,E44CDC5TBBDT,si,,
0x5361617,0x5361621,10,ascii,DMt3Fe3g4&,si,,
0x5362E12,0x5362E1C,10,ascii,2T%SBB3o&Q,si,,
0x5362E82,0x5362E91,15,ascii,"43RCp2U254CCB2,",si,,
0x5365272,0x536527C,10,ascii,"D2C2C""4B33",si,,
0x5375292,0x537529D,11,ascii,"%5TbVb/S""BB",si,,
0x537DBA2,0x537DBB1,15,ascii,C ?nadV3U5QO3!+,,,
0x5385932,0x5385940,14,ascii,"DD443433""2""""""""",si,,
0x5385942,0x5385950,14,ascii,4C34UUTTEDEE3D,si,,
0x5385992,0x53859A0,14,ascii,123333D4DEDUDd,si,,
0x538A070,0x538A09E,46,ascii,We're inside the lobby.  Coast\nlooks clear.   ,,si,
0x538A0B0,0x538A0CA,26,ascii,Just the way we want it.  ,,si,
0x538A0DC,0x538A116,58,ascii,I don't think they'd let us do this\nat this hour anyway.  ,,si,
0x538CBD2,0x538CBE0,14,ascii,gffffffvffffff,si,,
0x53A2C12,0x53A2C1C,10,ascii,"B""D!""Df3R3",si,,
0x53B30B0,0x53B30F6,70,ascii,We have to go through the\ndirector's office to get to the\npharmacy.   ,,si,
0x53B3108,0x53B3126,30,ascii,"Hope you don't mind, Chris.   ",,si,
0x53B3138,0x53B3142,10,ascii,Let's go. ,si,,
0x53B3154,0x53B318E,58,ascii,You... think I can stop at the little\nboys' room first?   ,,si,
0x53B31A0,0x53B31AE,14,ascii,The bathroom? ,,si,
0x53B31C0,0x53B31E6,38,ascii,Fine! Just make sure no one sees\nyou. ,,si,
0x53B31F8,0x53B3202,10,ascii,I'll try. ,,,
0x53B3214,0x53B3236,34,ascii,I'll wait here.  Try to be quick. ,,si,
0x53B3248,0x53B3256,14,ascii,Muuuch better.,,,
0x53B5F02,0x53B5F0E,12,ascii,"5663BeD""SRA+",si,,
0x53CB764,0x53CB76E,10,ascii,"0A4!!""?!12",si,,
0x53CD472,0x53CD481,15,ascii,4S2E5pC%4Tc33%),si,,
0x53D4392,0x53D439E,12,ascii,DdsefdDTC42!,si,,
0x53D44D2,0x53D44DE,12,ascii,"21CDS%'S""SD&",si,,
0x53D4552,0x53D4561,15,ascii,6Fe6EecT5e3cPU),si,,
0x53D4D93,0x53D4DA1,14,ascii,/22F13QASsNBO),si,,
0x53D55A4,0x53D55B1,13,ascii,!1S3UUUeUDTC(,si,,
0x53D5862,0x53D586E,12,ascii,"UdDGE&DD43C""",si,,
0x53D5A04,0x53D5A11,13,ascii,1QRT4TSSDGdC),si,,
0x53D6827,0x53D6831,10,ascii,BRRCDtTUT),si,,
0x53E1C82,0x53E1C8D,11,ascii,UvegeT64RCD,si,,
0x53E2506,0x53E2510,10,ascii,"AQLQE!DDE""",si,,
0x5403445,0x5403450,11,ascii,"?oM/A""!A 0A",,,
0x54243E2,0x54243F0,14,ascii,333433334433D3,si,,
0x54243F2,0x5424400,14,ascii,efUEUdUTdTEDDD,si,,
0x5424402,0x5424410,14,ascii,TTDTEUDTTTTT4T,si,,
0x5424412,0x5424420,14,ascii,EEUDTDCCDC43DE,si,,
0x5424422,0x5424430,14,ascii,D3DDDCD4C3333C,si,,
0x5424432,0x5424440,14,ascii,C43CCD44DDEDDD,si,,
0x543B958,0x543B976,30,ascii,We didn't think you'd be here!,,si,
0x543B988,0x543B9AA,34,ascii,I'm working a little late tonight.,,,
0x543B9BC,0x543B9E6,42,ascii,What are you guys doing here at\nthis time?,,si,
0x543B9F8,0x543BA12,26,ascii,Something you shouldn't?  ,,si,
0x543BA24,0x543BA3A,22,ascii,"We're sorry, Chris.   ",,,
0x543BA4C,0x543BA6E,34,ascii,We had a lead that couldn't wait. ,,si,
0x543BA80,0x543BA9A,26,ascii,Plus the door was open.   ,,si,
0x543BAAC,0x543BAD2,38,ascii,Those are some pretty weak\nexcuses.   ,,si,
0x543BAE4,0x543BB12,46,ascii,"Please don't tell anyone about this,\nChris.   ",,si,
0x543BB24,0x543BB62,62,ascii,You know I couldn't do that.  I'm\nresponsible for this place. ,,si,
0x543BB8C,0x543BBBA,46,ascii,if Gates found out about this he'd\nkill us.   ,,si,
0x543BBCC,0x543BC06,58,ascii,We really are sorry we tried to\nsneak in here like this.  ,,si,
0x543BC30,0x543BC6A,58,ascii,I'll consider letting it go if you let\nme in on whatever  ,,si,
0x543BC7C,0x543BC92,22,ascii,it is you're doing.   ,,si,
0x543BCA4,0x543BCAE,10,ascii,Really?   ,si,,
0x543BCC0,0x543BCE6,38,ascii,I've always loved this kinda thing.   ,,si,
0x543BCF8,0x543BD1E,38,ascii,It's like being in a mystery novel.   ,,si,
0x543BD30,0x543BD3E,14,ascii,"Okay, Chris.  ",,,
0x543BD50,0x543BD72,34,ascii,We'll fill you in on everything.  ,,si,
0x543DA12,0x543DA20,14,ascii,4C33D434443D4D,si,,
0x543DA22,0x543DA30,14,ascii,DUDSC4DCCDT3C4,si,,
0x543DA32,0x543DA40,14,ascii,D545D3DDDDDC5D,si,,
0x543DA42,0x543DA50,14,ascii,CTUUCDCTCDDTTU,si,,
0x543DA52,0x543DA60,14,ascii,"""33333333333C3",si,,
0x543DA62,0x543DA70,14,ascii,feeffUUTCDEUUU,si,,
0x543DA72,0x543DA80,14,ascii,edTEEUeEUUTUTC,si,,
0x54421B5,0x54421C1,12,ascii,"Q31""3PU35!3,",si,,
0x5460552,0x5460561,15,ascii,"3""11bo!""""!6C!!,",si,,
0x5463E32,0x5463E3D,11,ascii,BC32B21B3!/,si,,
0x5472116,0x5472120,10,ascii,0BACCfFVDE,si,,
0x5473864,0x547386F,11,ascii,"2!!1Q!1 ""AP",,,
0x5473D23,0x5473D2F,12,ascii,"""?1 21!0""!B!",,,
0x547D807,0x547D811,10,ascii,731D!aCAD+,si,,
0x547D856,0x547D861,11,ascii,"42BS22""!D3+",si,,
0x5490622,0x549062C,10,ascii,"""%CbC""%B""!",si,,
0x54946E7,0x54946F1,10,ascii, fB3BD7bv9,,,
0x549FE54,0x549FE61,13,ascii,""""" 1 00000!"",",,,
0x54A1C95,0x54A1CA0,11,ascii,"""?/!!!!OO?!",si,,
0x54B2115,0x54B2120,11,ascii,"2AA!L7""!OC!",si,,
0x54C6DE6,0x54C6DF1,11,ascii,"2""1""""""2!2!,",si,,
0x54CD3D7,0x54CD3E1,10,ascii,"a2B3""1T&&+",si,,
0x54DD826,0x54DD830,10,ascii,"%"" EC4T4%0",,,
0x54E0BB2,0x54E0BBC,10,ascii,322!C11ABA,si,,
0x54E6B92,0x54E6B9E,12,ascii,a3TCUsB%&%  ,si,,
0x54FC544,0x54FC54E,10,ascii,PeQ3?CE35Q,si,,
0x5504EB2,0x5504EC0,14,ascii,4TCEV4TUVUUUUT,si,,
0x5504EC2,0x5504ECD,11,ascii,UUUEEeeeE24,si,,
0x55068E0,0x550690E,46,ascii,"You see, we have this CD we'd\nlike to load.   ",,si,
0x5506920,0x5506942,34,ascii,"You have a T-Gear99 here,\nright?  ",,si,
0x5506954,0x550695E,10,ascii,A T-Gear? ,,,
0x5506970,0x55069AA,58,ascii,That's the Tokugawa Group's\nproprietary network terminal. ,,si,
0x55069BC,0x55069DE,34,ascii,It's different from our computers.,,si,
0x55069F0,0x5506A1A,42,ascii,"But there is one in the pharmacy,\nyeah.   ",,si,
0x5506A2C,0x5506A5A,46,ascii,Ishida manages all our drugs\nthrough Tokugawa.,,si,
0x5506A6C,0x5506A8E,34,ascii,"And God said, ""Let there be\nwin."" ",,si,
0x5519237,0x5519241,10,ascii,"UP 4 ""21/+",,si,
0x551D475,0x551D47F,10,ascii,A0SCT5VEfe,si,,
0x551D623,0x551D62D,10,ascii,1VDTEU42C4,si,,
0x553B665,0x553B670,11,ascii,0tCE2c&Cus6,si,,
0x55413C7,0x55413D1,10,ascii,6e3cPbSD!+,si,,
0x5550623,0x555062D,10,ascii,".a6?2""N0a1",si,,
0x5552375,0x555237F,10,ascii," 53""1C54B3",,,
0x5552512,0x555251E,12,ascii,5bC4ST5CTfFE,si,,
0x555C070,0x555C086,22,ascii,"Here's the pharmacy,  ",,si,
0x555C098,0x555C0A6,14,ascii,minus Ishida. ,,,
0x555C0B8,0x555C0DA,34,ascii,Let's hurry up and load the CD.   ,,si,
0x5563392,0x556339D,11,ascii,"./PQ""Ao/""DS",si,,
0x5564423,0x556442E,11,ascii,"21""0""""&b11R",si,,
0x5564D25,0x5564D30,11,ascii,"&2""S10!4ApQ",si,,
0x5565096,0x55650A1,11,ascii,"V4FE%VSCbS,",si,,
0x5576880,0x5576892,18,ascii,"Here we go, Ed!   ",,si,
0x55768A4,0x55768BA,22,ascii,This is it alright.   ,,si,
0x55768CC,0x55768E6,26,ascii,You know how to use it?   ,,si,
0x55768F8,0x5576926,46,ascii,I heard only Tokugawa employees\ncan work it.  ,,si,
0x5576938,0x5576946,14,ascii,Don't worry.  ,si,,
0x5576958,0x557697A,34,ascii,We got ourselves a private lesson.,,si,
0x557698C,0x557699A,14,ascii,And then some.,,si,
0x55769AC,0x55769BE,18,ascii,Let's get to work.,,si,
0x557D924,0x557D92F,11,ascii, C-D411!403,si,,
0x55829E5,0x55829F1,12,ascii,"!2C2""""3333DL",si,,
0x5582A22,0x5582A2C,10,ascii,B?2Q3C-&BP,si,,
0x55A1FA2,0x55A1FAC,10,ascii,T%TsUD1u6s,si,,
0x55A2275,0x55A2281,12,ascii, BaOBQD5D3E(,si,,
0x55A4502,0x55A450C,10,ascii,eEEFgSftVe,si,,
0x55B10E2,0x55B10EC,10,ascii,C6TBRD4%CB,si,,
0x55B5CF2,0x55B5CFC,10,ascii,"RM0772!TD""",si,,
0x55B6D26,0x55B6D31,11,ascii,"4DTP451SBE,",si,,
0x55B7744,0x55B774E,10,ascii,"2""3dASBU0A",si,,
0x55B8B73,0x55B8B7D,10,ascii,E6'RAoBC c,,,
0x55BBB55,0x55BBB61,12,ascii,"""""02!!01"" "",",,,
0x55BF870,0x55BF88E,30,ascii,"Wait till you see this, Chris.",,si,
0x55BF8A0,0x55BF8BA,26,ascii,Time for a little magic.  ,,si,
0x55BF8CC,0x55BF8E2,22,ascii,This is so exciting!  ,,si,
0x55C4AA2,0x55C4AAD,11,ascii,"4!43""o2R""eN",si,,
0x55D52B2,0x55D52BD,11,ascii,"eVeTdF44B3""",si,,
0x55D52C2,0x55D52CD,11,ascii,"""!3213R422 ",si,,
0x55D6825,0x55D682F,10,ascii,31?1013OA0,si,,
0x55E1070,0x55E1086,22,ascii,First comes the power.,,si,
0x55E9870,0x55E988A,26,ascii,This is the easiest part. ,,si,
0x55EC4B7,0x55EC4C1,10,ascii,DUSQRDD%4C,si,,
0x55FD070,0x55FD082,18,ascii,Now for Hojo's ID.,,si,
0x5605772,0x560577C,10,ascii,".? 1""""2CC3",,,
0x5652870,0x56528B6,70,ascii,Only Tokugawa employees are\nsupposed to have access to these\ncodes.   ,,si,
0x56528C8,0x56528DE,22,ascii,You guys know them?   ,,si,
0x56528F0,0x565290E,30,ascii,"Yeah, we've done our homework.",,si,
0x565FFE6,0x565FFF0,10,ascii,&rRDq3S4b&,si,,
0x56612A2,0x56612AE,12,ascii,"!A?10!10!""""""",si,,
0x5661886,0x5661890,10,ascii,2O!1!!!1!!,si,,
0x5661923,0x566192D,10,ascii,UBD14365qp,si,,
0x5661DC3,0x5661DCE,11,ascii,"11/""OO?""1 ?",,,
0x5662C42,0x5662C50,14,ascii,"ARBAB6CoC5A5a""",si,,
0x5662F62,0x5662F71,15,ascii,"ACSCTCFnc25DCU,",si,,
0x56637D4,0x56637DE,10,ascii,q CB?%ABB3,,,
0x5663FD4,0x5663FE1,13,ascii,4F2RSD1T512!+,si,,
0x566C482,0x566C48C,10,ascii,An2OL+K+ ?,,si,
0x566E152,0x566E15D,11,ascii,TDCEDC5D%1O,si,,
0x567A070,0x567A08E,30,ascii,That takes care of the card.  ,,si,
0x567A0A0,0x567A0CE,46,ascii,Next it's gonna see if we're its real\nowner.  ,,si,
0x567A0E0,0x567A0FE,30,ascii,My heart's beating like crazy!,,si,
0x568ABD7,0x568ABE1,10,ascii,"""Q%DDD""12D",si,,
0x56944E7,0x56944F1,10,ascii,"""A0O""""2BBG",si,,
0x56945D2,0x56945DC,10,ascii,33DTTD45TU,si,,
0x56B1752,0x56B175C,10,ascii,2Ob?/4NT1-,si,,
0x56B7070,0x56B7092,34,ascii,You did it! I don't believe it!   ,,si,
0x56B70A4,0x56B70C2,30,ascii,We're just getting started.   ,,si,
0x56D8870,0x56D8886,22,ascii,Let's put in the CD.  ,,si,
0x56FC2C5,0x56FC2D0,11,ascii,2TD2D3CD2TS,si,,
0x56FC2D2,0x56FC2E0,14,ascii,TV3CT444S55CT5,si,,
0x56FC2E2,0x56FC2F0,14,ascii,3S5eDBTe5e6SUF,si,,
0x5703870,0x5703886,22,ascii,It's reading the disc.,,si,
0x5703898,0x57038A6,14,ascii,Here it comes.,,si,
0x571AA30,0x571AA62,50,ascii,I knew there was something about\nthose capsules.  ,,si,
0x571AA74,0x571AA8A,22,ascii,This is what the leaf ,,si,
0x571AA9C,0x571AAB2,22,ascii,was trying to tell us.,,si,
0x571AAC4,0x571AAEA,38,ascii,Helluva system they've come up\nwith.  ,,si,
0x571AAFC,0x571AB12,22,ascii,I don't believe this. ,,si,
0x571AB24,0x571AB52,46,ascii,"This isn't the work of just one\ndrug company, ",,si,
0x571AB64,0x571AB82,30,ascii,much less Hojo's brainchild.  ,,,
0x571AB94,0x571ABAE,26,ascii,Somebody else is involved.,,si,
0x571ABC0,0x571ABCE,14,ascii,Somebody big. ,,,
0x571ABE0,0x571ABF2,18,ascii,Like the Mafia.   ,,si,
0x571AC04,0x571AC1A,22,ascii,But there's no proof. ,,si,
0x571AC2C,0x571AC5E,50,ascii,You need way more than this\nagainst these guys.   ,,si,
0x571AC70,0x571AC96,38,ascii,Anyone could make something like\nthis.,,si,
0x571ACA8,0x571ACB6,14,ascii,We have proof.,,si,
0x571ACC8,0x571AD02,58,ascii,Let's take another look at the\ncapsules we gave Victor.   ,,si,
0x571AD14,0x571AD42,46,ascii,"Not the contents, but the capsules\nthemselves.",,si,
0x571AD54,0x571AD6E,26,ascii,I owe Lorraine that much. ,,si,
0x571AD80,0x571AD9E,30,ascii,If what this says is true.... ,,si,
0x571ADB0,0x571ADCA,26,ascii,"Man, just think about it! ",,si,
0x5739AA5,0x5739AB1,12,ascii,"BNS5SD43AcT,",si,,
0x57526D2,0x57526DC,10,ascii,"3C33CB""32!",si,,
0x575C172,0x575C17C,10,ascii,0EffdEEDDE,si,,
0x5790D83,0x5790D91,14,ascii,"F4TBDD4D""21Bc,",si,,
0x579FD92,0x579FD9D,11,ascii,"""S1!4432EUQ",si,,
0x57A0DD3,0x57A0DDE,11,ascii,"QC2!!221D?""",si,,
0x57A23C4,0x57A23CF,11,ascii,3C2B4BbC&V&,si,,
0x57B3827,0x57B3831,10,ascii,E6ED%23GB+,si,,
0x57C1687,0x57C1691,10,ascii,"EACb1453C,",si,,
0x57C1E72,0x57C1E81,15,ascii,"CB34""o""F5S""53D,",si,,
0x57C8C92,0x57C8CA0,14,ascii,UD32D3CC4TUUED,si,,
0x57C8CD2,0x57C8CE0,14,ascii,DDUUUVefdfUVUU,si,,
0x57C8CE2,0x57C8CF0,14,ascii,DDDCCdUVEDUUVU,si,,
0x57C8D12,0x57C8D20,14,ascii,"4C333""""""""""""""33",si,,
0x57C8D22,0x57C8D30,14,ascii,43333333333333,si,,
0x57C8D32,0x57C8D40,14,ascii,UUTUC4DDEDDDD3,si,,
0x57CB080,0x57CB092,18,ascii,You're telling me.,,,
0x57CB0B8,0x57CB0F2,58,ascii,To think you could sell these right\nunder people's noses. ,,si,
0x57CB104,0x57CB112,14,ascii,It's insane.  ,,,
0x57CB124,0x57CB15E,58,ascii,"If the CD's for real, we're not just\ntalking hospitals.   ",,si,
0x57CB170,0x57CB192,34,ascii,You could hide Narc in any drug.  ,,si,
0x57CB1A4,0x57CB1DA,54,ascii,If it got into drugstores there'd be\nno stopping it.  ,,si,
0x57CB1EC,0x57CB212,38,ascii,That's exactly what they have in\nmind.,,si,
0x57CB224,0x57CB262,62,ascii,"Chris, could you see if there are\nany K-9 samples left here?  ",,si,
0x57D24F2,0x57D24FC,10,ascii,"!AD""C!3""1""",si,,
0x57E1E55,0x57E1E5F,10,ascii,"VRd2?""A4!1",si,,
0x57FEA15,0x57FEA20,11,ascii,"""QN0 23/ 22",,,
0x5800B76,0x5800B80,10,ascii,"%?!2!""""21 ",,,
0x58029A7,0x58029B1,10,ascii,"%""SAO0?O3)",si,,
0x5810FB2,0x5810FBF,13,ascii,C45CD5CRC3D66,si,,
0x581CFD2,0x581CFDD,11,ascii,C33CC%sR5sS,si,,
0x58250F8,0x5825142,74,ascii,"I don't think they're stupid\nenough to leave them lying\naround, though.   ",,si,
0x5825154,0x582516E,26,ascii,Could Ishida be in on it? ,,si,
0x5825180,0x582518E,14,ascii,Very possibly.,,si,
0x58251A0,0x58251BE,30,ascii,But who with? Hojo?\nTokugawa? ,,si,
0x5827B92,0x5827BA0,14,ascii,3T3DTTTTUTfU5C,si,,
0x5841D12,0x5841D1E,12,ascii,D423BCA!  6c,,,
0x5848C87,0x5848C91,10,ascii,2B1&c!ASD+,si,,
0x58491C4,0x58491D1,13,ascii,"1%DU30!P""1BC+",si,,
0x5852AD2,0x5852AE0,14,ascii,UfUUT43B3223DD,si,,
0x5852AF2,0x5852B00,14,ascii,"233""""""3""""""""""3C",si,,
0x5852C22,0x5852C30,14,ascii,D4C4DDCC33CCDC,si,,
0x5852C32,0x5852C40,14,ascii,C433C333333333,si,,
0x5852C42,0x5852C50,14,ascii,ffVUUDDDDDEDDT,si,,
0x5854920,0x5854932,18,ascii,"Whatever the case,",,si,
0x5854944,0x5854976,50,ascii,no way he doesn't know what\nK-9's really about.   ,,si,
0x5854988,0x5854992,10,ascii,"Thing is, ",,si,
0x58549A4,0x58549CA,38,ascii,"if Hojo and Ishida were\naccomplices,  ",,si,
0x58549DC,0x5854A06,42,ascii,wouldn't they be going after Ishida\ntoo?  ,,si,
0x5854A18,0x5854A3A,34,ascii,Let's go pay Victor another visit.,,,
0x5854A4C,0x5854A62,22,ascii,Before we leave....   ,,si,
0x5854A74,0x5854A9E,42,ascii,"Think I could use your bathroom,\nChris?   ",,si,
0x5854AB0,0x5854AD2,34,ascii,"You do have diarrhea, don't you?  ",,si,
0x5854AE4,0x5854B02,30,ascii,Why didn't you just say so?   ,,si,
0x5854B14,0x5854B46,50,ascii,I'll give you something for it when\nyou come out. ,,si,
0x5854B58,0x5854B76,30,ascii,From Tokugawa\nPharmaceuticals?,,si,
0x5854B88,0x5854BB2,42,ascii,"Good grief, what difference does it\nmake? ",,si,
0x5854BC4,0x5854BE6,34,ascii,"Take your time this time, alright?",,si,
0x5854BF8,0x5854C22,42,ascii,"Be sure to turn on the fan too,\nwill you? ",,si,
0x585AEB6,0x585AEC0,10,ascii,!2343C34D3,si,,
0x5867FF3,0x5867FFD,10,ascii,"3D ""1A"". """,,,
0x586C105,0x586C10F,10,ascii,D%%P!ARSCR,si,,
0x58849C6,0x58849D1,11,ascii,"%4CqD dU3W,",,,
0x58896A2,0x58896B0,14,ascii,44333D33433342,si,,
0x58896C2,0x58896D0,14,ascii,UTFFV64RDTVTUF,si,,
0x58896D2,0x58896E0,14,ascii,UScSeTDe54E4E4,si,,
0x58896E2,0x58896F0,14,ascii,3EEST4CED6U4ED,si,,
0x58896F2,0x5889700,14,ascii,DddVUCSFDVVVVV,si,,
0x5889702,0x5889710,14,ascii,TUeSEFVUEUeVVe,si,,
0x5889732,0x5889740,14,ascii,UUVVVETSEVTFVe,si,,
0x5889742,0x5889750,14,ascii,EEVeUVTVVVVdFV,si,,
0x5889752,0x5889760,14,ascii,eUVUfTVUeEUUVV,si,,
0x5889762,0x5889770,14,ascii,33C333333C3333,si,,
0x588B012,0x588B020,14,ascii,553DVUUVddfeED,si,,
0x588DBE2,0x588DBEC,10,ascii,CdSdD3E03?,si,,
0x588DD72,0x588DD7C,10,ascii,eDWEE33Q33,si,,
0x588DF17,0x588DF21,10,ascii,"0RBSB""AA2I",si,,
0x588E145,0x588E14F,10,ascii,BAB6SCTcT4,si,,
0x588E835,0x588E841,12,ascii,"""""34CA!21""1'",si,,
0x588E974,0x588E981,13,ascii,"2""3ssdgeTTRD(",si,,
0x588E9B3,0x588E9C1,14,ascii,CbVgfWtdFWeD4(,si,,
0x588EAA2,0x588EAB1,15,ascii,?QRTDUeTvtfU6B(,si,,
0x588ECA3,0x588ECAD,10,ascii,"!""1""324C22",si,,
0x588ECE2,0x588ECEE,12,ascii,T3EWD'3CDcA!,si,,
0x588ED12,0x588ED1C,10,ascii,"C!Rb""%21""2",si,,
0x588ED47,0x588ED51,10,ascii,!  BRD4DC(,,,
0x588EDF4,0x588EDFE,10,ascii,S5TS4%E%4A,si,,
0x588EE62,0x588EE6C,10,ascii,"4SBRAA%2""/",si,,
0x588F0E2,0x588F0F1,15,ascii,"12TtdFeU'5C2""!(",si,,
0x588F336,0x588F341,11,ascii,"3b""DSbDD3C(",si,,
0x588F427,0x588F431,10,ascii,"""B4DcddSS(",si,,
0x58A21D2,0x58A21DD,11,ascii,d!T5&cUVaPV,si,,
0x58A8802,0x58A880E,12,ascii,CF4B%54QaRR-,si,,
0x58AEE52,0x58AEE5D,11,ascii,"Q?3D""1C13!!",si,,
0x58AF157,0x58AF161,10,ascii,"1!""""1""!A +",,,
0x58B3F86,0x58B3F91,11,ascii,""" 1/!2?? 1+",,,
0x58C4603,0x58C460D,10,ascii, 3CdESC2SF,,,
0x58CBE32,0x58CBE3E,12,ascii,"1!""3234444C!",si,,
0x58CF8C6,0x58CF8D1,11,ascii,6& U3CT34T%,,,
0x58DC070,0x58DC08E,30,ascii,Let's get over to Forensics.  ,,si,
0x58DE385,0x58DE390,11,ascii,"""""""33333343",si,,
0x58E9140,0x58E9166,38,ascii,"Oh, hey, guys.  What's all the\nhubbub?",,si,
0x58E9178,0x58E9182,10,ascii,Victor!   ,,,
0x58E9194,0x58E91C2,46,ascii,We know what's going on with\nthose capsules!  ,,si,
0x58E91D4,0x58E91F2,30,ascii,"Capsules? Oh, the cold pills? ",,si,
0x58E9204,0x58E923A,54,ascii,"They've got Narc hidden in the\ncapsules themselves,   ",,si,
0x58E924C,0x58E9266,26,ascii,not the inner contents.   ,,si,
0x58E9278,0x58E928E,22,ascii,It's in the gelatin.  ,,si,
0x58E92A0,0x58E92D2,50,ascii,What?! In the gelatin? Why\ndidn't I think of that.,,si,
0x58E92E4,0x58E9312,46,ascii,And it only becomes Narc after\nyou've taken   ,,si,
0x58E9324,0x58E934A,38,ascii,two different capsules\nsimultaneously.,,si,
0x58E935C,0x58E937E,34,ascii,They've got it divided in half.   ,,si,
0x58E9390,0x58E93BA,42,ascii,A binary narcotic? Is that even\npossible? ,,si,
0x58E93CC,0x58E93DE,18,ascii,See for yourself. ,,si,
0x58E93F0,0x58E941A,42,ascii,The proof's in the capsules we\ngave you.  ,,si,
0x58E942C,0x58E944A,30,ascii,I'm afraid I can't do that.   ,,si,
0x58EB462,0x58EB470,14,ascii,"""22333334DDDDD",si,,
0x58EF786,0x58EF791,11,ascii,ReC3Ue1b3 4,,,
0x5901EC4,0x5901ECE,10,ascii,E!C%2BaAob,si,,
0x5902925,0x590292F,10,ascii,"3 """"022!""0",,,
0x590E177,0x590E181,10,ascii,"5""%02B425K",si,,
0x59140F2,0x59140FE,12,ascii,CCBCRCR3DSTF,si,,
0x59151E3,0x59151EF,12,ascii,/!!145DDETT5,si,,
0x591FBD3,0x591FBDE,11,ascii,"?N01!4-!2C""",si,,
0x5923DC2,0x5923DD0,14,ascii,C2VT5UVCD5DTUT,si,,
0x5924632,0x5924640,14,ascii,3433333434DC33,si,,
0x5924672,0x5924680,14,ascii,VeffDTeTVfVfff,si,,
0x5924682,0x5924690,14,ascii,FTVeTfUVeVffff,si,,
0x5924EE7,0x5924EF1,10,ascii,"Q/2!""!"" "",",,,
0x5925057,0x5925061,10,ascii," """" ""?1?0,",,,
0x5926586,0x5926590,10,ascii,"4!!""""""!""""""",si,,
0x5926677,0x5926681,10,ascii,"301!1!!!"",",si,,
0x5926C46,0x5926C51,11,ascii,"12 C?""BA3"",",,,
0x5936844,0x593684E,10,ascii,"D!""!! S03C",,,
0x593B472,0x593B47D,11,ascii,RD1!%UB202C,si,,
0x59667A3,0x59667AE,11,ascii,"%!603R?A""OA",si,,
0x5968B97,0x5968BA1,10,ascii,"6RBC&SVTe,",si,,
0x59703B2,0x59703BE,12,ascii,4SDFVeC33!BF,si,,
0x597D0F0,0x597D10E,30,ascii,AP came and took them away.   ,,si,
0x597D120,0x597D12E,14,ascii,It was him.   ,,si,
0x597D140,0x597D15A,26,ascii,"That Frozener, Redwood.   ",,si,
0x597D16C,0x597D17A,14,ascii,AP? But why?  ,,si,
0x597D18C,0x597D1B2,38,ascii,"Well, I assumed you'd asked them\nto.  ",,si,
0x597D1D8,0x597D1E2,10,ascii,Strange.  ,,,
0x597D1F4,0x597D21E,42,ascii,We definitely never told them to\ndo that. ,,si,
0x5983472,0x598347C,10,ascii,/!AUCUDCCE,si,,
0x598CF67,0x598CF71,10,ascii,"1AD4""""'2/(",si,,
0x598D0D2,0x598D0DC,10,ascii,1OBQE2Dt1 ,,,
0x5992A62,0x5992A70,14,ascii,334SeEDD3EU4C4,si,,
0x5992A82,0x5992A90,14,ascii,U44D5BDSDUCTUE,si,,
0x5992AA2,0x5992AB0,14,ascii,"""23332""""""""332C",si,,
0x5992AB2,0x5992AC0,14,ascii,333333D33D3333,si,,
0x5992AE2,0x5992AF0,14,ascii,TUVfVfVUUD3CUE,si,,
0x59ACD35,0x59ACD41,12,ascii,"&BfB2TTV20"",",si,,
0x59AE772,0x59AE77E,12,ascii,"DBadO55f""AF2",si,,
0x59BA880,0x59BA896,22,ascii,Let's go get 'em back.,,,
0x59BA8A8,0x59BA8D6,46,ascii,"If you do, let me take another look\nat them.  ",,si,
0x59C05C5,0x59C05D1,12,ascii,"TdSB?CoCe5E,",si,,
0x59C9342,0x59C934C,10,ascii," 4%""0?25WV",,,
0x59C9392,0x59C939F,13,ascii,"VuT""""tdS441eC",si,,
0x59C9466,0x59C9471,11,ascii,"T""cETEB2B""3",si,,
0x59D0870,0x59D0886,22,ascii,"Ed! A word, please.   ",,,
0x59DA930,0x59DA96E,62,ascii,"Jonathan, Ed....  You're not\nhandling this like we discussed. ",,si,
0x59DA980,0x59DA98A,10,ascii,"Oh, that. ",,si,
0x59DA99C,0x59DA9D2,54,ascii,"Yes, THAT.  I hear Tokugawa's\nparty wasn't such a hit.",,si,
0x59DA9E4,0x59DAA0E,42,ascii,We were just... catching up on old\ntimes. ,,si,
0x59DAA20,0x59DAA4E,46,ascii,"He was tempted to sue us and\nyou, Jonathan.   ",,si,
0x59DAA60,0x59DAA86,38,ascii,Somehow we convinced him\notherwise.   ,,si,
0x59DAA98,0x59DAAB6,30,ascii,Obviously this needs repeating,,si,
0x59DAAB9,0x59DAAE2,41,ascii, this is Tokugawa! Think\nbefore you act! ,,si,
0x59DAAF4,0x59DAB22,46,ascii,Anything else happens and you're\non your own. ,,si,
0x59DAB34,0x59DAB52,30,ascii,Are we clear? That'll be all. ,,si,
0x59DAB64,0x59DAB92,46,ascii,You're free to go.  Just behave\nyourselves.   ,,si,
0x59E9D92,0x59E9D9D,11,ascii,"001""3""""""2!3",si,,
0x59EA366,0x59EA371,11,ascii,"""2!""!""""""?1,",si,,
0x59EBDE2,0x59EBDEF,13,ascii,"!1!1!!! ""0ON ",,si,
0x59EC643,0x59EC64F,12,ascii,"CN""""20""1""12""",si,,
0x59EC7C2,0x59EC7D1,15,ascii,"?BCDbP12BS2F1R,",si,,
0x59EED72,0x59EED7D,11,ascii,"7?""3T0""1Q34",si,,
0x59EF217,0x59EF221,10,ascii,"A3oBO1""pd,",si,,
0x59FD412,0x59FD41C,10,ascii," 1!""DR4"" 3",,,
0x59FF735,0x59FF741,12,ascii,"6UV2""D?""FSf,",si,,
0x5A07E72,0x5A07E7C,10,ascii,"-BF ""2R""CU",,,
0x5A1E7C4,0x5A1E7CE,10,ascii,"1B""CC3ET5""",si,,
0x5A1F982,0x5A1F990,14,ascii,V44DDSS4SUe423,si,,
0x5A1F9A2,0x5A1F9AD,11,ascii,4fVSVTC2!5 ,si,,
0x5A2F173,0x5A2F17E,11,ascii,5S!D531D131,si,,
0x5A35C32,0x5A35C3C,10,ascii,"010!!""""4!0",si,,
0x5A3EF06,0x5A3EF11,11,ascii,/!CN.B?%D3+,si,,
0x5A3F077,0x5A3F081,10,ascii,"""!341?U3?+",si,,
0x5A4B870,0x5A4B892,34,ascii,"Jesus, were we lucky this time.   ",,si,
0x5A4B8A4,0x5A4B8AE,10,ascii,What now? ,,si,
0x5A5DE03,0x5A5DE0D,10,ascii,121 20 !A ,,,
0x5A648F0,0x5A64912,34,ascii,We're done.  Get out of my sight. ,,si,
0x5A64924,0x5A64952,46,ascii,"Hold on, Gates.  We just have a\nfew questions.",,si,
0x5A64964,0x5A6498A,38,ascii,Promise you'll stop causing\ntrouble?  ,,,
0x5A6499C,0x5A649A6,10,ascii,I promise.,,,
0x5A649B8,0x5A649CE,22,ascii,And start behaving?   ,,si,
0x5A649F8,0x5A64A02,10,ascii,You swear?,,si,
0x5A64A14,0x5A64A1E,10,ascii,I swear.  ,,,
0x5A64A30,0x5A64A4A,26,ascii,On a provisional basis.   ,,si,
0x5A64A5C,0x5A64A72,22,ascii,Big bloody surprise.  ,,,
0x5A64A84,0x5A64AB6,50,ascii,You never could make a deal with\nJonathan Ingram. ,,si,
0x5A64AC8,0x5A64AEA,34,ascii,Well? What do you want to\nknow?   ,,si,
0x5A8C734,0x5A8C73F,11,ascii," ""213C53VDB",si,,
0x5A91CE2,0x5A91CF0,14,ascii,333333334DD33D,si,,
0x5A931B7,0x5A931C1,10,ascii,"2!0""""103!,",si,,
0x5A96B12,0x5A96B1F,13,ascii,"%""1d C1pVt""!C",,,
0x5A989F3,0x5A989FD,10,ascii,"1N  O/ ""?/",,,
0x5A9D8E2,0x5A9D8EC,10,ascii,U%T2dVUUDU,si,,
0x5AA3672,0x5AA367E,12,ascii,"VE535""!4BfUE",si,,
0x5AA3E96,0x5AA3EA1,11,ascii,s2cS43S42F+,si,,
0x5AA40D6,0x5AA40E1,11,ascii,"R4S4""LB4R4,",si,,
0x5AA7742,0x5AA7750,14,ascii,"""1 00R06DfdmFQ",,,
0x5AB4F42,0x5AB4F4C,10,ascii,"!AR%4C!2""2",si,,
0x5AC1AA6,0x5AC1AB0,10,ascii,CP%1S3n1%2,si,,
0x5AC1B32,0x5AC1B3E,12,ascii,UU2SSU4DC442,si,,
0x5AC68F2,0x5AC6901,15,ascii,"2D 1D%5B!303BP,",,,
0x5AC81F2,0x5AC81FC,10,ascii,"R2C3""d%SCB",si,,
0x5ACD880,0x5ACD892,18,ascii,Looking for these?,,si,
0x5ACD8B8,0x5ACD8CA,18,ascii,It's the capsules!,,si,
0x5ACFBF5,0x5ACFC01,12,ascii,"""3TVVUeUeee,",si,,
0x5AD6414,0x5AD6420,12,ascii,352mbaO4eADC,si,,
0x5AD65B2,0x5AD65BD,11,ascii,"A!C%V4""Q23o",si,,
0x5ADF392,0x5ADF39C,10,ascii,Lv%SU1dDE4,si,,
0x5AE48F0,0x5AE491E,46,ascii,"You can't trust the absent-minded\nprofessor,  ",,si,
0x5AE4930,0x5AE494E,30,ascii,so I had a look at them here. ,,si,
0x5AE4960,0x5AE4986,38,ascii,Zilch.  Nada.  Unbelievably\nordinary. ,,,
0x5AE4998,0x5AE49CE,54,ascii,And you thought these had\nsomething to do with Narc?  ,,si,
0x5AE49E0,0x5AE49EA,10,ascii,Says who? ,,si,
0x5AE49FC,0x5AE4A32,54,ascii,"Everyone knows about it, the way\nyou've been going on.",,si,
0x5AE4A44,0x5AE4A6A,38,ascii,"Should've known better, with you\ntwo. ",,si,
0x5AE4A7C,0x5AE4A8E,18,ascii,You fucking....   ,,si,
0x5AE4AA0,0x5AE4AB6,22,ascii,Jonathan....  Don't.  ,,,
0x5AE9B62,0x5AE9B6C,10,ascii,343CC3D52C,si,,
0x5AF0826,0x5AF0831,11,ascii,"""P R-2Ta21,",,,
0x5AF6A52,0x5AF6A5D,11,ascii,FE%5C4C3D4D,si,,
0x5AF70C2,0x5AF70D0,14,ascii,"43D3SD""24242CD",si,,
0x5AFD473,0x5AFD481,14,ascii,4CBDDEEDDDDDD',si,,
0x5B02327,0x5B02331,10,ascii,03DS2B!1C9,si,,
0x5B0F687,0x5B0F691,10,ascii,"VTTsV&Dbd,",si,,
0x5B15432,0x5B15440,14,ascii,UDTB!%2ST.AB0D,si,,
0x5B172A2,0x5B172AE,12,ascii,TUuufUfdFUVT,si,,
0x5B1A262,0x5B1A26E,12,ascii,BqD%dOF5o6Ce,si,,
0x5B1A382,0x5B1A38E,12,ascii,"D!2  ""033C2!",,,
0x5B1B384,0x5B1B38E,10,ascii,"CA!CQ""2D20",si,,
0x5B1B702,0x5B1B711,15,ascii,"DC""BEpA6U6dPC6,",si,,
0x5B1DEF2,0x5B1DEFF,13,ascii,464TDCEUstE--,si,,
0x5B39880,0x5B3988E,14,ascii,Here you go.  ,,si,
0x5B420A0,0x5B420C6,38,ascii,"Alright, let's get these to Victor.   ",,si,
0x5B420D8,0x5B420FA,34,ascii,"Ed, wait! Look at the drug codes. ",,si,
0x5B4210C,0x5B4213A,46,ascii,These aren't the capsules I got\nfrom Lorraine.,,si,
0x5B4214C,0x5B4216A,30,ascii,"Hey, the codes are all there! ",,si,
0x5B42194,0x5B421BE,42,ascii,Those are the ones I got from the\nold man.,,si,
0x5B421D0,0x5B421DA,10,ascii,Positive. ,,,
0x5B46936,0x5B46941,11,ascii,"""""!""""""""""2A,",si,,
0x5B4DEE7,0x5B4DEF1,10,ascii,"320""0222"",",si,,
0x5B4E252,0x5B4E25D,11,ascii,"""1!""2NA!0!""",si,,
0x5B4E5D6,0x5B4E5E0,10,ascii,"201!1!""""""!",si,,
0x5B4EC62,0x5B4EC6C,10,ascii,"11PP!312""""",si,,
0x5B4ED74,0x5B4ED7E,10,ascii,%0131A0ANA,si,,
0x5B4FA77,0x5B4FA81,10,ascii,""" ""B2B121F",,,
0x5B5DBA6,0x5B5DBB0,10,ascii,"OC""4L C""D ",,,
0x5B5F036,0x5B5F041,11,ascii,"123!""!2V!B,",si,,
0x5B6AF32,0x5B6AF3F,13,ascii,SCVd3EbpQfCUC,si,,
0x5B6BFF5,0x5B6C001,12,ascii,"5CCC""AQ2e13,",si,,
0x5B6D802,0x5B6D810,14,ascii,"CT5VD452""3BeUU",si,,
0x5B7A266,0x5B7A271,11,ascii,"PR2e!B3C2C,",si,,
0x5B7C652,0x5B7C65C,10,ascii,"24BD""DDTcU",si,,
0x5B83183,0x5B8318D,10,ascii,!!!2CCTEUE,si,,
0x5B834E2,0x5B834EE,12,ascii,CS3EUTfefugG,si,,
0x5B8B7B3,0x5B8B7C1,14,ascii,"aW""v4uUBU3E2Q&",si,,
0x5B8E0C0,0x5B8E0DA,26,ascii,You're so full of shit.   ,,si,
0x5B8E0EC,0x5B8E112,38,ascii,"Unlike you guys, I have work to\ndo.   ",,si,
0x5B8E124,0x5B8E142,30,ascii,We're about to review security,,si,
0x5B8E154,0x5B8E172,30,ascii,for the anniversary parade.   ,,si,
0x5B8E184,0x5B8E1B2,46,ascii,I don't have time for these whims\nof yours.   ,,si,
0x5B98F32,0x5B98F40,14,ascii,"""""""""""333""""C423",si,,
0x5B9C904,0x5B9C911,13,ascii,"7CT21EBT""!BD,",si,,
0x5B9EC73,0x5B9EC7F,12,ascii,"""22CCCTDUVe5",si,,
0x5BA13A7,0x5BA13B1,10,ascii,"/""!2C22D4D",si,,
0x5BA5A66,0x5BA5A70,10,ascii,54O?1/! 0R,,,
0x5BA6866,0x5BA6871,11,ascii,"O5!""B44U7E2",si,,
0x5BA6F22,0x5BA6F2C,10,ascii,"3DCDETeTE""",si,,
0x5BA9262,0x5BA926C,10,ascii,"BQ""C5DdTDE",si,,
0x5BA9812,0x5BA981D,11,ascii,34CDTTUfeff,si,,
0x5BA9C52,0x5BA9C5C,10,ascii,CCDTTEeeUE,si,,
0x5BAD2A2,0x5BAD2AD,11,ascii,CCD4USEUFUE,si,,
0x5BAE1A2,0x5BAE1AD,11,ascii,45TTDEdefwV,si,,
0x5BBD642,0x5BBD64C,10,ascii,DWeUVVgUVD,si,,
0x5BBDED2,0x5BBDEDC,10,ascii,354D55654D,si,,
0x5BC0AB2,0x5BC0AC0,14,ascii,"!!1"" """"!!  !"" ",,,
0x5BC1745,0x5BC1751,12,ascii,"RS!Pn23Ba20,",si,,
0x5BC1BB3,0x5BC1BBD,10,ascii,"""P?313""42""",si,,
0x5BC4880,0x5BC48B6,54,ascii,You gotta be kidding! There goes\nour only evidence.   ,,si,
0x5BC48C8,0x5BC48EA,34,ascii,"Someone knew, Ed.  Somebody\nknew. ",,,
0x5BC48FC,0x5BC490E,18,ascii,But who? Victor?  ,,si,
0x5BC4920,0x5BC492A,10,ascii,Redwood?  ,,,
0x5BC493C,0x5BC496A,46,ascii,I'm wondering if there's anyone\nwe can trust. ,,si,
0x5BC497C,0x5BC49A6,42,ascii,"Well, so much for corroborating\nthe CD.   ",,si,
0x5BC49B8,0x5BC49C2,10,ascii,Any ideas?,,si,
0x5BC7F66,0x5BC7F71,11,ascii,"D233bT""2fD+",si,,
0x5BCE062,0x5BCE070,14,ascii,"3CD333333""2D33",si,,
0x5BCE202,0x5BCE210,14,ascii,43C433D43C4333,si,,
0x5BCE212,0x5BCE220,14,ascii,33DC3D4D4334DD,si,,
0x5BCE222,0x5BCE230,14,ascii,VVUefUfeEDUUUU,si,,
0x5BCE232,0x5BCE241,15,ascii,"""233334333""""33,",si,,
0x5BCE412,0x5BCE420,14,ascii,"3333""233333433",si,,
0x5BCE422,0x5BCE430,14,ascii,UffUUVUfVefffE,si,,
0x5BCE432,0x5BCE440,14,ascii,DeffUeVUUVeeUU,si,,
0x5BCE442,0x5BCE450,14,ascii,effUUVEfEDETUf,si,,
0x5BCE482,0x5BCE490,14,ascii,33332CD3333333,si,,
0x5BCE492,0x5BCE4A0,14,ascii,33C433D3CD3CD3,si,,
0x5BCE4A2,0x5BCE4B0,14,ascii,"333""333""223433",si,,
0x5BCE4B2,0x5BCE4C0,14,ascii,"43CD33333CD4""""",si,,
0x5BCE5E2,0x5BCE5F0,14,ascii,"""""""23333333343",si,,
0x5BCE5F2,0x5BCE600,14,ascii,3333333C433333,si,,
0x5BCE602,0x5BCE610,14,ascii,33C43DD43D4333,si,,
0x5BCE622,0x5BCE630,14,ascii,34333333333333,si,,
0x5BCE632,0x5BCE640,14,ascii,33333333333334,si,,
0x5BCE642,0x5BCE650,14,ascii,3333D343333233,si,,
0x5BCE652,0x5BCE660,14,ascii,fUUTUUeEeUDDUU,si,,
0x5BCE662,0x5BCE670,14,ascii,UUUVEDTDCCUfVU,si,,
0x5BCE672,0x5BCE680,14,ascii,34333333333333,si,,
0x5BCE692,0x5BCE6A0,14,ascii,44TUUVFU5DTUUT,si,,
0x5BCE6A2,0x5BCE6B0,14,ascii,TVUDTVVUeUEDDD,si,,
0x5BCE6B2,0x5BCE6C0,14,ascii,2333334332234C,si,,
0x5BCE6D2,0x5BCE6E0,14,ascii,fUUfVEDTUVDeVf,si,,
0x5BCE6E2,0x5BCE6F0,14,ascii,C3333333333333,si,,
0x5BCE712,0x5BCE720,14,ascii,C4333233323333,si,,
0x5BCE722,0x5BCE730,14,ascii,VVfeVD43TfeffU,si,,
0x5BCE732,0x5BCE740,14,ascii,33333433333333,si,,
0x5BCE752,0x5BCE760,14,ascii,D3333333233333,si,,
0x5BCE782,0x5BCE790,14,ascii,3CD43333C33333,si,,
0x5BCE7E2,0x5BCE7F0,14,ascii,343D3334333333,si,,
0x5BCE802,0x5BCE810,14,ascii,fUUUUVUUUDTTUE,si,,
0x5BCE812,0x5BCE820,14,ascii,DEDTeUEDDDDDCT,si,,
0x5BCE822,0x5BCE830,14,ascii,TEDDDDED4333DD,si,,
0x5BCE832,0x5BCE840,14,ascii,DTDUUCDE44433C,si,,
0x5BCE882,0x5BCE890,14,ascii,D333C4D44DTUUU,si,,
0x5BCE892,0x5BCE8A0,14,ascii,ECDDTD4CEDETDD,si,,
0x5BCE8A2,0x5BCE8B0,14,ascii,4DTTUUffUV44CD,si,,
0x5BCE8B2,0x5BCE8C0,14,ascii,T4CDDEDTETUUEE,si,,
0x5BCE8C2,0x5BCE8D0,14,ascii,ECTEDCUVfeUDU4,si,,
0x5BCE8D2,0x5BCE8E0,14,ascii,DDTEUUUUUUfeVU,si,,
0x5BCE8F2,0x5BCE900,14,ascii,FdEDUffeETEUUU,si,,
0x5BCE902,0x5BCE910,14,ascii,"3""333333CD4333",si,,
0x5BCE922,0x5BCE930,14,ascii,eUEUEDUUUDTUUV,si,,
0x5BCE942,0x5BCE950,14,ascii,eeVefeUUfUVUUU,si,,
0x5BCE952,0x5BCE960,14,ascii,3333333D433333,si,,
0x5BCE962,0x5BCE970,14,ascii,effVDeVUVVTEDC,si,,
0x5BCE982,0x5BCE990,14,ascii,DeUUUUDUDDT3CD,si,,
0x5BCF032,0x5BCF03F,13,ascii,52CfDdVDDFT53,si,,
0x5BCF0F2,0x5BCF100,14,ascii,"EVETU3eED4""!dU",si,,
0x5BCF262,0x5BCF270,14,ascii,3CU433C334TCTD,si,,
0x5BCF2C2,0x5BCF2CC,10,ascii,"""2D44D444""",si,,
0x5BCF3B2,0x5BCF3C0,14,ascii,"""334CCD""""2""""3D",si,,
0x5BCF4D2,0x5BCF4E0,14,ascii,"D4233""""233CC4""",si,,
0x5BCF616,0x5BCF620,10,ascii,"""""""""22""""""""",si,,
0x5BCF622,0x5BCF630,14,ascii,"""""""""""""22""""223""",si,,
0x5BCF825,0x5BCF830,11,ascii,"""2""22""""""""""""",si,,
0x5BCF843,0x5BCF84D,10,ascii,"!""!22!""""""!",si,,
0x5BCF882,0x5BCF88D,11,ascii,"""!!""""!""!!""""",si,,
0x5BCF8B3,0x5BCF8C0,13,ascii,"!""!""""!!""!""""""""",si,,
0x5BD6025,0x5BD6031,12,ascii,!B420E42 T4G,,,
0x5BD7987,0x5BD7991,10,ascii,2 2A3RRBD%,,,
0x5C019B2,0x5C019BF,13,ascii,"4e%""e""""VR42nO",,si,
0x5C12AA0,0x5C12ABA,26,ascii,"Oh yeah! Chief, Jonathan! ",,,
0x5C12AE0,0x5C12B06,38,ascii,"There was a call from a ""Nine\nStars"". ",,si,
0x5C12B18,0x5C12B2E,22,ascii,Thank god for that.   ,,si,
0x5C12B40,0x5C12B5E,30,ascii,That's the informant from AMM.,,si,
0x5C12B70,0x5C12B82,18,ascii,"The message was,  ",,si,
0x5C12B94,0x5C12BCE,58,ascii,"""Things have changed.  Meet me\nat the same place at 4 AM.""",,si,
0x5C12BE0,0x5C12BFA,26,ascii,It was a woman's voice.   ,,si,
0x5C12C0C,0x5C12C1E,18,ascii,A woman's voice?  ,,,
0x5C12C30,0x5C12C3A,10,ascii,Any video?,,si,
0x5C12C4C,0x5C12C66,26,ascii,"No, it came in down here. ",,si,
0x5C12C78,0x5C12CAE,54,ascii,And I couldn't record it because of\nthe encryption.   ,,si,
0x5C12CC0,0x5C12CDA,26,ascii,Our informant's a woman?  ,,si,
0x5C12CEC,0x5C12CF6,10,ascii,Who knows.,,si,
0x5C12D08,0x5C12D2A,34,ascii,Could've just altered their voice.,,si,
0x5C12D3C,0x5C12D72,54,ascii,Encryptions are becoming harder\nand harder to crack.  ,,si,
0x5C12D84,0x5C12DBA,54,ascii,The tech in the private sector is\nleaps ahead of ours.,,si,
0x5C12DCC,0x5C12DEA,30,ascii,Did they have a Home accent?  ,,si,
0x5C12DFC,0x5C12E0A,14,ascii,They may have.,,si,
0x5C12E1C,0x5C12E26,10,ascii,Really....,si,,
0x5C12E38,0x5C12E46,14,ascii,What is it?   ,si,si,
0x5C12E58,0x5C12E76,30,ascii,Just... wasn't expecting that.,,si,
0x5C12E88,0x5C12E92,10,ascii,Forget it.,,si,
0x5C12EA4,0x5C12ECE,42,ascii,We need to bring this guy in this\ntime.   ,,si,
0x5C12EE0,0x5C12F0E,46,ascii,"With the capsules gone, he's our\nonly lead.   ",,si,
0x5C12F20,0x5C12F42,34,ascii,"You needing us on this one,\nchief?",,si,
0x5C12F54,0x5C12F6A,22,ascii,"No, you two stay put. ",,si,
0x5C12F7C,0x5C12FB6,58,ascii,"Say the word anytime, Jonathan. \nI'm always here for you. ",,si,
0x5C12FC8,0x5C12FEA,34,ascii,"Thanks, Dave.  That means a lot.  ",,si,
0x5C12FFC,0x5C13012,22,ascii,You can count on me.  ,,si,
0x5C24DB2,0x5C24DBD,11,ascii,2BB4DDDDC5D,si,,
0x5C381D2,0x5C381E0,14,ascii,323TDDTeVTUDSU,si,,
0x5C381E2,0x5C381F0,14,ascii,"UVUUTUDC""""3CTE",si,,
0x5C381F2,0x5C38200,14,ascii,"UE4DDTT4DU3""""""",si,,
0x5C38212,0x5C38220,14,ascii,"""""CDDD4332C4D4",si,,
0x5C38272,0x5C38280,14,ascii,3333C34333333D,si,,
0x5C38282,0x5C38290,14,ascii,CD333DDDUDTCDD,si,,
0x5C38292,0x5C382A0,14,ascii,DDDTUUTUUDTECD,si,,
0x5C382A2,0x5C382B0,14,ascii,UUU3344CED443D,si,,
0x5C382B2,0x5C382C0,14,ascii,DD444C33CDDDDT,si,,
0x5C382C2,0x5C382D0,14,ascii,EDEDDTEE34DDDD,si,,
0x5C382D2,0x5C382E0,14,ascii,DEEDD4DDDD4CDD,si,,
0x5C382E2,0x5C382F0,14,ascii,4DDCDDCCCDEDDE,si,,
0x5C382F2,0x5C38300,14,ascii,"CDDD443334333""",si,,
0x5C38302,0x5C3830C,10,ascii,"2""""""""""""""""!",si,,
0x5C39FC2,0x5C39FD0,14,ascii,DDUUTDTDDTTDUU,si,,
0x5C39FD2,0x5C39FE0,14,ascii,fUEDDUEEETeVUe,si,,
0x5C39FE2,0x5C39FF0,14,ascii,3333DDCDDDDD33,si,,
0x5C3A814,0x5C3A81E,10,ascii,"c3 DE3RD""5",,,
0x5C42202,0x5C4220D,11,ascii,!1!AEBV5RT5,si,,
0x5C43E82,0x5C43E8D,11,ascii,4DEVFGWEVT%,si,,
0x5C49025,0x5C4902F,10,ascii," !""323%CB4",,,
0x5C5A6F3,0x5C5A6FD,10,ascii,"?2Db3%""P31",si,,
0x5C5E822,0x5C5E830,14,ascii,DECCDDD4D324DD,si,,
0x5C603D4,0x5C603DF,11,ascii,"02 0 !"" ""!!",,,
0x5C6BC05,0x5C6BC0F,10,ascii,BUUgTdEduF,si,,
0x5C6C255,0x5C6C25F,10,ascii,"C 1""A""!21""",,,
0x5C75094,0x5C7509E,10,ascii,? OUAR6TR/,,,
0x5C75CB3,0x5C75CBE,11,ascii,0cfF6VfcSCD,si,,
0x5C851D2,0x5C851DC,10,ascii,ETETDU35E ,,,
0x5C85242,0x5C8524F,13,ascii,ES4UD463EDRS%,si,,
0x5C95424,0x5C95430,12,ascii,OSE2sd%FG%2F,si,,
0x5CB64F5,0x5CB64FF,10,ascii,D?Dl5QbS!A,si,,
0x5CB7936,0x5CB7941,11,ascii,"1?22303""!3,",si,,
0x5CC0CA5,0x5CC0CAF,10,ascii,"NtdRaPFAG""",si,,
0x5CCB5A2,0x5CCB5B1,15,ascii,"T25""od&'0?bgEE:",si,,
0x5CD2732,0x5CD273E,12,ascii,DUAC3/1TTCFC,si,,
0x5CDB2C5,0x5CDB2CF,10,ascii,5P10!Q2VuR,si,,
0x5CDCFD5,0x5CDCFE1,12,ascii," %D33/""CD4DC",si,,
0x5CDF177,0x5CDF181,10,ascii,"441A!""2!"",",si,,
0x5CEA302,0x5CEA310,14,ascii,DDEDD44C34DeUD,si,,
0x5CEA312,0x5CEA320,14,ascii,DdUUUUfUTDUffU,si,,
0x5CEA322,0x5CEA330,14,ascii,TC3ECD3CCC4TDT,si,,
0x5CEA332,0x5CEA340,14,ascii,CTCCCTcEUTDDDD,si,,
0x5CEA342,0x5CEA350,14,ascii,"EfEE""34D3eEEED",si,,
0x5CEA352,0x5CEA360,14,ascii,T4E5DVUVfUDEVU,si,,
0x5CEA362,0x5CEA370,14,ascii,eFEdUEfTTVDECd,si,,
0x5CEA382,0x5CEA390,14,ascii,DC4CTCUFC3CDDT,si,,
0x5CEAE64,0x5CEAE71,13,ascii,"!!1001!""?!!0,",si,,
0x5CEC0E7,0x5CEC0F1,10,ascii,"1 !O ""? 0,",,,
0x5CF3AD7,0x5CF3AE1,10,ascii,"2!! !2!O!,",,,
0x5CF51C6,0x5CF51D1,11,ascii,"211! 32!""!,",,,
0x5CFAEE6,0x5CFAEF1,11,ascii,Ts/BF2134 +,,,
0x5D03F67,0x5D03F71,10,ascii,"BT""4CSQCCC",si,,
0x5D0A5C2,0x5D0A5CE,12,ascii,"1""""BQ1 4222O",,,
0x5D0A9A7,0x5D0A9B1,10,ascii,"""32""2""2"""",",si,,
0x5D0B8A4,0x5D0B8AF,11,ascii,"2!A B""""22A?",,,
0x5D0BC22,0x5D0BC2C,10,ascii,"2O!A1030""1",si,,
0x5D0C2B2,0x5D0C2BD,11,ascii," 2 """"!!!!20",,,
0x5D13070,0x5D13096,38,ascii,Wonder what he's got to say this\ntime.,,si,
0x5D130A8,0x5D130CA,34,ascii,I'm done playing with this bitch. ,,si,
0x5D1AFB2,0x5D1AFBC,10,ascii,6 0Q6E3NTS,,,
0x5D1CA97,0x5D1CAA1,10,ascii,/T52BV53DD,si,,
0x5D1CB13,0x5D1CB1D,10,ascii,!fECUvD453,si,,
0x5D203D2,0x5D203E1,15,ascii,US5dPES44EFp5F+,,si,
0x5D20487,0x5D20491,10,ascii,"3!2""""""3!2,",si,,
0x5D205B5,0x5D205C1,12,ascii,"%RSRCd""4Q43,",si,,
0x5D206E2,0x5D206EE,12,ascii,13A2N!1A!210,si,,
0x5D21962,0x5D2196D,11,ascii,"""2""213!C""22",si,,
0x5D21FD2,0x5D21FDD,11,ascii,? 000!!O/ 1,,,
0x5D22096,0x5D220A0,10,ascii,"! !""A20A01",,,
0x5D2A8D0,0x5D2A8F2,34,ascii,Dang....  This place is creepy as.,,si,
0x5D2A904,0x5D2A92E,42,ascii,This is all wrong.  This isn't like\nhim.  ,,si,
0x5D2A940,0x5D2A962,34,ascii,Not a soul in sight.  What gives? ,,si,
0x5D2A974,0x5D2A9AA,54,ascii,He did say things had changed. \nWho knows what's up.  ,,si,
0x5D2A9BC,0x5D2A9DA,30,ascii,Doesn't make it any easier.   ,,si,
0x5D2A9EC,0x5D2AA12,38,ascii,Museums at night are just...\nspooky.  ,,si,
0x5D2AA24,0x5D2AA62,62,ascii,"Before I forget, try not to piss him\noff this time, will you? ",,si,
0x5D2AA74,0x5D2AA9E,42,ascii,I thought I was being pretty nice\nto him. ,,si,
0x5D2AAB0,0x5D2AABA,10,ascii,Whatever. ,,,
0x5D2C8F7,0x5D2C901,10,ascii,Os4CF4D!b4,si,,
0x5D348E2,0x5D348EC,10,ascii,SrbE%CRcUO,si,,
0x5D4B426,0x5D4B431,11,ascii,"FUSDscCrcS,",si,,
0x5D53063,0x5D5306D,10,ascii,"?%fD41qT""|",si,,
0x5D57C22,0x5D57C2D,11,ascii,!}05!4fE'Q!,si,,
0x5D5DFD5,0x5D5DFDF,10,ascii,AA5DC&C65C,si,,
0x5D627A7,0x5D627B1,10,ascii,"""SeeE3AED&",si,,
0x5D67EB3,0x5D67EC0,13,ascii,E&CA46DSB6 13,,,
0x5D75AA2,0x5D75AAF,13,ascii,6UcSDDD5DDCCC,si,,
0x5D779D4,0x5D779DE,10,ascii,EFB311CfC&,si,,
0x5D77C26,0x5D77C30,10,ascii,C1o0A4!Q 2,,,
0x5D7D352,0x5D7D35D,11,ascii,22!%3CB34S4,si,,
0x5D8A070,0x5D8A086,22,ascii,"Hey, the door's open! ",,si,
0x5D8A098,0x5D8A0A2,10,ascii,Naturally.,si,,
0x5D8A0B4,0x5D8A0D2,30,ascii,Nine Stars is waiting for us. ,,si,
0x5D8A0E4,0x5D8A0FE,26,ascii,"Yeah, that makes sense.   ",,si,
0x5D8A110,0x5D8A122,18,ascii,"""Nine Stars""....  ",,,
0x5D8A134,0x5D8A142,14,ascii,Gimme a break.,,,
0x5D8A154,0x5D8A16E,26,ascii,"Time to meet ""Two Fists"". ",,si,
0x5D8A180,0x5D8A18A,10,ascii,Let's go. ,si,,
0x5D93986,0x5D93991,11,ascii,TeGQm6toFn+,si,,
0x5D9B763,0x5D9B76E,11,ascii,300CMk2cFS5,si,,
0x5DADAE2,0x5DADAEC,10,ascii,CCa1%43Cb2,si,,
0x5DAF275,0x5DAF281,12,ascii,"0!0!""""oN!1!,",,si,
0x5DB0872,0x5DB087C,10,ascii,?0!/1O1!0!,si,,
0x5DBF262,0x5DBF26C,10,ascii,"""C5""""%A32c",si,,
0x5DBFED2,0x5DBFEDC,10,ascii,"42eVED444""",si,,
0x5DC7DB2,0x5DC7DBC,10,ascii,p1A!SS3B14,si,,
0x5DCC870,0x5DCC88A,26,ascii,We're in the Coral Hall.  ,,si,
0x5DCC89C,0x5DCC8AA,14,ascii,No one around.,,si,
0x5DCC8BC,0x5DCC8E2,38,ascii,I don't like it.  It's way too quiet. ,,si,
0x5DE5C42,0x5DE5C50,14,ascii,CDC6DEEUEETSTE,si,,
0x5DE7870,0x5DE788A,26,ascii,We're at the Moon Corner. ,,si,
0x5DE789C,0x5DE78AA,14,ascii,It's so still.,,si,
0x5DE78BC,0x5DE78E2,38,ascii,Must be what the Moon's really\nlike.  ,,si,
0x5DE78F4,0x5DE7922,46,ascii,You... get the feeling we're being\nwatched?   ,,si,
0x5DE9A22,0x5DE9A30,14,ascii,23323DDTU53DDD,si,,
0x5DE9E02,0x5DE9E0C,10,ascii,TBDbfoUD5a,si,,
0x5E0C070,0x5E0C08E,30,ascii,We're at the Beyond Corner.   ,,si,
0x5E0C0A0,0x5E0C0C2,34,ascii,Look! Our heads have been cut\noff!,,si,
0x5E0F132,0x5E0F13D,11,ascii,"4D4DC21""""""""",si,,
0x5E18A32,0x5E18A41,15,ascii," 4""1BETbTSD1QE+",si,,
0x5E23870,0x5E2388E,30,ascii,Interesting sense of humor.   ,,si,
0x5E238A0,0x5E238BE,30,ascii,I have a real bad feeling now.,,si,
0x5E238D0,0x5E238EA,26,ascii,We better find Nine Stars!,,si,
0x5E283F2,0x5E283FC,10,ascii,""" 1!1!AAQA",,,
0x5E32574,0x5E3257E,10,ascii,5fSTC43123,si,,
0x5E44070,0x5E4408A,26,ascii,We're at the Space Corner.,,si,
0x5E4409C,0x5E440B6,26,ascii,I don't see him anywhere. ,,,
0x5E598A0,0x5E598BA,26,ascii,We're at the Space Corner.,,si,
0x5E598E4,0x5E598FA,22,ascii,It's his spacesuit!   ,,si,
0x5E5990C,0x5E5993E,50,ascii,"His head's been cut off, just like\nour figures!   ",,si,
0x5E59950,0x5E5997A,42,ascii,Something's written on the\nPioneer plaque.,,si,
0x5E5998C,0x5E599A2,22,ascii,Ditto for the suit.   ,,si,
0x5E76882,0x5E7688D,11,ascii,",9BVAT4""5AD",si,,
0x5E7B9C3,0x5E7B9CD,10,ascii,1F?RDdBU4?,si,,
0x5E939B5,0x5E939BF,10,ascii,"!TSUcU""CV6",si,,
0x5E939C2,0x5E939D0,14,ascii,FSABS21EDD&fFC,si,,
0x5E98052,0x5E9805C,10,ascii,N DDCU%3AP,,,
0x5E9E9C2,0x5E9E9D0,14,ascii,UeED4UTeVTETDD,si,,
0x5EA0070,0x5EA008E,30,ascii,There's writing on the chest. ,,si,
0x5EA00A0,0x5EA00BE,30,ascii,"""Drop the case, Policenauts!"" ",,si,
0x5EA00D0,0x5EA00DA,10,ascii,Subtle.   ,,,
0x5EA00EC,0x5EA00FA,14,ascii,Come on....   ,,si,
0x5EA010C,0x5EA012A,30,ascii,What are you doing down there?,,si,
0x5EA013C,0x5EA0156,26,ascii,Just checking something.  ,,si,
0x5EA3952,0x5EA395E,12,ascii,VeVEUUUUDTTe,si,,
0x5EAF827,0x5EAF831,10,ascii,RG!1EG6dUD,si,,
0x5EB02D5,0x5EB02DF,10,ascii,D4Ufc4TEBE,si,,
0x5EBB9A6,0x5EBB9B0,10,ascii,/33C43332C,si,,
0x5EBBA52,0x5EBBA5F,13,ascii,"!2333""""""""""Q? ",si,,
0x5EDB880,0x5EDB89A,26,ascii,Jonathan! This is blood!  ,,si,
0x5EDB8AC,0x5EDB8EA,62,ascii,It's pointing to the solar system. \nIt's gotta be a message.  ,,si,
0x5EDB8FC,0x5EDB91A,30,ascii,Something to do with Jupiter? ,,si,
0x5EDB92C,0x5EDB966,58,ascii,That hologram in the back has a\nmodel of the solar system.,,si,
0x5EDB978,0x5EDB982,10,ascii,That's it!,,si,
0x5EDB994,0x5EDB9AA,22,ascii,Let's check it out!   ,,si,
0x5F24870,0x5F24886,22,ascii,Something's not right.,,si,
0x5F24898,0x5F248A6,14,ascii,What is it?   ,si,si,
0x5F248B8,0x5F248EA,50,ascii,There's an extra planet here.  I\ncount 10 planets.,,si,
0x5F248FC,0x5F2490E,18,ascii,An extra planet?  ,,si,
0x5F4A8A0,0x5F4A8DA,58,ascii,What's the deal with this? It's not\npart of the hologram. ,,si,
0x5F4A8EC,0x5F4A8FE,18,ascii,Hell if I know.   ,,si,
0x5F64872,0x5F64880,14,ascii,4CD34DTDdEEDDE,si,,
0x5F64882,0x5F64890,14,ascii,D44C4DDDSCUEEE,si,,
0x5F64892,0x5F648A0,14,ascii,DETUUEE3DUVEDd,si,,
0x5F648A2,0x5F648B0,14,ascii,UUTDD43DDDUEUe,si,,
0x5F648B2,0x5F648C0,14,ascii,UUUeUUTDTDTUVU,si,,
0x5F648C2,0x5F648D0,14,ascii,EDETUTDDST4EDU,si,,
0x5F648D2,0x5F648E0,14,ascii,43432C4D333C3C,si,,
0x5F66968,0x5F6697E,22,ascii,Look at the planets!  ,,si,
0x5F66990,0x5F669CA,58,ascii,They're arranged like Ishida's\nfamily crest from above.   ,,si,
0x5F669DC,0x5F66A02,38,ascii,"""Nine Stars"" came from Ishida's\ncrest.",,si,
0x5F66A14,0x5F66A32,30,ascii,It was also his employee code.,,si,
0x5F66A44,0x5F66A4E,10,ascii,I get it. ,,si,
0x5F66A60,0x5F66A8A,42,ascii,So that was the mark on Hojo's\nwhiteboard.,,si,
0x5F66A9C,0x5F66ACE,50,ascii,"We do have other things to think\nabout, Jonathan. ",,si,
0x5F66AE0,0x5F66B02,34,ascii,"Like, I dunno... the massquitoes? ",,si,
0x5F66B14,0x5F66B3A,38,ascii,They're gonna be coming for us\nnow!   ,,si,
0x5F83277,0x5F83281,10,ascii,1SObaC4R3&,si,,
0x5F83A42,0x5F83A4E,12,ascii,CDEEVDDuq3vt,si,,
0x5F9F5F3,0x5F9F5FD,10,ascii,"T!Uf6GU3""A",si,,
0x5FA9E45,0x5FA9E50,11,ascii,"1UETR6D""EcD",si,,
0x5FD3870,0x5FD388E,30,ascii,The massquitoes are onto us!  ,,si,
0x5FD38B8,0x5FD38E6,46,ascii,They'll suck us dry if we don't do\nsomething! ,,si,
0x5FEE870,0x5FEE88E,30,ascii,There's just no end to them!  ,,si,
0x5FEE8A0,0x5FEE8C2,34,ascii,Let's get away from here for\nnow! ,,si,
0x6006950,0x600696E,30,ascii,Should we make a run for it?  ,,si,
0x6006980,0x60069A6,38,ascii,"No, we can't let a single one\nloose!  ",,si,
0x60069B8,0x60069DA,34,ascii,We can't just stay here all night!,,si,
0x60069EC,0x6006A06,26,ascii,There's gotta be a way.   ,,si,
0x6006A18,0x6006A32,26,ascii,"Come on, think.  Think!   ",,si,
0x6006A44,0x6006A62,30,ascii,What are their sensors like?  ,,si,
0x6006A74,0x6006A82,14,ascii,Pretty basic. ,,,
0x6006A94,0x6006ABB,39,ascii,They're programmed to home in\non any CO,,si,
0x6006AEC,0x6006B13,39,ascii,So if we had something with a lot\nof CO,,si,
0x6006B34,0x6006B5A,38,ascii,We should be able to distract\nthem.   ,,si,
0x6006B6C,0x6006B96,42,ascii,Where would we find something\nlike that?  ,,si,
0x6006BA8,0x6006BC1,25,ascii,I remember you mentioning,,si,
0x6006BF4,0x6006BFE,10,ascii,"Hey, wait.",,,
0x6006C10,0x6006C30,32,ascii,Wasn't there something here with,,si,
0x6006C94,0x6006CBA,38,ascii,"Yeah, I'm sure they'll have plenty.   ",,si,
0x6006CCC,0x6006D01,53,ascii,"Hey, what about the fire\nextinguisher? It'll give off",,si,
0x6006D1C,0x6006D42,38,ascii,"It was back at the Moon Corner,\nright?",,si,
0x6006D54,0x6006D5E,10,ascii,Let's go! ,si,,
0x6006D70,0x6006D8A,26,ascii,Look for something with CO,,si,
0x6017104,0x6017110,12,ascii,"!UV3C3""0""cU""",si,,
0x601D932,0x601D93D,11,ascii,Da4'PgC2QoQ,si,,
0x6045906,0x6045910,10,ascii," """"""2B34D3",,,
0x6045D42,0x6045D4D,11,ascii,"""22""CCD?   ",,,
0x6045D75,0x6045D7F,10,ascii,"!13333C2""!",si,,
0x6045DB2,0x6045DC0,14,ascii,TVVVEEETSS44D2,si,,
0x604E954,0x604E95E,10,ascii,2/C41C6cA ,,,
0x6054B12,0x6054B1E,12,ascii,VUCS2a3R3535,si,,
0x605ECD2,0x605ECDD,11,ascii,DTEEGFFTedD,si,,
0x6077BA2,0x6077BB0,14,ascii,3432CC4DTeUTUU,si,,
0x6077BF2,0x6077C00,14,ascii,UE3CCTfUeUEdUV,si,,
0x607A4E2,0x607A4EF,13,ascii,DUTEUU5US5d53,,si,
0x6097472,0x609747C,10,ascii,DUVVVeVfF1,si,,
0x60B2C05,0x60B2C11,12,ascii, BE!3F%BDE C,,si,
0x60B2CE6,0x60B2CF1,11,ascii,TV4C343B31C,si,,
0x60B2E56,0x60B2E61,11,ascii,6A?b3gf3SfD,si,,
0x60BA426,0x60BA430,10,ascii,223CDCCDDD,si,,
0x60EC870,0x60EC892,34,ascii,The massquitoes are here!\nMove!   ,,si,
0x60F4F92,0x60F4F9D,11,ascii,"R7!""UdGu1D4",si,,
0x60F9870,0x60F9882,18,ascii,The massquitoes!  ,,si,
0x60FBCB4,0x60FBCC0,12,ascii,"!!""1""C4443""C",si,,
0x60FBCC2,0x60FBCD0,14,ascii,"UTDDCE3CDVV5""C",si,,
0x61069D0,0x61069DE,14,ascii,Wait a sec.   ,,,
0x61069F0,0x6106A32,66,ascii,There might be something even\nbetter than the fire extinguisher.  ,,si,
0x6106A5C,0x6106A82,38,ascii,What about the coral? It's\ncalcareous.,,si,
0x6106A94,0x6106AC8,52,ascii,"Hey, you're right! Coral absorbs\nlarge amounts of CO",,si,
0x6106AE0,0x6106B12,50,ascii,It'll release a ton more than a fire\nextinguisher.,,si,
0x6106B24,0x6106B5A,54,ascii,We'll have to dissolve it.  That\nshould do the trick. ,,si,
0x6106B84,0x6106BA2,30,ascii,We'll need some kinda acid.   ,,si,
0x6106BB4,0x6106BCE,26,ascii,Where we gonna find that? ,,si,
0x6106BE0,0x6106C02,34,ascii,Acid? I know where there's\nsome.  ,,si,
0x6106C2C,0x6106C76,74,ascii,The fire extinguisher at the Moon\nCorner.  It's a soda-acid\nextinguisher. ,,si,
0x6106C88,0x6106CAE,38,ascii,It contains a vial of sulfuric acid.  ,,si,
0x6106CC0,0x6106CDE,30,ascii,"But it was damaged, remember? ",,si,
0x6106CF0,0x6106D22,50,ascii,"No, only the sodium bicarbonate\nhad leaked out.   ",,si,
0x6106D34,0x6106D4E,26,ascii,The acid should be fine.  ,,si,
0x6106D60,0x6106D8A,42,ascii,Looks like she'll be helping us\nafter all.,,si,
0x6106D9C,0x6106DB6,26,ascii,It works off a reaction   ,,si,
0x6106DC8,0x6106DFE,54,ascii,between the sodium bicarbonate\nand the sulfuric acid. ,,si,
0x6106E10,0x6106E22,18,ascii,We can use that.  ,,si,
0x6106E34,0x6106E52,30,ascii,There must be some somewhere. ,,si,
0x6106E64,0x6106E8E,42,ascii,We're looking for any kinda strong\nacid.  ,,si,
0x6106EA0,0x6106EB2,18,ascii,Any strong acid?  ,,si,
0x6106EDC,0x6106F06,42,ascii,This is a museum.  They have to\nhave some.,,si,
0x6106F18,0x6106F26,14,ascii,Start looking!,,,
0x6111236,0x6111241,11,ascii,"CeF2ZLO""CEE",si,,
0x611C9D2,0x611C9DC,10,ascii,VF6fC6Etet,si,,
0x611CA22,0x611CA2D,11,ascii,4&6USTSdte6,si,,
0x6136AD2,0x6136AE0,14,ascii,"""RTfeVVE3CD2T&",si,,
0x61391E2,0x61391ED,11,ascii,"33332332""33",si,,
0x6169402,0x6169410,14,ascii,3223D3D433DC33,si,,
0x6169452,0x6169460,14,ascii,"!2""23433443233",si,,
0x619CF27,0x619CF31,10,ascii,A1.TVCBVDE,si,,
0x61A0862,0x61A086C,10,ascii,"""S5DTFVTe3",si,,
0x61A1AC5,0x61A1ACF,10,ascii,"/""D2123233",si,,
0x61AABE6,0x61AABF0,10,ascii,!!23CC33D3,si,,
0x61B6892,0x61B689C,10,ascii,"!244C3D33""",si,,
0x61CE6B2,0x61CE6C0,14,ascii,S4Ee54DDTd5DTc,si,,
0x61CE6C2,0x61CE6D0,14,ascii,DCTSF5TDUDSST4,si,,
0x61CE6D6,0x61CE6E0,10,ascii,2233C34D4D,si,,
0x61CE7F2,0x61CE7FF,13,ascii,FVTTTU4CC43T5,si,,
0x61CEAE6,0x61CEAF0,10,ascii,"""22SEUDDUU",si,,
0x61CEAF2,0x61CEAFF,13,ascii,"%4DC33TD4C32""",si,,
0x61CECB2,0x61CECC0,14,ascii,C43TDDDDTUTUT3,si,,
0x61CECC2,0x61CECCE,12,ascii,"D3D3332""""!""!",si,,
0x61CEDF2,0x61CEE00,14,ascii,B333D443CC5CC3,si,,
0x61ECE86,0x61ECE90,10,ascii,"QF3D""2C6CS",si,,
0x6201747,0x6201751,10,ascii,"""CTU5A1VS+",si,,
0x6204070,0x620408A,26,ascii,We're at the Moon Corner. ,,si,
0x620D890,0x620D89E,14,ascii,Behind you!   ,,si,
0x620D8B0,0x620D8BE,14,ascii,Shit! Shoot!  ,,,
0x6210204,0x6210210,12,ascii,R3DD5RB33DD3,si,,
0x621EDA2,0x621EDB0,14,ascii,"""13UdeFDUfV44C",si,,
0x6220870,0x622087E,14,ascii,Is he dead?   ,,si,
0x6220890,0x62208AE,30,ascii,Looks dead to me.  Let's move!,,si,
0x62208C0,0x62208E2,34,ascii,The massquitoes will be coming!   ,,si,
0x62208F4,0x6220916,34,ascii,How's that trigger finger doing?  ,,si,
0x6220928,0x622093A,18,ascii,"Sorry, Jonathan.  ",,,
0x622094C,0x622095E,18,ascii,I can't help you. ,,si,
0x6244662,0x6244670,14,ascii,!44EUefD%SUV3S,si,,
0x6251D32,0x6251D40,14,ascii,!23DeFeEUe4R4F,si,,
0x6251E53,0x6251E60,13,ascii,"1!!""""""2!1323D",si,,
0x6251F22,0x6251F2C,10,ascii,"""33C323233",si,,
0x62520A5,0x62520B0,11,ascii,1D43EeTDeTF,si,,
0x6252166,0x6252170,10,ascii,3CDTTT5%!3,si,,
0x62521B2,0x62521C0,14,ascii,2B24SR334ETTTE,si,,
0x6252342,0x6252350,14,ascii,DD3DETTFTUeDEE,si,,
0x62524B3,0x62524BD,10,ascii,"""""33222""""""",si,,
0x6254870,0x6254896,38,ascii,White blood.  Just who might you\nbe?  ,,si,
0x62548A8,0x62548C6,30,ascii,Not some punk off the street. ,,si,
0x626D775,0x626D780,11,ascii,DVB&04T6DDF,si,,
0x626E152,0x626E160,14,ascii," C4""BDC43TDUTC",si,,
0x626E182,0x626E18D,11,ascii,"DU4DT3B""42C",si,,
0x626E522,0x626E530,14,ascii,"DSS""eDS3TD3T32",si,,
0x626E592,0x626E5A0,14,ascii,"ASD4D4D4""32C3R",si,,
0x626E8E2,0x626E8F0,14,ascii,4E4E4CCE34CDD4,si,,
0x626E8F2,0x626E900,14,ascii,UDF6FdFE5TFfF4,si,,
0x626E902,0x626E910,14,ascii,CUTUF43D5D443D,si,,
0x626F022,0x626F030,14,ascii,"101!""!""""""0!2""!",si,,
0x6271870,0x627189A,42,ascii,There's the fire extinguisher. \nLet's go. ,,si,
0x6284870,0x6284892,34,ascii,"Wait, this is a fire extinguisher.",,si,
0x62848A4,0x62848BE,26,ascii,A soda-acid extinguisher. ,,,
0x62848D0,0x62848E3,19,ascii,That'll give off CO,,,
0x62848FC,0x6284932,54,ascii,You're right.  We might be able to\nfool 'em with it.  ,,si,
0x62B3880,0x62B38AE,46,ascii,"Alright, stand back.  Let's try this\nbaby out.",,si,
0x62B38C0,0x62B38DE,30,ascii,"We just turn it over, and.... ",,si,
0x62B38F0,0x62B3906,22,ascii,Nothing's happening.  ,,,
0x62B3918,0x62B392E,22,ascii,There's a crack in it!,,si,
0x62B3940,0x62B3952,18,ascii,We can't use this.,,si,
0x62B3964,0x62B3992,46,ascii,"Look, all the sodium bicarbonate's\nleaked out.",,si,
0x62B39A4,0x62B39C6,34,ascii,Must've been one of your bullets. ,,si,
0x62B39D8,0x62B39EE,22,ascii,"Perfect, just perfect.",,si,
0x62FF715,0x62FF720,11,ascii,"""""3""!""33BC4",si,,
0x62FF863,0x62FF870,13,ascii,"!!1234""""3""1C4",si,,
0x62FFA22,0x62FFA30,14,ascii,4DSUCTfUTSdESF,si,,
0x62FFD32,0x62FFD3D,11,ascii,D3UfEUUT433,si,,
0x62FFE15,0x62FFE20,11,ascii,"""""""323333CD",si,,
0x62FFE32,0x62FFE40,14,ascii,34DC34DDD3D4C3,si,,
0x62FFE42,0x62FFE50,14,ascii,VUD4TDC3DTEFfT,si,,
0x62FFE62,0x62FFE70,14,ascii,TTDTTDC4CTTeEU,si,,
0x62FFE72,0x62FFE80,14,ascii,TTEeUUUVfeeEff,si,,
0x62FFE82,0x62FFE8F,13,ascii,UdEDEfUD442C3,si,,
0x6302870,0x6302896,38,ascii,There was a fire extinguisher\nhere?   ,,si,
0x63028A8,0x63028CE,38,ascii,We couldn't see it for the\nspacesuit. ,,si,
0x63028E0,0x6302912,50,ascii,They probably don't want it to stick\nout too much.,,si,
0x6302924,0x630294A,38,ascii,Looks like a soda-acid\nextinguisher.  ,,,
0x630295C,0x6302992,54,ascii,This ain't a job for the fire\ndepartment.  Let's go!  ,,si,
0x631CF22,0x631CF2E,12,ascii,"dVUCc43%DR3""",si,,
0x631CFA6,0x631CFB0,10,ascii,3BT53UdTC1,si,,
0x6339900,0x633991E,30,ascii,Here's the fire extinguisher. ,,si,
0x6339930,0x633995E,46,ascii,This is definitely a soda-acid\nextinguisher.  ,,si,
0x6339970,0x6339992,34,ascii,It'll have sulfuric acid inside.  ,,si,
0x63399A4,0x63399C6,34,ascii,"There's a crack in the cylinder,  ",,si,
0x63399D8,0x63399F6,30,ascii,but the acid's still intact.  ,,si,
0x6339A08,0x6339A46,62,ascii,A fire extinguisher? This looks\nlike a soda-acid extinguisher.,,si,
0x6339A58,0x6339A7A,34,ascii,That's what the instructions say. ,,si,
0x6339A8C,0x6339AB6,42,ascii,"There's a vial of sulfuric acid\ninside,   ",,si,
0x6339AC8,0x6339AFA,50,ascii,with sodium bicarbonate in the\ncylinder itself.   ,,si,
0x6339B0C,0x6339B26,26,ascii,We just found our acid.   ,,si,
0x6339B38,0x6339B5A,34,ascii,We don't need to bother with that.,,si,
0x6339B6C,0x6339B96,42,ascii,We can use the extinguisher to\ngive off CO,,si,
0x6339BAC,0x6339BB6,10,ascii,"No, look. ",,si,
0x6339BC8,0x6339BE6,30,ascii,One of your bullets hit it.   ,,si,
0x6339BF8,0x6339C22,42,ascii,All the sodium bicarbonate's\nleaked out.  ,,si,
0x6339C34,0x6339C4E,26,ascii,It's useless for that now.,,si,
0x6339C60,0x6339C7E,30,ascii,Whoops.  What about the acid? ,,si,
0x6339C90,0x6339CB6,38,ascii,That's fine.  The vial's still intact.,,si,
0x6339CC8,0x6339CDA,18,ascii,I'll pick it up.  ,,si,
0x6339CEC,0x6339D02,22,ascii,"Damn, it's slipping.  ",,,
0x63443A2,0x63443AC,10,ascii,CbeUef65eV,si,,
0x635BBB2,0x635BBC0,14,ascii,SU%323D43cEFD5,si,,
0x635BBE2,0x635BBF0,14,ascii,3222332C334422,si,,
0x635BC72,0x635BC80,14,ascii,EDEUfUefVeDDTT,si,,
0x635BDC2,0x635BDD0,14,ascii,CDC33333333333,si,,
0x635BDD2,0x635BDE0,14,ascii,eUETUEEEEUUFVV,si,,
0x635BDE2,0x635BDF0,14,ascii,UTTe5TDDDEDCCC,si,,
0x635BDF2,0x635BE00,14,ascii,D3D5DC5D3DC3D3,si,,
0x635BE02,0x635BE10,14,ascii,45DC3C43C3C333,si,,
0x635BE12,0x635BE20,14,ascii,CC3333CC433D3D,si,,
0x63674D5,0x63674DF,10,ascii,"1D3!3B2""A""",si,,
0x636B902,0x636B90C,10,ascii,C35eeEDDd5,si,,
0x636BAB4,0x636BAC0,12,ascii,"""""2C43""12223",si,,
0x6385322,0x638532F,13,ascii,EbrdeGU43A35c,si,,
0x63F3566,0x63F3571,11,ascii,"/""22DG7C2t7",si,,
0x63F63A2,0x63F63AC,10,ascii,dSDVdST%42,si,,
0x63FB870,0x63FB88E,30,ascii,Let's get over to the lobby!  ,,si,
0x6403C97,0x6403CA1,10,ascii,CP3OF4&n&H,,si,
0x6404A42,0x6404A4F,13,ascii,1d6/UT5!EC4D1,si,,
0x6407870,0x640789A,42,ascii,"I'll throw, you shoot! Aim for the\nmiddle!",,si,
0x64078AC,0x64078C2,22,ascii,Sounds like a deal.   ,,,
0x640C372,0x640C37D,11,ascii,DW'VFdE4a?C,si,,
0x640CB67,0x640CB71,10,ascii,2 BC12uE2(,,,
0x6413127,0x6413131,10,ascii,"12""B1C35""9",si,,
0x6423070,0x6423086,22,ascii,There goes all that CO,,si,
0x6425212,0x6425220,14,ascii,43DDCDUEUUeUEU,si,,
0x6425242,0x642524E,12,ascii,fUUTUeDSTD33,si,,
0x64252E5,0x64252F0,11,ascii,2BTETTSV55C,si,,
0x6432870,0x6432886,22,ascii,It worked! We did it! ,,si,
0x6432898,0x64328AA,18,ascii,Now's our chance! ,,si,
0x64328BC,0x64328D6,26,ascii,We'll seal the fuckers in!,,si,
0x644EF62,0x644EF6C,10,ascii,T3C543UTCD,si,,
0x644F2C2,0x644F2D0,14,ascii,"22""""!2""3332""""2",si,,
0x6451080,0x64510A2,34,ascii,That was closer than I'd hoped.   ,,si,
0x64510B4,0x64510CA,22,ascii,I better call this in.,,si,
0x64510DC,0x6451112,54,ascii,They'll need to do something\nabout the massquitoes.   ,,si,
0x6451124,0x6451152,46,ascii,All hell would break loose if they\ngot out.   ,,si,
0x6451164,0x6451186,34,ascii,So if I'm reading this right...   ,,si,
0x6451198,0x64511AA,18,ascii,Ishida coaxed Hojo,,,
0x64511BC,0x64511DE,34,ascii,into selling Narc on their own?   ,,si,
0x64511F0,0x645121E,46,ascii,Seems that way.  Let's run over\nwhat we know. ,,si,
0x6462CC3,0x6462CCD,10,ascii,"1!E4""B2CT""",si,,
0x6469694,0x64696A1,13,ascii,SAVbEdTv33C4E,si,,
0x648B6E3,0x648B6ED,10,ascii,"dTQSD443C""",si,,
0x64A5080,0x64A50AE,46,ascii,Ishida clearly didn't like being sent\nto BCCH.,,si,
0x64A50C0,0x64A5106,70,ascii,"Sure, there'd be money involved,\nbut he also had a score to settle.   ",,si,
0x64A5118,0x64A513A,34,ascii,"He knew plenty about the K\nSeries,",,si,
0x64A514C,0x64A516A,30,ascii,and eventually started selling,,si,
0x64A517C,0x64A51A2,38,ascii,K-9 samples through BCCH's\npharmacy.  ,,,
0x64A51B4,0x64A51D2,30,ascii,All behind Tokugawa's back.   ,,si,
0x64B37E7,0x64B37F1,10,ascii,"""3CE3Se42&",si,,
0x64B7526,0x64B7530,10,ascii,122!332BCD,si,,
0x64BA407,0x64BA411,10,ascii,21ET5EC43%,si,,
0x64D2245,0x64D2250,11,ascii,?4!!DC13C11,si,,
0x64D3496,0x64D34A1,11,ascii," 1""  ""T2ABF",,,
0x64D7A55,0x64D7A5F,10,ascii,BbURSpO0o?,si,,
0x64DA157,0x64DA161,10,ascii,1V20U6!BD4,si,,
0x64E9880,0x64E9896,22,ascii,Tokugawa's no idiot.  ,,si,
0x64E98A8,0x64E98DA,50,ascii,If Narc were getting out he'd\nknow all about it.  ,,si,
0x64E9900,0x64E993A,58,ascii,Same goes for the guys lining up\nto do business with him. ,,si,
0x64E9974,0x64E99B2,62,ascii,You can bet they'd wanna get rid\nof any competition pronto.   ,,si,
0x64E99EC,0x64E9A2E,66,ascii,So Ishida and Hojo were up\nagainst both Tokugawa and the\nMafia.   ,,si,
0x64F9CE5,0x64F9CF1,12,ascii,"214""""31DA12H",si,,
0x6515E82,0x6515E8C,10,ascii, D2!2B1232,,,
0x651BE75,0x651BE81,12,ascii, Q5BeB3UBcU4,si,,
0x651BEC6,0x651BED1,11,ascii,SVBFGRs45f3,si,,
0x6530587,0x6530591,10,ascii,1CfC4sTU/G,si,,
0x65378B0,0x65378C2,18,ascii,"Hojo disappears,  ",,,
0x65378D4,0x653790E,58,ascii,"and Ishida, fearing for his life,\ncomes to us for help.   ",,si,
0x6537920,0x653795A,58,ascii,It's a miracle the poor bastard\nlasted as long as he did. ,,si,
0x653796C,0x65379A2,54,ascii,"We were his ticket off Beyond.  So\nhe hoped, anyway.  ",,si,
0x65379C8,0x65379FA,50,ascii,I'm just surprised we didn't\nrecognize his voice. ,,si,
0x6537A0C,0x6537A32,38,ascii,Then you have the whole accent\nthing. ,,si,
0x6537A44,0x6537A4E,10,ascii,Accent?   ,,,
0x6537A60,0x6537A96,54,ascii,Meryl said the person she spoke\nto had a Home accent. ,,si,
0x6537AC0,0x6537AF6,54,ascii,Ishida was a Beyond.  He didn't\nhave a Home accent.   ,,si,
0x6537B1C,0x6537B36,26,ascii,That's what threw me off. ,,si,
0x6537B48,0x6537B62,26,ascii,Meaning Ishida tricked us?,,si,
0x6537B74,0x6537B8E,26,ascii,Obviously not everyone.   ,,si,
0x6537BA0,0x6537BC2,34,ascii,"Still, something doesn't add up.  ",,si,
0x6549815,0x654981F,10,ascii,",2CbD4VTC2",si,,
0x65717F5,0x6571800,11,ascii,BeQ2A2ROBC2,si,,
0x6581957,0x6581961,10,ascii,34B2D3!003,si,,
0x6582095,0x65820A1,12,ascii,?TUfVED6DBD5,si,,
0x6582276,0x6582281,11,ascii,4324D2554DE,si,,
0x6595436,0x6595441,11,ascii,4SCA1dC465D,si,,
0x65AF517,0x65AF521,10,ascii,"!e5SV5T3""I",si,,
0x65B7C22,0x65B7C2D,11,ascii,5UV3254D266,si,,
0x65C18F0,0x65C1922,50,ascii,But how do we know it was Ishida\nwe met before?   ,,si,
0x65C1934,0x65C195A,38,ascii,"Well, the headless body was\ndefinitely",,si,
0x65C196C,0x65C199E,50,ascii,inside the same suit the informant\nwas wearing.   ,,si,
0x65C19C8,0x65C19DA,18,ascii,I put a mark on it,,si,
0x65C19EC,0x65C1A06,26,ascii,when we met him before.   ,,si,
0x65C1A18,0x65C1A22,10,ascii,Like what?,,si,
0x65C1A34,0x65C1A52,30,ascii,Burned it with my cigarette.  ,,si,
0x65C1A64,0x65C1A9A,54,ascii,I'll be damned.  That thing actually\ndid something.   ,,si,
0x65C1AAC,0x65C1ADE,50,ascii,That's what you were looking\nfor? So was it there?,,si,
0x65C1AF0,0x65C1B02,18,ascii,So was it there?  ,,si,
0x65C1B14,0x65C1B32,30,ascii,"Yeah, it was there alright.   ",,si,
0x65C1B44,0x65C1B6A,38,ascii,"We don't know if it was Ishida\ninside,",,si,
0x65C1B7C,0x65C1B9E,34,ascii,but it's the same suit for sure.  ,,si,
0x65C1BB0,0x65C1BDE,46,ascii,I think we can assume for now it\nwas Ishida.  ,,si,
0x65E09B2,0x65E09BD,11,ascii,"?C22""3""""""//",si,,
0x65F0903,0x65F090D,10,ascii,"2 ?2UDS""On",,si,
0x65F3A44,0x65F3A51,13,ascii,BR346FvgwuWFE,si,,
0x65F41D6,0x65F41E0,10,ascii,"4T5S""D6DC2",si,,
0x6625C02,0x6625C0C,10,ascii,"f6sC3'UeA""",si,,
0x6626375,0x6626381,12,ascii,C4BSD4D3322C,si,,
0x663E597,0x663E5A1,10,ascii,"N""40%fB"" G",,,
0x6657870,0x665788E,30,ascii,Imagine being in his shoes.   ,,si,
0x66578A0,0x66578E2,66,ascii,Breaking the law AND giving the\nfinger to Tokugawa and the Mafia. ,,si,
0x66578F4,0x665791E,42,ascii,That's probably why he met up\nincognito.  ,,si,
0x6657930,0x665794E,30,ascii,Whole lot of good it did him. ,,si,
0x6664025,0x6664030,11,ascii,"Q""SE&EU65C3",si,,
0x667CF57,0x667CF61,10,ascii,22531!4UB&,si,,
0x6686207,0x6686211,10,ascii,3T4FvdUfVD,si,,
0x668B070,0x668B08E,30,ascii,"So the runner goes missing,   ",,si,
0x668B0A0,0x668B0BE,30,ascii,and now the dealer's wasted.  ,,si,
0x668B0D0,0x668B0FA,42,ascii,"What about the ""they"" Ishida\nmentioned?   ",,si,
0x668B10C,0x668B12E,34,ascii,I figure Tokugawa or the Mafia.   ,,si,
0x668B140,0x668B14E,14,ascii,Maybe both.   ,,,
0x66934B2,0x66934BD,11,ascii,"%1AVTTVF44""",si,,
0x66BB070,0x66BB0A2,50,ascii,IDing that stiff in there should\nhelp with that.  ,,si,
0x66BB0B4,0x66BB0E2,46,ascii,More than likely we're looking at a\nhitman.   ,,si,
0x66BB0F4,0x66BB11E,42,ascii,These guys don't get their hands\ndirty.   ,,si,
0x66DA6D6,0x66DA6E1,11,ascii,"""% /B334D2C",,,
0x66E38A0,0x66E38CC,44,ascii,There's still the supposed\nwoman's voice to ,,si,
0x66E38E0,0x66E38EE,14,ascii,Jonathan....  ,si,,
0x66E3918,0x66E3942,42,ascii,Somebody's playing mechanic with\nthe car. ,,si,
0x66E3954,0x66E397E,42,ascii,"Hey, you! What do you think\nyou're doing?!",,si,
0x670FA57,0x670FA61,10,ascii,"U!10!""52""6",si,,
0x67118A0,0x67118CE,46,ascii,This is a linear rail station. \nWhere'd he go?,,si,
0x67118E0,0x67118F6,22,ascii,"A train station, huh? ",,,
0x6711908,0x671191A,18,ascii,"Yeah, a maglev.   ",,,
0x671192C,0x671195A,46,ascii,This is Beyond's public\ntransportation system.,,si,
0x671196C,0x67119B6,74,ascii,"It runs across the entire colony,\nwith a top speed of 300 miles an\nhour.  ",,si,
0x67119C8,0x67119EA,34,ascii,Look! White blood.  This is his.  ,,si,
0x67119FC,0x6711A16,26,ascii,It leads to the station.  ,,si,
0x6711A28,0x6711A4A,34,ascii,Let's get Victor to analyze it.   ,,si,
0x6711A5C,0x6711A92,54,ascii,"If it's AP, he should be able to\nidentify the owner.  ",,si,
0x6711AA4,0x6711ABA,22,ascii,I'll let you get it.  ,,si,
0x6713B22,0x6713B2C,10,ascii,2fD4eGECUC,si,,
0x67154B6,0x67154C1,11,ascii,"0QFFEfC2B""E",si,,
0x67280E5,0x67280F0,11,ascii,"  B""2 ?1""30",,,
0x673D474,0x673D47E,10,ascii,n?364p%CaC,si,,
0x673F766,0x673F770,10,ascii,"""4eSB3CU4A",si,,
0x6752B03,0x6752B0D,10,ascii,"!""B3 22""2""",,,
0x6757E43,0x6757E4D,10,ascii,B33CTTUE43,si,,
0x6759EF7,0x6759F01,10,ascii,4d1!SFDcd&,si,,
0x675CCA6,0x675CCB0,10,ascii,"221!!""4C3""",si,,
0x6765335,0x6765340,11,ascii,"2""34232!2""""",si,,
0x6765362,0x6765370,14,ascii,DT5UCefEeV3VEf,si,,
0x6768D26,0x6768D30,10,ascii,"/""bE""B46B!",,si,
0x6775187,0x6775191,10,ascii,"!30 224!""+",,,
0x6779992,0x677999C,10,ascii,4CUT45CUD5,si,,
0x677B070,0x677B07E,14,ascii,There we go.  ,,si,
0x677B090,0x677B0B2,34,ascii,He must be hiding here\nsomewhere. ,,si,
0x677B0C4,0x677B0DE,26,ascii,If he's even still alive. ,,si,
0x677B0F0,0x677B112,34,ascii,Yeah.  Let's take a look around.  ,,,
0x67824B2,0x67824BC,10,ascii,03CDTEBbR4,si,,
0x67A0070,0x67A007E,14,ascii,There he is!  ,si,si,
0x67A0090,0x67A00A6,22,ascii,Behind that pillar!   ,,si,
0x67A96B2,0x67A96C0,14,ascii,3333323D333333,si,,
0x67A96C2,0x67A96D0,14,ascii,UUDDDUTEDDD43T,si,,
0x67A96D2,0x67A96E0,14,ascii,E4D4D53C33C333,si,,
0x67AB070,0x67AB082,18,ascii,He's over there!  ,,si,
0x67AB094,0x67AB0AE,26,ascii,The pillar on the right!  ,,si,
0x67AD203,0x67AD20D,10,ascii,"""""""""""""""!!!",si,,
0x67AD252,0x67AD260,14,ascii,33D3DDTD44EUEd,si,,
0x67AD262,0x67AD271,15,ascii,"TDDUVUTDDDDDUe,",si,,
0x67B7870,0x67B789E,46,ascii,How the hell can anyone keep\ngoing like that? ,,si,
0x67B78B0,0x67B78C6,22,ascii,It doesn't make sense.,,si,
0x67B78D8,0x67B78FE,38,ascii,He's gotta be on something.  Let's\ngo!,,si,
0x67B99A2,0x67B99B0,14,ascii,4DDDCDTUefffVf,si,,
0x67B9A02,0x67B9A10,14,ascii,C33DD3333D3CD4,si,,
0x67D28E5,0x67D28F0,11,ascii,"1D!3DE4E""bC",si,,
0x67D6870,0x67D689A,42,ascii,We better move! The linear's\npulled in!   ,,si,
0x67D68AC,0x67D68CA,30,ascii,He's gonna get on the train!  ,,si,
0x67D68DC,0x67D690A,46,ascii,Get Meryl and Dave over to the\nnext station!  ,,si,
0x67DB282,0x67DB291,15,ascii,1:43Sp4BD56UeEJ,si,,
0x67E7AA2,0x67E7AB0,14,ascii,"2DC43""""4""3""!33",si,,
0x67F0235,0x67F0240,11,ascii,26ET5STBSFB,si,,
0x67F1082,0x67F108D,11,ascii,"TU36!""vR3f5",si,,
0x67F9130,0x67F9146,22,ascii,"Meryl, Dave! You copy?",,si,
0x67F9158,0x67F918E,54,ascii,"You don't have to yell, chief, we\ncan hear you fine.  ",,si,
0x67F91A0,0x67F91B6,22,ascii,We're already here.   ,,si,
0x67F91E0,0x67F9206,38,ascii,B Block of the Residential District.  ,,si,
0x67F9218,0x67F9236,30,ascii,We're still chasing this guy. ,,si,
0x67F9248,0x67F926A,34,ascii,He's gonna get on the linear rail.,,si,
0x67F927C,0x67F929A,30,ascii,We're at Central Port Station.,,si,
0x67F92AC,0x67F92C6,26,ascii,Get over to South Garden! ,,si,
0x67F92D8,0x67F92FA,34,ascii,Copy that.  We'll be there in 5.  ,,si,
0x67F930C,0x67F9322,22,ascii,We're counting on you!,,si,
0x67F9334,0x67F9346,18,ascii,We'll be there.   ,,si,
0x67F9358,0x67F9392,58,ascii,"Things are finally getting\ninteresting around here, Dave. ",,si,
0x67F93A4,0x67F93C6,34,ascii,It's like being back in FOXHOUND. ,,si,
0x67F93D8,0x67F9412,58,ascii,Amen to that.  Just enough time to\nfinish this burger too.,,si,
0x67FC917,0x67FC921,10,ascii," A3 d%""CD)",,,
0x6800725,0x6800731,12,ascii,de4AEsfDeU4%,si,,
0x681B3C7,0x681B3D1,10,ascii,BD!3vvDTV5,si,,
0x681B3F7,0x681B401,10,ascii,3CEC3DDED6,si,,
0x6821312,0x682131C,10,ascii,02CC3TC313,si,,
0x68315F7,0x6831601,10,ascii,BeuUCRuV42,si,,
0x6831CA7,0x6831CB1,10,ascii,3fUDefD333,si,,
0x6833A62,0x6833A6C,10,ascii,ATtT4CufE%,si,,
0x6837B17,0x6837B21,10,ascii,"0B!!""35S3G",si,,
0x683FF72,0x683FF7D,11,ascii,CBCUdU52ASE,si,,
0x6841592,0x684159E,12,ascii,"S7 3%3W5AC!""",,,
0x68600F3,0x68600FE,11,ascii,-D dSdD33C/,,,
0x6879732,0x687973C,10,ascii,FfVT33233!,si,,
0x687B870,0x687B87A,10,ascii,Let's go! ,si,,
0x6885110,0x6885126,22,ascii,Head for the platform!,,si,
0x6885138,0x688515E,38,ascii,We should still be able to catch\nhim! ,,si,
0x6885170,0x68851AE,62,ascii,We've wasted too much time. \nWho knows if he's still there!   ,,si,
0x68851C0,0x68851EE,46,ascii,We need to find him before the\nlinear leaves! ,,si,
0x6885200,0x6885216,22,ascii,What about tickets?   ,,si,
0x6885228,0x688524A,34,ascii,My badge works as a remote\nticket.,,si,
0x688525C,0x6885282,38,ascii,"You guys get to ride for free,\nhuh?   ",,si,
0x6885294,0x68852CA,54,ascii,Stick to me and we should make it\nthrough together.   ,,si,
0x6886E92,0x6886EA0,14,ascii,"""C3C4DTeUUUUEU",si,,
0x688F322,0x688F330,14,ascii,"4DDCD33D3333""3",si,,
0x6894852,0x6894860,14,ascii,fVUUVUUffffeUD,si,,
0x6894965,0x6894970,11,ascii,2EC36CEDD2U,si,,
0x689C092,0x689C09D,11,ascii,3T2CE4ER3B2,si,,
0x689F392,0x689F3A0,14,ascii,UUETVVeSffE3R4,si,,
0x689F402,0x689F410,14,ascii,3D323SEFTUT4TE,si,,
0x689F412,0x689F420,14,ascii,SfVDTUUeffffUU,si,,
0x689F422,0x689F430,14,ascii,UETTUEUUDEETTT,si,,
0x689F432,0x689F440,14,ascii,TUVUEUEDEDCC34,si,,
0x68A38E2,0x68A38EC,10,ascii,"!B!""EDDUDD",si,,
0x68AAB95,0x68AABA0,11,ascii,!BDdVfEDD43,si,,
0x68B02C2,0x68B02CF,13,ascii,"D33B3C4C2""3""2",si,,
0x68B04C2,0x68B04D0,14,ascii,VeVVBD5333TFBD,si,,
0x68B0603,0x68B0610,13,ascii," !!""3!4""""232!",si,,
0x68B0632,0x68B0640,14,ascii,DTBTD41RCA4DAT,si,,
0x68B06D2,0x68B06E0,14,ascii,3F636dED454ScD,si,,
0x68BB492,0x68BB4A0,14,ascii,ef%4eF6CDVETDS,si,,
0x68C5305,0x68C5310,11,ascii,"DS211""ABB24",si,,
0x68C76D2,0x68C76DC,10,ascii,"5EFD3D5""2""",si,,
0x68D10C0,0x68D10E2,34,ascii,"Alright, watch out for civilians. ",,si,
0x68D10F4,0x68D1102,14,ascii,Where is he?  ,,si,
0x68D1114,0x68D1122,14,ascii,We lost him!  ,,si,
0x68D1134,0x68D115E,42,ascii,"Aww, shit! You just won't listen\nto me!   ",,si,
0x68D1170,0x68D1182,18,ascii,Will you shut up! ,,si,
0x68D1194,0x68D11DA,70,ascii,These are the only ticket gates. \nHe's either here or on the train.   ,,si,
0x68D11EC,0x68D11FE,18,ascii,No blood anywhere.,,si,
0x68D2DC2,0x68D2DD0,14,ascii,33433334UDEDTT,si,,
0x68D2DD2,0x68D2DE0,14,ascii,23333C344D3333,si,,
0x68D83D7,0x68D83E1,10,ascii,"AU!354""B32",si,,
0x68E1CB3,0x68E1CC1,14,ascii,"!""""2233333D34,",si,,
0x68E9214,0x68E9220,12,ascii,!025BCFdVEVF,si,,
0x68FACE3,0x68FACF0,13,ascii,"""233433333333",si,,
0x68FADE2,0x68FADEF,13,ascii,"334D343322""""""",si,,
0x690D870,0x690D886,22,ascii,Everybody get down!   ,,si,
0x6912B35,0x6912B40,11,ascii,"""2DDTETETDE",si,,
0x6912B52,0x6912B60,14,ascii,"3""CTD""333CCDUf",si,,
0x6914870,0x69148A6,54,ascii,"He got on the linear! Hurry,\nbefore the doors close!  ",,si,
0x691D353,0x691D35D,10,ascii,"2CC""E4REQ.",si,,
0x6922070,0x6922086,22,ascii,They're gonna close!  ,,,
0x6924224,0x6924230,12,ascii,"!!""""""""""""3334",si,,
0x69290E0,0x69290FA,26,ascii,Step on that white line!  ,,si,
0x692910C,0x6929132,38,ascii,They're the sensors I told you\nabout. ,,si,
0x6929144,0x692915E,26,ascii,They're pressure sensors. ,,,
0x6929170,0x692919A,42,ascii,They activate the doors' safety\nsystem.   ,,si,
0x69291AC,0x69291B6,10,ascii,Alright!  ,si,,
0x6930183,0x6930190,13,ascii,"!!""""""""3CDTD4C",si,,
0x6930192,0x69301A0,14,ascii,3C344C34C4C434,si,,
0x6937102,0x6937110,14,ascii,"432333""""""""""""""2",si,,
0x6937112,0x6937120,14,ascii,3333C33333C3CD,si,,
0x6949070,0x694907E,14,ascii,They opened!  ,,si,
0x6949090,0x694909A,10,ascii,Let's go! ,si,,
0x69490AC,0x69490BA,14,ascii,Close call.   ,,,
0x694EB22,0x694EB2C,10,ascii,"432""23!""""""",si,,
0x695E070,0x695E086,22,ascii,The Local R Line train,,si,
0x695E098,0x695E0B2,26,ascii,will depart momentarily.  ,,si,
0x695E0C4,0x695E0E6,34,ascii,Damn! The linear's about to\nleave!,,si,
0x695E0F8,0x695E10A,18,ascii,Should we get on? ,,si,
0x695E11C,0x695E126,10,ascii,We can't! ,,si,
0x695E138,0x695E15A,34,ascii,We don't know if he got on or\nnot!,,si,
0x6961B44,0x6961B51,13,ascii,"""3DCCTCCfD2 4",,,
0x6970FB5,0x6970FC0,11,ascii,"""""""33CDDD43",si,,
0x6970FD2,0x6970FDE,12,ascii,"DCDUED33""3D4",si,,
0x6971227,0x6971231,10,ascii,"!2333DUVU,",si,,
0x6986870,0x6986892,34,ascii,This is the last car of the train.,,si,
0x6995070,0x699507A,10,ascii,You okay? ,,si,
0x699508C,0x69950A6,26,ascii,What the hell's going on? ,,si,
0x69950B8,0x69950CA,18,ascii,He looks alright. ,,si,
0x69950DC,0x6995106,42,ascii,Apart from a slightly damp pair of\npants. ,,si,
0x6997B26,0x6997B30,10,ascii,"!""2323343""",si,,
0x6997B52,0x6997B5D,11,ascii,"!TVEET2""SU4",si,,
0x69981F7,0x6998201,10,ascii," !34DB1""""2",,,
0x699CA62,0x699CA70,14,ascii,DVTFU63D42DC3C,si,,
0x699CA82,0x699CA90,14,ascii,4DFCUeUfeUVTVF,si,,
0x69B5870,0x69B5886,22,ascii,Please don't shoot me!,,,
0x69B7952,0x69B7960,14,ascii,DUDDCEUTEUDTDD,si,,
0x69B7962,0x69B7970,14,ascii,TUVUUUffEUUUVe,si,,
0x69B7972,0x69B7980,14,ascii,33C433C44DC333,si,,
0x69B7982,0x69B7990,14,ascii,UUUVUUeUefffVf,si,,
0x69B7992,0x69B79A0,14,ascii,"433CC333""""""""""""",si,,
0x69B79A2,0x69B79B0,14,ascii,UUFTUUDDUETUEU,si,,
0x69B7A62,0x69B7A70,14,ascii,3TfefUUUUDE433,si,,
0x69B7A72,0x69B7A80,14,ascii,3DCDUUfUeUfVUT,si,,
0x69B7B02,0x69B7B10,14,ascii,efeeffUTUUVED3,si,,
0x69B7B24,0x69B7B30,12,ascii,"13UU5""3232D3",si,,
0x69BB903,0x69BB90F,12,ascii,"!A2!1A42222""",si,,
0x69BBB54,0x69BBB5E,10,ascii,TD13D3BTU3,si,,
0x69C3F42,0x69C3F4C,10,ascii, 6UUcERRs3,,,
0x69C6FB7,0x69C6FC1,10,ascii, 4WeF63!'I,,,
0x69CA870,0x69CA87E,14,ascii,Don't shoot!  ,,,
0x69CCBC2,0x69CCBD0,14,ascii,"""23C3CDTTUUEUD",si,,
0x69CCBD2,0x69CCBE1,15,ascii,"3CCTUeffffUUUU,",si,,
0x69D20C0,0x69D20DA,26,ascii,I think everyone's okay.  ,,,
0x69D20EC,0x69D2106,26,ascii,Everybody just keep down! ,,si,
0x69D2118,0x69D213A,34,ascii,Stay calm! We're with the police! ,,si,
0x69E6046,0x69E6051,11,ascii,"0f"" 0E21 F3",,,
0x69F7090,0x69F70A6,22,ascii,Police! Nobody panic! ,,,
0x69F70B8,0x69F70CE,22,ascii,"C'mon, you bastard....",,si,
0x6A08070,0x6A0807A,10,ascii,'Scuse us!,,si,
0x6A0808C,0x6A080A6,26,ascii,"Hey, what are you doing?  ",,si,
0x6A080B8,0x6A080E6,46,ascii,Police.  Think you could turn the\nvolume down?,,si,
0x6A0FE52,0x6A0FE60,14,ascii,"433D4C3D43""342",si,,
0x6A16CC2,0x6A16CD0,14,ascii,5CVdd%RUD%DDCT,si,,
0x6A23870,0x6A2388E,30,ascii,Now that you can hear us....  ,,si,
0x6A270E2,0x6A270EC,10,ascii,A/?..L:mO ,,,
0x6A2B070,0x6A2B092,34,ascii,Did you see a guy in a bike suit? ,,si,
0x6A36088,0x6A3609E,22,ascii,What's wrong with you?,,si,
0x6A360B0,0x6A360CE,30,ascii,Hello? We're on the linear!   ,,si,
0x6A48070,0x6A4808A,26,ascii,We asked you a question.  ,,si,
0x6A51070,0x6A51096,38,ascii,I don't know anything about a\nbike.   ,,si,
0x6A510C0,0x6A510DA,26,ascii,We're wasting our time.   ,,si,
0x6A53E24,0x6A53E31,13,ascii,!BPoCSR0V4/B3,si,,
0x6A5B844,0x6A5B850,12,ascii,4VUC5SC5RSde,si,,
0x6A6C088,0x6A6C0BE,54,ascii,Leave her alone.  She probably\ndidn't see anything.   ,,si,
0x6A7B870,0x6A7B886,22,ascii,"Forget it, Jonathan.  ",,si,
0x6A7B898,0x6A7B8AE,22,ascii,We don't want a panic.,,si,
0x6A890E0,0x6A890EA,10,ascii,Excuse us.,,si,
0x6A890FC,0x6A89116,26,ascii,You'll have to speak up.  ,,si,
0x6A89128,0x6A89142,26,ascii,I don't hear very well.   ,,si,
0x6A89154,0x6A89166,18,ascii,There's no point. ,,si,
0x6A9FCB2,0x6A9FCBC,10,ascii,2V5CF6Ct2/,si,,
0x6AA3070,0x6AA308E,30,ascii,Let's move to the next car.   ,,si,
0x6AA59E2,0x6AA59ED,11,ascii,"CeD2BV4332""",si,,
0x6AAC0E0,0x6AAC0FE,30,ascii,Police! Everybody stay calm!  ,,,
0x6AAC110,0x6AAC12A,26,ascii,Something's going on here.,,si,
0x6AAC13C,0x6AAC14E,18,ascii,Look! More blood. ,,si,
0x6AAC160,0x6AAC176,22,ascii,Check out the floor.  ,,si,
0x6AAC188,0x6AAC19A,18,ascii,This is his blood.,,si,
0x6AAC1AC,0x6AAC1C2,22,ascii,The trail ends here.  ,,si,
0x6AAC1D4,0x6AAC1EA,22,ascii,He can't be far away. ,,si,
0x6AB43F5,0x6AB43FF,10,ascii,0FcdW6D2D1,si,,
0x6AB4D53,0x6AB4D60,13,ascii,"112""1222""""""34",si,,
0x6AB5002,0x6AB500D,11,ascii,024A1PAO!B!,si,,
0x6AB6A04,0x6AB6A10,12,ascii,"3""4""3323C222",si,,
0x6AB8565,0x6AB8571,12,ascii,P11Sd5feGeE%,si,,
0x6AC3174,0x6AC317F,11,ascii,"1T2""ABSSC23",si,,
0x6AE8870,0x6AE888A,26,ascii,Real helpful crew we got. ,,si,
0x6AE889C,0x6AE88BA,30,ascii,He might've threatened them.  ,,si,
0x6AE88CC,0x6AE88E6,26,ascii,Meaning he's among them?  ,,si,
0x6AE88F8,0x6AE890E,22,ascii,Where'd his helmet go?,,si,
0x6AE8920,0x6AE8942,34,ascii,It couldn't have just disappeared.,,si,
0x6AF9655,0x6AF9660,11,ascii,"!3!!""35""R3D",si,,
0x6B14870,0x6B14886,22,ascii,This is his alright.  ,,si,
0x6B14898,0x6B148AA,18,ascii,And it stops here.,,si,
0x6B148BC,0x6B148EA,46,ascii,Looks like he tried to mess\naround with it.   ,,si,
0x6B17707,0x6B17711,10,ascii,0r3AcVUEu%,si,,
0x6B26D46,0x6B26D50,10,ascii,4 U1D.-cf0,,,
0x6B2D890,0x6B2D8B6,38,ascii,Where'd the guy in the bike suit\ngo?  ,,si,
0x6B2D8C8,0x6B2D8E6,30,ascii,I... I don't know anything!   ,,,
0x6B2D8F8,0x6B2D90E,22,ascii,It doesn't involve me.,,si,
0x6B2D920,0x6B2D932,18,ascii,He's acting weird.,,,
0x6B37AD2,0x6B37AE0,14,ascii,3333332C323433,si,,
0x6B37AE2,0x6B37AF0,14,ascii,333343334CCDD3,si,,
0x6B37AF2,0x6B37B00,14,ascii,4D3333333344C3,si,,
0x6B37B02,0x6B37B10,14,ascii,C4D43DT3CD3TDD,si,,
0x6B37B12,0x6B37B20,14,ascii,344DDC44DEDTDD,si,,
0x6B37B22,0x6B37B30,14,ascii,EDDECTCDDDSD5D,si,,
0x6B37B32,0x6B37B40,14,ascii,DDTDT4EUETETDU,si,,
0x6B37B42,0x6B37B50,14,ascii,TUDUTUUEeUUEEF,si,,
0x6B37B52,0x6B37B60,14,ascii,UedTeUUUUUUeee,si,,
0x6B37B72,0x6B37B80,14,ascii,C3333333343333,si,,
0x6B37B82,0x6B37B90,14,ascii,33334CD4433333,si,,
0x6B53090,0x6B5309E,14,ascii,What's wrong? ,si,,
0x6B530B0,0x6B530CA,26,ascii,Why you acting this way?  ,,si,
0x6B530DC,0x6B5310E,50,ascii,Just leave me alone! I don't want\nto get into it! ,,si,
0x6B58D92,0x6B58D9E,12,ascii,"35""3CC""331BB",si,,
0x6B59443,0x6B5944F,12,ascii,.2RDTEV%AS3c,,si,
0x6B5BF16,0x6B5BF21,11,ascii,"""4C ""'tUTE(",,,
0x6B6D070,0x6B6D07E,14,ascii,It's no use.  ,,si,
0x6B6D090,0x6B6D0AE,30,ascii,Something's obviously wrong.  ,,,
0x6B73373,0x6B73381,14,ascii,"4""1BD4 c4S63EH",,,
0x6B79070,0x6B79086,22,ascii,She asked for help.   ,,si,
0x6B79098,0x6B790A6,14,ascii,What's wrong? ,si,,
0x6B8B080,0x6B8B09A,26,ascii,"Can you help us, ma'am?   ",,si,
0x6B8B0AC,0x6B8B0D6,42,ascii,We're looking for a guy in a bike\nsuit.   ,,si,
0x6B8B0E8,0x6B8B0FA,18,ascii,"Please, help us!  ",,si,
0x6B8B10C,0x6B8B116,10,ascii,Help you? ,,si,
0x6B8B128,0x6B8B136,14,ascii,"Hear that, Ed?",,si,
0x6B8FFA4,0x6B8FFB0,12,ascii,"""""CDD4TTUD33",si,,
0x6B8FFF2,0x6B90000,14,ascii,"3333333C43""""""!",si,,
0x6B90002,0x6B90010,14,ascii,DTDC43D4TUeDDf,si,,
0x6B90012,0x6B90020,14,ascii,Uf5DDTVETUE4CD,si,,
0x6B90372,0x6B90380,14,ascii,DED4D443C3TTDD,si,,
0x6B97C65,0x6B97C70,11,ascii,CSTfEUEDeDT,si,,
0x6B97C72,0x6B97C7D,11,ascii,feV%2TDfVBU,si,,
0x6B9FC92,0x6B9FCA1,15,ascii,"""C44D4DE2CUe43,",si,,
0x6B9FDD2,0x6B9FDE0,14,ascii,D33333333333C3,si,,
0x6BA0294,0x6BA02A0,12,ascii,"24DUEC""TeE34",si,,
0x6BA04D2,0x6BA04E0,14,ascii,33323333CDCD34,si,,
0x6BA0513,0x6BA0520,13,ascii,"CDDDC3D2!322""",si,,
0x6BA0552,0x6BA055C,10,ascii,"3D33DE%""!""",si,,
0x6BA0592,0x6BA05A0,14,ascii,"233""""""""""""23DD4",si,,
0x6BA05A2,0x6BA05B0,14,ascii,eef5TeeeVffTC2,si,,
0x6BA07D2,0x6BA07E0,14,ascii,DDDDTTDDUVfETD,si,,
0x6BA0822,0x6BA0830,14,ascii,"""3C4DUUUfVfUUU",si,,
0x6BA0832,0x6BA0840,14,ascii,"2C3D432""""""""""""""",si,,
0x6BA0C32,0x6BA0C40,14,ascii,DUfUeefV6DD33C,si,,
0x6BA0D75,0x6BA0D80,11,ascii,!234C33DD43,si,,
0x6BA0DB2,0x6BA0DC0,14,ascii,D3C33D4C433333,si,,
0x6BA0DC2,0x6BA0DD0,14,ascii,VfVffefUDUEED4,si,,
0x6BA0E12,0x6BA0E20,14,ascii,3CCD3CSUDEUDDd,si,,
0x6BA0ED2,0x6BA0EE0,14,ascii,3C343233333CCC,si,,
0x6BA0F72,0x6BA0F80,14,ascii,33C33DDTDDEUDD,si,,
0x6BA0F82,0x6BA0F90,14,ascii,DDDTUffUeUDUED,si,,
0x6BA0F92,0x6BA0FA0,14,ascii,32333333C3333C,si,,
0x6BA0FB2,0x6BA0FBF,13,ascii,"DDCDTE342""""""""",si,,
0x6BA1022,0x6BA1030,14,ascii,DdUDDDEEEUE4DT,si,,
0x6BA10E2,0x6BA10F0,14,ascii,"""""""""233DD33343",si,,
0x6BA1122,0x6BA1130,14,ascii,fDUDDDETDT4332,si,,
0x6BA1132,0x6BA113D,11,ascii,"D24CDCD3""""""",si,,
0x6BA1142,0x6BA1150,14,ascii,"!""BDDDCCDCD4C3",si,,
0x6BA1152,0x6BA115F,13,ascii,DDCVUDDDDDDD3,si,,
0x6BA11A2,0x6BA11B0,14,ascii,"4C43""3TeVEDEDU",si,,
0x6BA1382,0x6BA1390,14,ascii,"C4332""33333333",si,,
0x6BA1392,0x6BA13A0,14,ascii,34C33333333333,si,,
0x6BA13A2,0x6BA13B0,14,ascii,332C3333333C43,si,,
0x6BA5462,0x6BA5470,14,ascii,42443TfVDSEUD4,si,,
0x6BA5B72,0x6BA5B80,14,ascii,"333333332333""""",si,,
0x6BA5E02,0x6BA5E10,14,ascii,"23""""""2""""2""3""""""",si,,
0x6BA6102,0x6BA6110,14,ascii,"""332""3""3""""2232",si,,
0x6BA6154,0x6BA615E,10,ascii,"""333C343""""",si,,
0x6BA6386,0x6BA6390,10,ascii,"""""""""!""""""""!",si,,
0x6BA68D2,0x6BA68E0,14,ascii,33DDDEEDD4DDD3,si,,
0x6BA68E2,0x6BA68F0,14,ascii,D43333333D3333,si,,
0x6BA8162,0x6BA816C,10,ascii,QrRee3 'AP,,,
0x6BA9112,0x6BA9120,14,ascii,VEfffVUDTTT3DC,si,,
0x6BA9182,0x6BA9190,14,ascii,"T4""3D43DUTDDET",si,,
0x6BA9192,0x6BA91A0,14,ascii,UTEEUeUVDTTDTV,si,,
0x6BA9272,0x6BA9280,14,ascii,eVEUUEDTFTTTTE,si,,
0x6BA9364,0x6BA9370,12,ascii,"2""""3CUU433DD",si,,
0x6BA9382,0x6BA9390,14,ascii,3CEUfUEDTTD43D,si,,
0x6BA9442,0x6BA944C,10,ascii,"""33D33""3D4",si,,
0x6BA9453,0x6BA9460,13,ascii,"""3CC333CCTVVU",si,,
0x6BA9466,0x6BA9470,10,ascii,"""233D33333",si,,
0x6BA9692,0x6BA96A0,14,ascii,4C3333D33CDD43,si,,
0x6BA96A2,0x6BA96B0,14,ascii,4333333334C444,si,,
0x6BA96C2,0x6BA96D0,14,ascii,DDD33343333323,si,,
0x6BA9875,0x6BA9881,12,ascii,"""""3C43""""""23,",si,,
0x6BA98D2,0x6BA98E0,14,ascii,EDTEE4DD433CUE,si,,
0x6BA9A42,0x6BA9A51,15,ascii,"ED3""""""""""3333Se,",si,,
0x6BA9E52,0x6BA9E60,14,ascii,DDTUVUV5DEDDEE,si,,
0x6BA9FF3,0x6BA9FFD,10,ascii,"1DD43D4""C3",si,,
0x6BAA0A2,0x6BAA0B0,14,ascii,TDC44433D53Cfe,si,,
0x6BAA665,0x6BAA670,11,ascii,"1""BUD32""""3D",si,,
0x6BAA672,0x6BAA680,14,ascii,"DT5C423CT42""D3",si,,
0x6BAA692,0x6BAA6A0,14,ascii,"""TE33EUUUUVDfD",si,,
0x6BAA6C2,0x6BAA6D0,14,ascii,3DC333CCDDC4C3,si,,
0x6BAA782,0x6BAA790,14,ascii,"4323""2343DD33""",si,,
0x6BAA892,0x6BAA8A0,14,ascii,4DECdfFECTU4TE,si,,
0x6BAA9B2,0x6BAA9BC,10,ascii,"2EDSU4""243",si,,
0x6BAAA03,0x6BAAA10,13,ascii,"""C4TTTDDDTUUF",si,,
0x6BAAB12,0x6BAAB20,14,ascii,2CVUTTfFUffEDC,si,,
0x6BAABB2,0x6BAABC0,14,ascii,"""""""233333CD333",si,,
0x6BAACB3,0x6BAACC0,13,ascii,"""24TUUeUDEDD4",si,,
0x6BAAD34,0x6BAAD40,12,ascii,233C4DTUUDEE,si,,
0x6BAAD65,0x6BAAD70,11,ascii,"22""BCEUTED3",si,,
0x6BAAD82,0x6BAAD90,14,ascii,3C3343D5ETUUD3,si,,
0x6BAAD95,0x6BAADA0,11,ascii,CECDDCDD3DU,si,,
0x6BAADB2,0x6BAADC0,14,ascii,TUCUUUUEefFefe,si,,
0x6BAADC2,0x6BAADD0,14,ascii,333334CCD43333,si,,
0x6BAAE62,0x6BAAE70,14,ascii,"DTUDCD3D3""3433",si,,
0x6BAAEA6,0x6BAAEB0,10,ascii,"""1""!3""""3""""",si,,
0x6BAAED2,0x6BAAEE0,14,ascii,DC43233BTUE43C,si,,
0x6BAAEE2,0x6BAAEF0,14,ascii,4TVV544CCDTffU,si,,
0x6BAAEF2,0x6BAAF00,14,ascii,"DeUD4UD""33DD33",si,,
0x6BAAF02,0x6BAAF10,14,ascii,4TUUUUUDSCDCD4,si,,
0x6BAAFB2,0x6BAAFC0,14,ascii,"""2TTeVUDDCD4UU",si,,
0x6BAB012,0x6BAB020,14,ascii,33434333334333,si,,
0x6BAB022,0x6BAB030,14,ascii,"32""223DDD4D4C4",si,,
0x6BAB032,0x6BAB040,14,ascii,"33""233C3333CD4",si,,
0x6BAB042,0x6BAB050,14,ascii,eeUUEUUVfeeUUV,si,,
0x6BAB062,0x6BAB070,14,ascii,E3DDD43DUTDTUe,si,,
0x6BAB3D2,0x6BAB3E0,14,ascii,"TUUUUUUV4""!CUU",si,,
0x6BAB452,0x6BAB460,14,ascii,feefUUC344D4D4,si,,
0x6BAB4B3,0x6BAB4C0,13,ascii,"!""""3CTE4DDD4!",si,,
0x6BAB512,0x6BAB520,14,ascii,fUVUUUDDDEETE4,si,,
0x6BAC472,0x6BAC480,14,ascii,"""22333D3CDD44C",si,,
0x6BAC592,0x6BAC5A0,14,ascii,DEDC5DC323CC33,si,,
0x6BAC5A2,0x6BAC5B0,14,ascii,33DDDCETDDCC33,si,,
0x6BAC5B2,0x6BAC5C0,14,ascii,3TU532DDCTTUDD,si,,
0x6BAC5C2,0x6BAC5D0,14,ascii,CT44T4TTdUTUUU,si,,
0x6BAC5D2,0x6BAC5E0,14,ascii,"3C33333333""233",si,,
0x6BAC5E2,0x6BAC5F0,14,ascii,3334C333333333,si,,
0x6BAC5F2,0x6BAC5FE,12,ascii,333333333C33,si,,
0x6BAC622,0x6BAC630,14,ascii,DTU3CDUUTUUUUU,si,,
0x6BAC632,0x6BAC640,14,ascii,D4UVUUUDETEUDD,si,,
0x6BAC642,0x6BAC650,14,ascii,D3DDDD4CUCCDd5,si,,
0x6BAC652,0x6BAC660,14,ascii,C3SUUE44DDTDC4,si,,
0x6BAC662,0x6BAC670,14,ascii,DTEDD4333DCD43,si,,
0x6BACE32,0x6BACE40,14,ascii,UTUf433DDUVeeD,si,,
0x6BACE55,0x6BACE60,11,ascii,"13C44""3CCU4",si,,
0x6BACF52,0x6BACF60,14,ascii,"""2333333DD4332",si,,
0x6BAD024,0x6BAD030,12,ascii,!2CU4DD44DUV,si,,
0x6BAD1A2,0x6BAD1B0,14,ascii,"33343333""""!""!""",si,,
0x6BAD1D2,0x6BAD1E0,14,ascii,3C333233332343,si,,
0x6BAD2A2,0x6BAD2B0,14,ascii,"TUUFEEdeVE222""",si,,
0x6BAD2B2,0x6BAD2C0,14,ascii,1CfV53CEDTUUVf,si,,
0x6BAD382,0x6BAD390,14,ascii,UUefVUDDEDSUT3,si,,
0x6BAD5F2,0x6BAD601,15,ascii,"2""""""33CDD33"""""",",si,,
0x6BAD702,0x6BAD710,14,ascii,CCDDTeffeefeUU,si,,
0x6BAD752,0x6BAD760,14,ascii,"2C32""""""""""""""""""""",si,,
0x6BAD792,0x6BAD79C,10,ascii,"CU4SDeUTC""",si,,
0x6BAD7E2,0x6BAD7F0,14,ascii,"""23""""""3D32333""",si,,
0x6BAD7F6,0x6BAD800,10,ascii,"""""""333233D",si,,
0x6BADA42,0x6BADA50,14,ascii,CC3dVE4C3C4TD4,si,,
0x6BADA62,0x6BADA6C,10,ascii,"42""3C22SE4",si,,
0x6BADB15,0x6BADB20,11,ascii,"!23""""""343""""",si,,
0x6BADF16,0x6BADF20,10,ascii,"!""""SEeVFDT",si,,
0x6BAE002,0x6BAE010,14,ascii,fDD3EDVDSfUefV,si,,
0x6BAE062,0x6BAE070,14,ascii,UUEDDUUVU434DU,si,,
0x6BAE292,0x6BAE2A0,14,ascii,VfVUETETFUUDVf,si,,
0x6BAE462,0x6BAE470,14,ascii,UUefVdDTeVfUTT,si,,
0x6BAE482,0x6BAE490,14,ascii,"DUUDDDSTfUDC4""",si,,
0x6BAE592,0x6BAE5A0,14,ascii,DUDUUDC3DUDCTC,si,,
0x6BB1870,0x6BB189E,46,ascii,What is it? You've nothing to be\nafraid of.   ,,si,
0x6BB18B0,0x6BB18BA,10,ascii,Help us!  ,,si,
0x6BB3AA2,0x6BB3AAF,13,ascii,"DDDD5CTEefE3""",si,,
0x6BB3AB2,0x6BB3AC0,14,ascii,"""CeUETEUfEETfE",si,,
0x6BB3AE2,0x6BB3AEF,13,ascii,efVDUDUVUT5CE,si,,
0x6BB7F42,0x6BB7F50,14,ascii,"""!2""""""""233TDC3",si,,
0x6BB7F52,0x6BB7F60,14,ascii,DD43332CDUUfED,si,,
0x6BB7F62,0x6BB7F70,14,ascii,DEUD4DDDUUUVET,si,,
0x6BB7F72,0x6BB7F80,14,ascii,"3""233333333CDD",si,,
0x6BB7FA2,0x6BB7FB0,14,ascii,DUUDTDTDEDDDUU,si,,
0x6BB7FC5,0x6BB7FD0,11,ascii,"2233DDU433""",si,,
0x6BB8032,0x6BB8040,14,ascii,2DD3CTDDTDDDUE,si,,
0x6BB8042,0x6BB8050,14,ascii,D4CDTEfUVUefUU,si,,
0x6BB8052,0x6BB8060,14,ascii,ETEUUeeUUeUeVE,si,,
0x6BB8062,0x6BB8070,14,ascii,UVDTTDUVeeeUeU,si,,
0x6BB8072,0x6BB8080,14,ascii,EDTDEUTUETDEED,si,,
0x6BB8082,0x6BB8090,14,ascii,"DDTED342""CDDUD",si,,
0x6BB8152,0x6BB8160,14,ascii,4C333434D3CCD4,si,,
0x6BB8162,0x6BB8170,14,ascii,DDDC33CCCDDTDD,si,,
0x6BB8172,0x6BB8180,14,ascii,DD44D3DDDD3CDD,si,,
0x6BB8182,0x6BB8190,14,ascii,CCDDDDDD443323,si,,
0x6BB8282,0x6BB8290,14,ascii,"2""""23232333333",si,,
0x6BB8292,0x6BB82A0,14,ascii,334333334CD4C4,si,,
0x6BB82A2,0x6BB82B0,14,ascii,3DCD3C3D333332,si,,
0x6BC1870,0x6BC187E,14,ascii,Are you sure? ,,si,
0x6BC3AD2,0x6BC3AE0,14,ascii,EUEUDUEUDDDDED,si,,
0x6BCCB56,0x6BCCB60,10,ascii,"!""""""2""""""!2",si,,
0x6BCCB72,0x6BCCB80,14,ascii,D43CS4DDUVUUD4,si,,
0x6BCCB82,0x6BCCB90,14,ascii,DTEDUUEUEVfUUD,si,,
0x6BCCB92,0x6BCCBA0,14,ascii,EDUTUUUeVfVUUV,si,,
0x6BCCBA2,0x6BCCBB0,14,ascii,ffVUUEDTUEE3DE,si,,
0x6BCE870,0x6BCE8A2,50,ascii,Is what he said right? You didn't\nsee anything?   ,,si,
0x6BCE8B4,0x6BCE8CA,22,ascii,No.  I... I'm sorry.  ,,si,
0x6BDFC72,0x6BDFC7E,12,ascii,"34C333""""""""""!",si,,
0x6BDFC92,0x6BDFCA0,14,ascii,F4DUTDDTff5DUf,si,,
0x6BDFCC6,0x6BDFCD0,10,ascii,"!2DE5""23""B",si,,
0x6BDFCF2,0x6BDFD00,14,ascii,"333333433""3333",si,,
0x6BDFD12,0x6BDFD20,14,ascii,fVU5C333TUEDCD,si,,
0x6BE1880,0x6BE189E,30,ascii,You see a guy in a bike suit? ,,si,
0x6BE18B0,0x6BE18CE,30,ascii,"Ask someone else, will you?   ",,si,
0x6BE3AE2,0x6BE3AF0,14,ascii,"343C43""!!!""!""""",si,,
0x6BE3AF2,0x6BE3B00,14,ascii,"U3CDDDT4U4""CD2",si,,
0x6BE6512,0x6BE6520,14,ascii,D3CDSDUefFDEDD,si,,
0x6BE6522,0x6BE6530,14,ascii,"3""""!134D4CDSUD",si,,
0x6BE6532,0x6BE6540,14,ascii,D4CUffVUD3D333,si,,
0x6BE6542,0x6BE6550,14,ascii,"32""""3D4CDDDTTD",si,,
0x6BE6552,0x6BE6560,14,ascii,CCDUUUE4CD3DEU,si,,
0x6BE66C2,0x6BE66D0,14,ascii,!2333CDDDDDDD3,si,,
0x6BE66E3,0x6BE66F0,13,ascii,"!!""""3DDDETTDT",si,,
0x6BED5A6,0x6BED5B0,10,ascii,CUEUS4UVDf,si,,
0x6BED5B2,0x6BED5C0,14,ascii,"3D2""2C3BCDC3CD",si,,
0x6BED7B2,0x6BED7C0,14,ascii,C3434333333333,si,,
0x6BED7C2,0x6BED7D0,14,ascii,333233334C3343,si,,
0x6BED7D2,0x6BED7E0,14,ascii,33433343333332,si,,
0x6BED812,0x6BED820,14,ascii,"332""""333C33333",si,,
0x6BED832,0x6BED840,14,ascii,33343344433CC3,si,,
0x6BED872,0x6BED880,14,ascii,343DCDD3C34DC3,si,,
0x6BED882,0x6BED890,14,ascii,3CCCDDD4D3DDD3,si,,
0x6BED892,0x6BED8A0,14,ascii,43DCDCD4D4TC34,si,,
0x6BED9A2,0x6BED9B0,14,ascii,C43CD4DD34CDC4,si,,
0x6BED9B2,0x6BED9C0,14,ascii,3C44CDDC4DC3DS,si,,
0x6BED9C2,0x6BED9D0,14,ascii,C4CCDDD43D3D3D,si,,
0x6BED9D2,0x6BED9E0,14,ascii,DDCCD4CDTD4C4D,si,,
0x6BED9E2,0x6BED9F0,14,ascii,3CD444C34C4333,si,,
0x6BEDA22,0x6BEDA30,14,ascii,34C3C34C34DD4D,si,,
0x6BEDA32,0x6BEDA40,14,ascii,4D33CCDDCC4CDD,si,,
0x6BEDA42,0x6BEDA50,14,ascii,DCDDEDD333D3C4,si,,
0x6BEDA52,0x6BEDA60,14,ascii,D3DDDDDDTDDETD,si,,
0x6BEDA62,0x6BEDA70,14,ascii,UTUTUTDDDTSTED,si,,
0x6BEDA72,0x6BEDA80,14,ascii,TTDTDEDEDDDDDD,si,,
0x6BEDA82,0x6BEDA90,14,ascii,EETUEETEDDTETE,si,,
0x6BEDA92,0x6BEDAA0,14,ascii,EDUEETUTUUUDUU,si,,
0x6BEDAA2,0x6BEDAB0,14,ascii,UDETEDSTTUUDEU,si,,
0x6BEDAB2,0x6BEDAC0,14,ascii,EUUETDEEEETUTT,si,,
0x6BEDAC2,0x6BEDAD0,14,ascii,EEUDTDDUTTEETU,si,,
0x6BEDAD2,0x6BEDAE0,14,ascii,DDDDDDDCD3DS4E,si,,
0x6BEDAE2,0x6BEDAF0,14,ascii,4D4DCC34DDDDDD,si,,
0x6BEDAF2,0x6BEDB00,14,ascii,TCDDDDDDD5D4DD,si,,
0x6BEDB02,0x6BEDB10,14,ascii,DDDDTDDDDCED3D,si,,
0x6BEDB12,0x6BEDB20,14,ascii,4CC444444D4D44,si,,
0x6BEDB22,0x6BEDB30,14,ascii,DDD3CC3D45D44C,si,,
0x6BEDB32,0x6BEDB40,14,ascii,C4DDD4D3D4DD4D,si,,
0x6BEDB42,0x6BEDB50,14,ascii,5D4D44DC4DDDDE,si,,
0x6BEDB52,0x6BEDB60,14,ascii,DSTUEEUUUTUETE,si,,
0x6BEDB62,0x6BEDB70,14,ascii,ETDUDUDECETDDD,si,,
0x6BEDB72,0x6BEDB80,14,ascii,TDDEDUEUEETDEE,si,,
0x6BEDB82,0x6BEDB90,14,ascii,DUDTUUTUUTUUUU,si,,
0x6BEDB92,0x6BEDBA0,14,ascii,UUUUUUUUUUUUUE,si,,
0x6BEDBA2,0x6BEDBB0,14,ascii,TUUUUTTUEUUEUU,si,,
0x6BEDBB2,0x6BEDBC0,14,ascii,ETUEDTDUUTEEED,si,,
0x6BEDBC2,0x6BEDBD0,14,ascii,UTEUDDDDDED4D4,si,,
0x6BEDBD2,0x6BEDBE0,14,ascii,4DCDCDDDTCEDD4,si,,
0x6BEDBE2,0x6BEDBF0,14,ascii,4DDCDDDCCCDD4D,si,,
0x6BEDBF2,0x6BEDC00,14,ascii,33D4DCDCCDDDDD,si,,
0x6BEDC02,0x6BEDC10,14,ascii,4DCCCDCT4DSC43,si,,
0x6BEDC12,0x6BEDC20,14,ascii,D43C33DCCDCDDD,si,,
0x6BEDC22,0x6BEDC30,14,ascii,C4CD34CD44CC44,si,,
0x6BEDC32,0x6BEDC40,14,ascii,4DD3C4CC4C43C4,si,,
0x6BEDC42,0x6BEDC50,14,ascii,B333DD4CD343DD,si,,
0x6BEDC52,0x6BEDC60,14,ascii,DDCDDDCDDDD5DC,si,,
0x6BEDC62,0x6BEDC70,14,ascii,DECDDT4ECDDDDS,si,,
0x6BEDC72,0x6BEDC80,14,ascii,3DCC4DEDDDDDDT,si,,
0x6BEDC82,0x6BEDC90,14,ascii,CDCDDCDDDDDD4T,si,,
0x6BEDC92,0x6BEDCA0,14,ascii,DDDUDDD5DDDDDC,si,,
0x6BEDCA2,0x6BEDCB0,14,ascii,DDDDDDDDDTDD4D,si,,
0x6BEDCB2,0x6BEDCC0,14,ascii,T34D4CDDD33C4D,si,,
0x6BEDCC2,0x6BEDCD0,14,ascii,DC3D4DC44DD3DD,si,,
0x6BEDCD2,0x6BEDCE0,14,ascii,33C333CCC33D43,si,,
0x6BEDCE2,0x6BEDCF0,14,ascii,33233D434333D3,si,,
0x6BEDCF2,0x6BEDD00,14,ascii,33CCCCDC3444C3,si,,
0x6BEDD22,0x6BEDD30,14,ascii,CCDCD4CBC3D43D,si,,
0x6BEDD32,0x6BEDD40,14,ascii,CCD4DD4CDDDED3,si,,
0x6BEDD42,0x6BEDD50,14,ascii,D4D4DDCDDDTDDE,si,,
0x6BEDD52,0x6BEDD60,14,ascii,DUUDDUUTUUDDET,si,,
0x6BEDD62,0x6BEDD70,14,ascii,eEdTUUUUUTUDUU,si,,
0x6BEDD72,0x6BEDD80,14,ascii,TTEDTTUEEEDTUT,si,,
0x6BEDD82,0x6BEDD90,14,ascii,UETUUEUUUUUUUE,si,,
0x6BEDD92,0x6BEDDA0,14,ascii,UUVTETUUUTeeUU,si,,
0x6BEDDA2,0x6BEDDB0,14,ascii,UUUTeUeUeTeeUU,si,,
0x6BEDDB2,0x6BEDDC0,14,ascii,UeVUeVVUeUUUUf,si,,
0x6BEDDC2,0x6BEDDD0,14,ascii,UUUUdUEUUEVUUU,si,,
0x6BEDDD2,0x6BEDDE0,14,ascii,UUTTTEEUUEUTTE,si,,
0x6BEDDE2,0x6BEDDF0,14,ascii,TeUUEeTUTUeUET,si,,
0x6BEDDF2,0x6BEDE00,14,ascii,UUUUUEVUVUUUUU,si,,
0x6BEDE02,0x6BEDE10,14,ascii,VUUVUUUDTTUDDD,si,,
0x6BEDE12,0x6BEDE20,14,ascii,TDUETDUTETDDDT,si,,
0x6BEDE22,0x6BEDE30,14,ascii,DDTTEUUTDDTTEU,si,,
0x6BEDE32,0x6BEDE40,14,ascii,UTUETUUUEUeTEE,si,,
0x6BEDE42,0x6BEDE50,14,ascii,UFUUTVeUUUUeUT,si,,
0x6BEDE52,0x6BEDE60,14,ascii,UEUfeTVUUUUUTe,si,,
0x6BEDE62,0x6BEDE70,14,ascii,UVVUUUUUUVUUUU,si,,
0x6BEDE72,0x6BEDE80,14,ascii,UfUUUUUEUUUUFT,si,,
0x6BEDE82,0x6BEDE90,14,ascii,UTUUUVUUTUTTDT,si,,
0x6BEDE92,0x6BEDEA0,14,ascii,EETEEUEEDEUTET,si,,
0x6BEDEA2,0x6BEDEB0,14,ascii,EDUUSEDTTDTEUE,si,,
0x6BEDEB2,0x6BEDEC0,14,ascii,TUUEUDTDDTUUUU,si,,
0x6BEDEC2,0x6BEDED0,14,ascii,TDTDDUDEEDDEET,si,,
0x6BEDED2,0x6BEDEE0,14,ascii,DDDTEDDDCDCDDT,si,,
0x6BEDEE2,0x6BEDEF0,14,ascii,DDDDDD3DDDD433,si,,
0x6BEDEF2,0x6BEDF00,14,ascii,DD4CCC3D444333,si,,
0x6BEDF02,0x6BEDF10,14,ascii,4CDD344DD3DD4D,si,,
0x6BEDF12,0x6BEDF20,14,ascii,443DDDDDDCDDET,si,,
0x6BEDF22,0x6BEDF30,14,ascii,DDDDEDTETTDCDD,si,,
0x6BEDF32,0x6BEDF40,14,ascii,DEDDDUTDDEDTUT,si,,
0x6BEDF42,0x6BEDF50,14,ascii,ETTUUTDUUUTEEV,si,,
0x6BEDF52,0x6BEDF60,14,ascii,DUUUUEEEEUUETT,si,,
0x6BEDF62,0x6BEDF70,14,ascii,UUDDEEUUUVUUUV,si,,
0x6BEDF72,0x6BEDF80,14,ascii,TUUUUUUUTeUVUU,si,,
0x6BEDF82,0x6BEDF90,14,ascii,UeUUUTUUUUTUUU,si,,
0x6BEDF92,0x6BEDFA0,14,ascii,VUUeUUUfUUUUUU,si,,
0x6BEDFA2,0x6BEDFB0,14,ascii,efEUUVEUUTVUUf,si,,
0x6BEDFB2,0x6BEDFC0,14,ascii,UTUUEETVEDTD5D,si,,
0x6BEDFC2,0x6BEDFD0,14,ascii,EDDEDEUDDDUTED,si,,
0x6BEDFD2,0x6BEDFE0,14,ascii,DDDD5DDED5DDDD,si,,
0x6BEDFE2,0x6BEDFF0,14,ascii,DD4D4D4DTDD444,si,,
0x6BEDFF2,0x6BEE000,14,ascii,D4DC4333D33434,si,,
0x6BEE032,0x6BEE040,14,ascii,"2""""""3""""""333""""2",si,,
0x6BEE0A2,0x6BEE0B0,14,ascii,"""""3""2323332332",si,,
0x6BEE142,0x6BEE150,14,ascii,"33""333CC33C33C",si,,
0x6BEE162,0x6BEE170,14,ascii,3C323434C3C33C,si,,
0x6BEE172,0x6BEE180,14,ascii,3C33C34D4DCDED,si,,
0x6BEE182,0x6BEE190,14,ascii,DD4UDDT5DDUDED,si,,
0x6BEE192,0x6BEE1A0,14,ascii,DEETEDDDEDDDET,si,,
0x6BEE1A2,0x6BEE1B0,14,ascii,TUDDDUUEDDEDDD,si,,
0x6BEE1B2,0x6BEE1C0,14,ascii,DTDDEDDDDDDDDT,si,,
0x6BEE1C2,0x6BEE1D0,14,ascii,TSDT4CD43CEDCD,si,,
0x6BEE1D2,0x6BEE1E0,14,ascii,DCC344DDDCDDDD,si,,
0x6BEE1E2,0x6BEE1F0,14,ascii,D44DDDDDTC4DDT,si,,
0x6BEE1F2,0x6BEE200,14,ascii,DDDCCC4CDDDDCC,si,,
0x6BEE202,0x6BEE210,14,ascii,D444CDC4DDDCCD,si,,
0x6BEE212,0x6BEE220,14,ascii,4D3DDD5DDC5DC4,si,,
0x6BEE222,0x6BEE230,14,ascii,DC45DDCT3D3DD3,si,,
0x6BEE232,0x6BEE240,14,ascii,DD44C4DDDD4CCD,si,,
0x6BEE242,0x6BEE250,14,ascii,C4DDD4DDDCDDD4,si,,
0x6BEE252,0x6BEE260,14,ascii,ED4DCDDCCC3D4C,si,,
0x6BEE262,0x6BEE270,14,ascii,4D44C3DDDC4DDD,si,,
0x6BEE272,0x6BEE280,14,ascii,4DDDC43CCDDD5D,si,,
0x6BEE282,0x6BEE290,14,ascii,4DDD34DC3D4C3D,si,,
0x6BEE292,0x6BEE2A0,14,ascii,CDCCDC433DC44D,si,,
0x6BEE2A2,0x6BEE2B0,14,ascii,DDDD4CDC3DD434,si,,
0x6BEE2B2,0x6BEE2C0,14,ascii,443C4D4CDC4CDC,si,,
0x6BEE2C2,0x6BEE2D0,14,ascii,DD43DD4C3D4CDD,si,,
0x6BEE2D2,0x6BEE2E0,14,ascii,44DC434DD343C3,si,,
0x6BEE2E2,0x6BEE2F0,14,ascii,C44CD4DDDC4D34,si,,
0x6BEE2F2,0x6BEE300,14,ascii,4C3443333323C3,si,,
0x6BEE342,0x6BEE350,14,ascii,DDC3D3C3324333,si,,
0x6BEE352,0x6BEE360,14,ascii,332C333CC33B3C,si,,
0x6BEE372,0x6BEE380,14,ascii,2333B3C33C3333,si,,
0x6BEE416,0x6BEE420,10,ascii,"2""32332""""2",si,,
0x6BEE452,0x6BEE460,14,ascii,333CC44344CC33,si,,
0x6BEE462,0x6BEE470,14,ascii,C33C4333CD3CDD,si,,
0x6BEE472,0x6BEE480,14,ascii,DDDD4434DDD444,si,,
0x6BEE482,0x6BEE490,14,ascii,CDD3D4DD4DCD4D,si,,
0x6BEE492,0x6BEE4A0,14,ascii,DD4CDDDEDD4DTC,si,,
0x6BEE4A2,0x6BEE4B0,14,ascii,D4D3CDDD33C4C3,si,,
0x6BEE4B2,0x6BEE4C0,14,ascii,3334C3333CD3C3,si,,
0x6BEE4C2,0x6BEE4D0,14,ascii,33CC33C4433333,si,,
0x6BEE4D2,0x6BEE4E0,14,ascii,3433333C343D34,si,,
0x6BEE4E2,0x6BEE4F0,14,ascii,C3B4D333CC54C3,si,,
0x6BEE4F2,0x6BEE500,14,ascii,4C3C4DC3433C4C,si,,
0x6BEE502,0x6BEE510,14,ascii,43C43DDDDD4D4C,si,,
0x6BEE512,0x6BEE520,14,ascii,DDCDDDD4EDDDDT,si,,
0x6BEE522,0x6BEE530,14,ascii,DDDDDDDTTTDDUD,si,,
0x6BEE532,0x6BEE540,14,ascii,UUTEUUVUEDUUDE,si,,
0x6BEE542,0x6BEE550,14,ascii,TEUUDeEETEFUUU,si,,
0x6BEE552,0x6BEE560,14,ascii,UeeUDUeUUUVUUU,si,,
0x6BEE562,0x6BEE570,14,ascii,EEEEUUUUEUUTUU,si,,
0x6BEE572,0x6BEE580,14,ascii,FVUUUUUTFUUEUU,si,,
0x6BEE582,0x6BEE590,14,ascii,ETTeUDUUUDTUeU,si,,
0x6BEE592,0x6BEE5A0,14,ascii,EEUeUUUUTVUEUU,si,,
0x6BEE5A2,0x6BEE5B0,14,ascii,TVUUUUEUUDUTTE,si,,
0x6BEE5B2,0x6BEE5C0,14,ascii,UEEUEUTTTDEDTE,si,,
0x6BEE5C2,0x6BEE5D0,14,ascii,DTDUDDDDDUEETD,si,,
0x6BEE5D2,0x6BEE5E0,14,ascii,EEEDETCTDDTTDC,si,,
0x6BEE5E2,0x6BEE5F0,14,ascii,TDDDD5DCDDCC43,si,,
0x6BEE5F2,0x6BEE600,14,ascii,4DCD3TC34DD44D,si,,
0x6BEE602,0x6BEE610,14,ascii,DD4TDDC44CDDDD,si,,
0x6BEE612,0x6BEE620,14,ascii,DSDDCDDDCCCDD3,si,,
0x6BEE622,0x6BEE630,14,ascii,SDDETD4CDDTDTD,si,,
0x6BEE632,0x6BEE640,14,ascii,TTD4DDDD4EDEET,si,,
0x6BEE642,0x6BEE650,14,ascii,DTDEDDTDSDTDET,si,,
0x6BEE652,0x6BEE660,14,ascii,EEDUDTTEUDETUU,si,,
0x6BEE662,0x6BEE670,14,ascii,UEEUDDTUETTDDU,si,,
0x6BEE672,0x6BEE680,14,ascii,UETTDEDDEEUEDD,si,,
0x6BEE682,0x6BEE690,14,ascii,EUEUDDEEUEUDTD,si,,
0x6BEE692,0x6BEE6A0,14,ascii,DDTDTEDDDTSDD5,si,,
0x6BEE6A2,0x6BEE6B0,14,ascii,DD4D4CDDD3333C,si,,
0x6BEE6B2,0x6BEE6C0,14,ascii,34D3CB33334CC3,si,,
0x6BEE6D2,0x6BEE6E0,14,ascii,33443243434333,si,,
0x6BEE6F2,0x6BEE700,14,ascii,2C333C3D44333C,si,,
0x6BEE702,0x6BEE710,14,ascii,334343424DC43C,si,,
0x6BEE712,0x6BEE720,14,ascii,C33433333333C3,si,,
0x6BEE722,0x6BEE730,14,ascii,C3C3D33CDC4C3C,si,,
0x6BEE732,0x6BEE740,14,ascii,CD3CDDCDD3C4C4,si,,
0x6BEE742,0x6BEE750,14,ascii,DCCD334DD44CDD,si,,
0x6BEE752,0x6BEE760,14,ascii,DCD4DD5DCCDDDD,si,,
0x6BEE762,0x6BEE770,14,ascii,C4DTD3CCD3DDDD,si,,
0x6BEE862,0x6BEE870,14,ascii,"233""33342""""333",si,,
0x6BEE882,0x6BEE890,14,ascii,33CC34CCCC33CC,si,,
0x6BEE892,0x6BEE8A0,14,ascii,334D4C4434D4C4,si,,
0x6BEE8B2,0x6BEE8C0,14,ascii,"3332C3C342""333",si,,
0x6BEE912,0x6BEE920,14,ascii,B3323433233CDC,si,,
0x6BEE922,0x6BEE930,14,ascii,CDDCC4C44DDCDD,si,,
0x6BEE932,0x6BEE940,14,ascii,DCSTDDD4D3CDDD,si,,
0x6BEE942,0x6BEE950,14,ascii,DCD3DDDDDDDCD4,si,,
0x6BEE952,0x6BEE960,14,ascii,CDCCDDDDC4DDCD,si,,
0x6BEE962,0x6BEE970,14,ascii,4EDD5DDTDECCCD,si,,
0x6BEE972,0x6BEE980,14,ascii,443D3DD43D3444,si,,
0x6BEE982,0x6BEE990,14,ascii,C4C4D43C34333C,si,,
0x6BEEA32,0x6BEEA40,14,ascii,C443D343D3D4CD,si,,
0x6BEEA42,0x6BEEA50,14,ascii,DD3T4CDDCCDDCD,si,,
0x6BEEA52,0x6BEEA60,14,ascii,CDDD4D43DDD4DU,si,,
0x6BEEA62,0x6BEEA70,14,ascii,DDD33C4CC433CC,si,,
0x6BEEA72,0x6BEEA80,14,ascii,3C44433CC33CDC,si,,
0x6BEEA82,0x6BEEA90,14,ascii,3C34433C344333,si,,
0x6BEEB12,0x6BEEB20,14,ascii,333D333B424DCD,si,,
0x6BEEB22,0x6BEEB30,14,ascii,3C333DC3C34D34,si,,
0x6BEEB32,0x6BEEB40,14,ascii,43C434333433DC,si,,
0x6BEEB42,0x6BEEB50,14,ascii,3CD44334CD4D4C,si,,
0x6BEEB52,0x6BEEB60,14,ascii,3D4CDDCCDEDDD4,si,,
0x6BEEB62,0x6BEEB70,14,ascii,DEDDDD4DDDDDDD,si,,
0x6BEEB72,0x6BEEB80,14,ascii,443CDCD4CCCCDD,si,,
0x6BEEB82,0x6BEEB90,14,ascii,C333DC44CTCD43,si,,
0x6BEEBE2,0x6BEEBF0,14,ascii,3334334343DD4C,si,,
0x6BEEBF2,0x6BEEC00,14,ascii,DC43C4DCCC4DCD,si,,
0x6BEEC02,0x6BEEC10,14,ascii,4DDC4D4CDDDDDD,si,,
0x6BEEC12,0x6BEEC20,14,ascii,DCTDDDTDDDEEET,si,,
0x6BEEC22,0x6BEEC30,14,ascii,ETEUTUDETTUUTD,si,,
0x6BEEC32,0x6BEEC40,14,ascii,EETETUDUDTVDTD,si,,
0x6BEEC42,0x6BEEC50,14,ascii,EUTEUUDTTETTET,si,,
0x6BEEC52,0x6BEEC60,14,ascii,UEUUUEUUTETUTT,si,,
0x6BEEC62,0x6BEEC70,14,ascii,UDTUUUUUUFUEUU,si,,
0x6BEEC72,0x6BEEC80,14,ascii,EUUUTUUEUUEUUU,si,,
0x6BEEC82,0x6BEEC90,14,ascii,UDUEEEUEEUUUUU,si,,
0x6BEEC92,0x6BEECA0,14,ascii,eEUEESDEDDDDDT,si,,
0x6BEECA2,0x6BEECB0,14,ascii,DDDDDEDEDDEDDT,si,,
0x6BEECB2,0x6BEECC0,14,ascii,DTUTEUDDTDUDTT,si,,
0x6BEECC2,0x6BEECD0,14,ascii,DTTTUUTUUUDEDU,si,,
0x6BEECD2,0x6BEECE0,14,ascii,EDDDTUDTDTDDTD,si,,
0x6BEECE2,0x6BEECF0,14,ascii,TDTEDUDDUEUDCT,si,,
0x6BEECF2,0x6BEED00,14,ascii,DDUEUUEDUUUDDE,si,,
0x6BEED02,0x6BEED10,14,ascii,DTETEUTUDTUEUD,si,,
0x6BEED12,0x6BEED20,14,ascii,DUDUUTEUTeUUEE,si,,
0x6BEED22,0x6BEED30,14,ascii,eETFUEUUUUETTE,si,,
0x6BEED32,0x6BEED40,14,ascii,DDTUETEEDTEDDD,si,,
0x6BEED42,0x6BEED50,14,ascii,DDTTUETDEUETET,si,,
0x6BEED52,0x6BEED60,14,ascii,DUEEUETEDEDTDU,si,,
0x6BEED62,0x6BEED70,14,ascii,DDUUUDDDETTEUD,si,,
0x6BEED72,0x6BEED80,14,ascii,DEETEDEDDTCTDD,si,,
0x6BEED82,0x6BEED90,14,ascii,EDUTTDTDDDT5D4,si,,
0x6BEED92,0x6BEEDA0,14,ascii,DTT44STD3DCC33,si,,
0x6BEEDA2,0x6BEEDB0,14,ascii,C443C4C344CCCD,si,,
0x6BEEDE2,0x6BEEDF0,14,ascii,D3344333C34333,si,,
0x6BEEE02,0x6BEEE10,14,ascii,3334433344DCC3,si,,
0x6BEEE12,0x6BEEE20,14,ascii,DDCDD43DDD4D4D,si,,
0x6BEEE22,0x6BEEE30,14,ascii,CDDDDDD44C4344,si,,
0x6BEEE32,0x6BEEE40,14,ascii,DDDDDCDC4CDD4D,si,,
0x6BEEE42,0x6BEEE50,14,ascii,DDDDDDDDDDCDTC,si,,
0x6BEEE52,0x6BEEE60,14,ascii,D3TDDDCTC4D4DD,si,,
0x6BEEE62,0x6BEEE70,14,ascii,DDDC4CC4344C44,si,,
0x6BEEE72,0x6BEEE80,14,ascii,3D443C34333333,si,,
0x6BEEF86,0x6BEEF90,10,ascii,"""""""""""""""""""!",si,,
0x6BEF012,0x6BEF020,14,ascii,3DDDD5DCDDDSDC,si,,
0x6BEF022,0x6BEF030,14,ascii,CDDD4D4CDCTC3D,si,,
0x6BEF032,0x6BEF040,14,ascii,DC44CCD4ECDDD3,si,,
0x6BEF042,0x6BEF050,14,ascii,DDTDTCDDDDDDD4,si,,
0x6BEF052,0x6BEF060,14,ascii,4D5DDDDDD3D3DD,si,,
0x6BEF062,0x6BEF070,14,ascii,DT4DDDDDCDDDDD,si,,
0x6BEF072,0x6BEF080,14,ascii,DDDDDDD4D44E4D,si,,
0x6BEF082,0x6BEF090,14,ascii,DDDDDD333C334D,si,,
0x6BEF092,0x6BEF0A0,14,ascii,3C3C3DC43343DC,si,,
0x6BEF0A2,0x6BEF0B0,14,ascii,3434D4C4DCD3D4,si,,
0x6BEF0B2,0x6BEF0C0,14,ascii,CDD3DED43D4DDC,si,,
0x6BEF0C2,0x6BEF0D0,14,ascii,CD4CCDC3DDCDDD,si,,
0x6BEF0D2,0x6BEF0E0,14,ascii,DDD4DD4TCD4CTD,si,,
0x6BEF0E2,0x6BEF0F0,14,ascii,DDDCD4DDCDCC44,si,,
0x6BEF102,0x6BEF110,14,ascii,CD4C4DD4DCDDDD,si,,
0x6BEF112,0x6BEF120,14,ascii,DUTDUTTUETDDED,si,,
0x6BEF122,0x6BEF130,14,ascii,DE4DDDDEDDDDDD,si,,
0x6BEF132,0x6BEF140,14,ascii,DDTDD5DCT4CDDD,si,,
0x6BEF142,0x6BEF150,14,ascii,DTD4DEUEEDEDTD,si,,
0x6BEF152,0x6BEF160,14,ascii,DDTD4DDDDDDDDE,si,,
0x6BEF162,0x6BEF170,14,ascii,DDD4CDDEDTD4DD,si,,
0x6BEF172,0x6BEF180,14,ascii,D4DDCDDDD4D344,si,,
0x6BEF182,0x6BEF190,14,ascii,D33C33C3333243,si,,
0x6BEF192,0x6BEF1A0,14,ascii,3D3D3D443CDC4D,si,,
0x6BEF1A2,0x6BEF1B0,14,ascii,DDCCCDD4TDE543,si,,
0x6BEF1B2,0x6BEF1C0,14,ascii,4CD3CC3C4DDC44,si,,
0x6BEF1C2,0x6BEF1D0,14,ascii,3343D3C3C3D3C3,si,,
0x6BEF1D2,0x6BEF1E0,14,ascii,333CCC4CD44DCC,si,,
0x6BEF1E2,0x6BEF1F0,14,ascii,DC4D44DDDDDC4D,si,,
0x6BEF1F2,0x6BEF200,14,ascii,4D4DDD5DDDDTDD,si,,
0x6BEF202,0x6BEF210,14,ascii,UUETDCDDDDDUEC,si,,
0x6BEF212,0x6BEF220,14,ascii,E4TCD4DDU4TDCC,si,,
0x6BEF222,0x6BEF230,14,ascii,DDETDTTDDDDDED,si,,
0x6BEF232,0x6BEF240,14,ascii,DEDDDDT4DDCDDE,si,,
0x6BEF242,0x6BEF250,14,ascii,DED44DDCDEDDDT,si,,
0x6BEF252,0x6BEF260,14,ascii,EDTEEDDDDDDEDC,si,,
0x6BEF262,0x6BEF270,14,ascii,CEDD4DDDDC34CD,si,,
0x6BEF272,0x6BEF280,14,ascii,4DDC4CCD3C3D3D,si,,
0x6BEF282,0x6BEF290,14,ascii,CC333343333333,si,,
0x6BEF292,0x6BEF2A0,14,ascii,4444322433C342,si,,
0x6BEF2B2,0x6BEF2C0,14,ascii,34443233333343,si,,
0x6BEF2D2,0x6BEF2E0,14,ascii,"2222333C32333""",si,,
0x6BEF322,0x6BEF330,14,ascii,3CCCD3DC34DDD4,si,,
0x6BEF332,0x6BEF340,14,ascii,DTCCDDDCDDDDDD,si,,
0x6BEF342,0x6BEF350,14,ascii,DDTTDD4DDTTTED,si,,
0x6BEF352,0x6BEF360,14,ascii,DDDED44DCDD5ED,si,,
0x6BEF362,0x6BEF370,14,ascii,4DDD4CDC4C4E34,si,,
0x6BEF382,0x6BEF390,14,ascii,3CCC43433C3C33,si,,
0x6BEF392,0x6BEF3A0,14,ascii,4CC4C3334C3333,si,,
0x6BEF3A2,0x6BEF3B0,14,ascii,333C333CD3D334,si,,
0x6BEF3C2,0x6BEF3D0,14,ascii,434C3D34CD4D43,si,,
0x6BEF3D2,0x6BEF3E0,14,ascii,33D4DD4DDCS4DD,si,,
0x6BEF3E2,0x6BEF3F0,14,ascii,4DDDUTDTETDTDE,si,,
0x6BEF3F2,0x6BEF400,14,ascii,UUTUUUVUEVUEUT,si,,
0x6BEF402,0x6BEF410,14,ascii,UVUETUUEUUUVEE,si,,
0x6BEF412,0x6BEF420,14,ascii,UUUUUEUUEeUUUE,si,,
0x6BEF422,0x6BEF430,14,ascii,UUUEUEEUTUUTEU,si,,
0x6BEF432,0x6BEF440,14,ascii,UTUUUUUUEeUUEU,si,,
0x6BEF442,0x6BEF450,14,ascii,DTDETTEUUUTTTU,si,,
0x6BEF452,0x6BEF460,14,ascii,UUETUUeUeeUUUU,si,,
0x6BEF462,0x6BEF470,14,ascii,UUUUUUEUUUUTTU,si,,
0x6BEF472,0x6BEF480,14,ascii,EUEDUETUT5DDDD,si,,
0x6BEF482,0x6BEF490,14,ascii,DDDDCDTC44DC4D,si,,
0x6BEF492,0x6BEF4A0,14,ascii,DDDTDDDDDCCC4D,si,,
0x6BEF4A2,0x6BEF4B0,14,ascii,D44D4DD3D34C3C,si,,
0x6BEF4B2,0x6BEF4C0,14,ascii,3344C3CD43C43C,si,,
0x6BEF4C2,0x6BEF4D0,14,ascii,CDCCD4C4D3C34C,si,,
0x6BEF4D2,0x6BEF4E0,14,ascii,D4443D3D3D43C4,si,,
0x6BEF4E2,0x6BEF4F0,14,ascii,333DD34C3C44DE,si,,
0x6BEF4F2,0x6BEF500,14,ascii,DDDDDETDDDTDDT,si,,
0x6BEF502,0x6BEF510,14,ascii,DTDDDDDS4DD4CD,si,,
0x6BEF512,0x6BEF520,14,ascii,DDDD44DDDCCDDD,si,,
0x6BEF522,0x6BEF530,14,ascii,TCDD5D4DDDDCTS,si,,
0x6BEF532,0x6BEF540,14,ascii,DEEEEDUDDTEEDU,si,,
0x6BEF542,0x6BEF550,14,ascii,UTTTUDEDEDTDDD,si,,
0x6BEF552,0x6BEF560,14,ascii,DDDDDDTTDTSDEU,si,,
0x6BEF562,0x6BEF570,14,ascii,DDD4T4CD33CDDC,si,,
0x6BEF582,0x6BEF590,14,ascii,3343CC3C334434,si,,
0x6BEF592,0x6BEF5A0,14,ascii,33444CD33D43DD,si,,
0x6BEF5A2,0x6BEF5B0,14,ascii,DD3CDC3332333C,si,,
0x6BEF5B2,0x6BEF5C0,14,ascii,3CDC33C3C3CC44,si,,
0x6BEF5C2,0x6BEF5D0,14,ascii,3C4CDD34333443,si,,
0x6BEF5D2,0x6BEF5E0,14,ascii,333DDD343343C3,si,,
0x6BEF5F2,0x6BEF600,14,ascii,3C24333CDCCCT3,si,,
0x6BEF602,0x6BEF610,14,ascii,34343DCDDD4433,si,,
0x6BEF622,0x6BEF630,14,ascii,"C333323""3""43""3",si,,
0x6BEF742,0x6BEF750,14,ascii,3C333C333443C4,si,,
0x6BEF752,0x6BEF760,14,ascii,33B334C33DD433,si,,
0x6BEF772,0x6BEF780,14,ascii,"3333C3322""33C3",si,,
0x6BEF792,0x6BEF7A0,14,ascii,333C23C343DD3C,si,,
0x6BEF7B2,0x6BEF7C0,14,ascii,D34D3CCD43433D,si,,
0x6BEF7E2,0x6BEF7F0,14,ascii,DC33D3DDD3DD4T,si,,
0x6BEF7F2,0x6BEF800,14,ascii,DDDDD3D43DDDCC,si,,
0x6BEF802,0x6BEF810,14,ascii,D34DC4DDTDDD4D,si,,
0x6BEF812,0x6BEF820,14,ascii,4C4DDDDDDDCDCD,si,,
0x6BEF822,0x6BEF830,14,ascii,4DD4DD33DDTD44,si,,
0x6BEF832,0x6BEF840,14,ascii,4DDD4DC44DDD3D,si,,
0x6BEF842,0x6BEF850,14,ascii,4C4DCD4DC43D4D,si,,
0x6BEF852,0x6BEF860,14,ascii,C33D3443BCDD4D,si,,
0x6BEF862,0x6BEF870,14,ascii,3D3C334D333223,si,,
0x6BEF8F2,0x6BEF900,14,ascii,4D444C3DSC4DTD,si,,
0x6BEF902,0x6BEF910,14,ascii,DDE4DD4D4DCD3D,si,,
0x6BEF912,0x6BEF920,14,ascii,4DDCDDDEDDTDDD,si,,
0x6BEF922,0x6BEF930,14,ascii,DDCDDEDD44C444,si,,
0x6BEF932,0x6BEF940,14,ascii,DC33CDDCDDD3C4,si,,
0x6BEF942,0x6BEF950,14,ascii,D4D44CD4DT44CD,si,,
0x6BEF952,0x6BEF960,14,ascii,DCCD35C43C3342,si,,
0x6BEF9D2,0x6BEF9E0,14,ascii,"!33""333343343D",si,,
0x6BEFA12,0x6BEFA20,14,ascii,3DD3343C4DDDC4,si,,
0x6BEFA22,0x6BEFA30,14,ascii,44DD3333333333,si,,
0x6BEFAC2,0x6BEFAD0,14,ascii,23334D3D43DCCT,si,,
0x6BEFAD2,0x6BEFAE0,14,ascii,"2""""33333333C33",si,,
0x6BEFB52,0x6BEFB60,14,ascii,ffUEDSUETVUUUD,si,,
0x6BEFC42,0x6BEFC50,14,ascii,4EDDdTUEUTDTET,si,,
0x6BEFC52,0x6BEFC60,14,ascii,UVUeUeefUUUUff,si,,
0x6BEFE02,0x6BEFE10,14,ascii,"""!233CDDDEUUVU",si,,
0x6BEFE12,0x6BEFE20,14,ascii,3333333333CCCC,si,,
0x6BF39A2,0x6BF39AC,10,ascii,EUcfUF3443,si,,
0x6BF8080,0x6BF809A,26,ascii,What are you afraid of?   ,,si,
0x6BF80AC,0x6BF80CE,34,ascii,Don't worry.  We're the police.   ,,si,
0x6BF80E0,0x6BF80F6,22,ascii,I didn't see anything.,,,
0x6BFFA42,0x6BFFA51,15,ascii,"2CUVUU4E2C4TDT,",si,,
0x6BFFC72,0x6BFFC80,14,ascii,443TffE4DTef53,si,,
0x6BFFCE6,0x6BFFCF0,10,ascii,"234""""2""3DD",si,,
0x6BFFDF2,0x6BFFE00,14,ascii,"!!3CD3333""3""""""",si,,
0x6C00232,0x6C0023D,11,ascii,3CTDDDDUUf5,si,,
0x6C003F2,0x6C003FF,13,ascii,"43""""3233DUeU3",si,,
0x6C00492,0x6C004A0,14,ascii,"""33DD433334DUD",si,,
0x6C00556,0x6C00560,10,ascii,"2UUE4""!!BU",si,,
0x6C00692,0x6C006A0,14,ascii,"""2333CDDTUUVVU",si,,
0x6C006D2,0x6C006E0,14,ascii,!2CDDTT3C4DUfU,si,,
0x6C00733,0x6C00740,13,ascii,"""""2""222""""""""""""",si,,
0x6C00882,0x6C00890,14,ascii,33C33C33CDD4D4,si,,
0x6C008A2,0x6C008AD,11,ascii,"334C32""2""""!",si,,
0x6C04DA4,0x6C04DB1,13,ascii,"C!4R."""" 5P""%,",,,
0x6C04E12,0x6C04E1D,11,ascii,7%T3cRQoP5%,si,,
0x6C084A2,0x6C084B0,14,ascii,33333433442333,si,,
0x6C084E2,0x6C084F0,14,ascii,"2""""""""2224323B3",si,,
0x6C0A877,0x6C0A881,10,ascii,"32B&/""6R%,",si,,
0x6C0C8A2,0x6C0C8B0,14,ascii,UTVTT4DE53CTUE,si,,
0x6C0C8B2,0x6C0C8C0,14,ascii,SUfE3CTEeUeUEe,si,,
0x6C0C8C2,0x6C0C8D0,14,ascii,FUDE5DTTUEUfVU,si,,
0x6C0C8D2,0x6C0C8E0,14,ascii,"""23333343CCDD3",si,,
0x6C11602,0x6C11610,14,ascii,DU33DDUVDeEDUE,si,,
0x6C11622,0x6C1162F,13,ascii,"!!333D44""""""!""",si,,
0x6C13070,0x6C1309A,42,ascii,You don't look good.  You feeling\nsick?   ,,si,
0x6C151A6,0x6C151B0,10,ascii,"""!""""""!""!32",si,,
0x6C151C2,0x6C151D0,14,ascii,3C4343434CTUEe,si,,
0x6C19D74,0x6C19D80,12,ascii,"245U%3""1VUDE",si,,
0x6C19FE2,0x6C19FF0,14,ascii,"""!222CCSET34EE",si,,
0x6C1A033,0x6C1A03D,10,ascii,"!2""""3332""""",si,,
0x6C1A122,0x6C1A130,14,ascii,"2""""""233334D433",si,,
0x6C1A132,0x6C1A140,14,ascii,333C3C4443333D,si,,
0x6C1A162,0x6C1A170,14,ascii,3C4D4C4C3C3333,si,,
0x6C1A172,0x6C1A180,14,ascii,VfefUeeEEETUeU,si,,
0x6C1A1D5,0x6C1A1E0,11,ascii,"""""23DEDTD4D",si,,
0x6C1A1E2,0x6C1A1F0,14,ascii,D3D4D4ED3CC3CD,si,,
0x6C1A202,0x6C1A210,14,ascii,3CDDDD3433333C,si,,
0x6C1A212,0x6C1A220,14,ascii,33333333333CC4,si,,
0x6C1A222,0x6C1A230,14,ascii,VVUeTUfUUffTef,si,,
0x6C1A232,0x6C1A240,14,ascii,fVfVVffUUVTTTU,si,,
0x6C1A242,0x6C1A250,14,ascii,UUTTEUUDUEDD53,si,,
0x6C1A2F2,0x6C1A300,14,ascii,433C234C44DC33,si,,
0x6C1A312,0x6C1A320,14,ascii,CCC33333232332,si,,
0x6C1A462,0x6C1A470,14,ascii,"""""""""""""""3""2!!2""",si,,
0x6C1A482,0x6C1A490,14,ascii,C44TDDDDDDUTDD,si,,
0x6C1A492,0x6C1A4A0,14,ascii,DDTD4DDDUEUUEE,si,,
0x6C1A4A2,0x6C1A4B0,14,ascii,233333333333DD,si,,
0x6C1A4D2,0x6C1A4E0,14,ascii,33C433333C3433,si,,
0x6C1A4F2,0x6C1A500,14,ascii,DETUEDDDCUUUDT,si,,
0x6C1A502,0x6C1A510,14,ascii,DDDDDEUDEDD4CD,si,,
0x6C1AA36,0x6C1AA40,10,ascii,"!""""""""""""""""""",si,,
0x6C1AA72,0x6C1AA80,14,ascii,"""""""2""""""""""""""""!!",si,,
0x6C22070,0x6C2208E,30,ascii,"I'm just tired, that's all.   ",,si,
0x6C28C82,0x6C28C8F,13,ascii,"DSUD3""!332332",si,,
0x6C29890,0x6C298B6,38,ascii,You.  Did you see a guy come in\nhere? ,,si,
0x6C298C8,0x6C298EE,38,ascii,He was wearing a bike suit like\nyou.  ,,si,
0x6C29900,0x6C29916,22,ascii,I don't know anything.,,,
0x6C29928,0x6C29946,30,ascii,I didn't see anyone.  Honest! ,,,
0x6C29958,0x6C29976,30,ascii,Why don't I believe you....   ,,si,
0x6C3CEA3,0x6C3CEB0,13,ascii,44A%C3CCCRfT4,si,,
0x6C3D963,0x6C3D96D,10,ascii,"""!0o.!1?PO",si,,
0x6C45D67,0x6C45D71,10,ascii,!BRe5CRS!3,si,,
0x6C4A277,0x6C4A281,10,ascii,"?2-,LQbtF,",si,,
0x6C580D0,0x6C580F2,34,ascii,So what about all this blood?\nHuh?,,si,
0x6C58104,0x6C5811E,26,ascii,We followed it in here.   ,,si,
0x6C58130,0x6C58152,34,ascii,I... I dunno.  I don't wanna die! ,,,
0x6C73315,0x6C73320,11,ascii,O%4AW3E44&P,si,,
0x6C77880,0x6C778A6,38,ascii,"Please, I don't wanna die, man!\nMommy!",,,
0x6C7AD02,0x6C7AD0D,11,ascii,"33CDCDC4""1""",si,,
0x6C86870,0x6C8689E,46,ascii,You there.  Seen someone in a\nbike suit here? ,,si,
0x6C868B0,0x6C868CE,30,ascii,You mean that kid behind me?  ,,si,
0x6C893F2,0x6C89400,14,ascii,eUeEDDDSUeUT42,si,,
0x6C924F7,0x6C92501,10,ascii,b&C7ES5RU6,si,,
0x6CA3870,0x6CA388E,30,ascii,"Didn't see anyone else, huh?  ",,,
0x6CA38A0,0x6CA38C6,38,ascii,No.  I've been looking out the\nwindow.,,si,
0x6CA6FD2,0x6CA6FDE,12,ascii,UDF5U5UDSeO3,si,,
0x6CAAB42,0x6CAAB4E,12,ascii,"D6U5bETU!""%4",si,,
0x6CB2AC6,0x6CB2AD1,11,ascii,AD32RT3DEeG,si,,
0x6CB7890,0x6CB789A,10,ascii,"Hey, you. ",,si,
0x6CB78AC,0x6CB78DA,46,ascii,You see a big guy come in here a\nminute ago?  ,,si,
0x6CB78EC,0x6CB78FE,18,ascii,My... my coat.... ,,si,
0x6CB7910,0x6CB792E,30,ascii,What? What about your coat?   ,,si,
0x6CB7958,0x6CB7966,14,ascii,It's nothing. ,,,
0x6CE6880,0x6CE68A2,34,ascii,What is it? Do you know\nsomething?,,si,
0x6CE68B4,0x6CE68C6,18,ascii,No.  Forget it.   ,,si,
0x6CE8F42,0x6CE8F50,14,ascii,"""""""3233B344CC4",si,,
0x6CE8F82,0x6CE8F90,14,ascii,D3DDEDC3C43333,si,,
0x6CEADD3,0x6CEADDE,11,ascii,"OPL""Qs!R""?A",si,,
0x6CEB344,0x6CEB350,12,ascii, R0%TS?0o0.E,si,,
0x6CF12E5,0x6CF12F1,12,ascii,"B2AapBoQUNc,",si,,
0x6CFB070,0x6CFB08E,30,ascii,"Jonathan, I see his helmet!   ",,si,
0x6CFB0A0,0x6CFB0AE,14,ascii,There he is!  ,si,si,
0x6CFB0C0,0x6CFB0CA,10,ascii,Freeze!   ,,,
0x6CFD712,0x6CFD720,14,ascii,EUDTTDTSDTUUUU,si,,
0x6CFD7F2,0x6CFD800,14,ascii,VfETEETUUT4E53,si,,
0x6D03AD3,0x6D03ADD,10,ascii,"A/1P"" 1%!1",,,
0x6D04802,0x6D0480C,10,ascii,VeeFTCDE2 ,,,
0x6D059F2,0x6D05A00,14,ascii,"CC3DD344B3""""33",si,,
0x6D05BD4,0x6D05BE0,12,ascii,!0C5T3FTTE4T,si,,
0x6D08922,0x6D08930,14,ascii,"DT3DSDDC4""ETCS",si,,
0x6D08B82,0x6D08B90,14,ascii,D%CdDC43dc45E5,si,,
0x6D08BD2,0x6D08BE0,14,ascii,CDUFETE3SFEV4D,si,,
0x6D0E080,0x6D0E0A2,34,ascii,Wait! Don't shoot! That's my\nson! ,,si,
0x6D1A8A0,0x6D1A8C6,38,ascii,The biker made him put on his\nhelmet! ,,si,
0x6D1A8F0,0x6D1A912,34,ascii,He's over there wearing my coat!  ,,si,
0x6D1A924,0x6D1A92E,10,ascii,Your coat?,,si,
0x6D1CD85,0x6D1CD90,11,ascii,"!""""22AETTfV",si,,
0x6D289C2,0x6D289D0,14,ascii,Sf5UVE44D4D5EC,si,,
0x6D38870,0x6D38882,18,ascii,"Jonathan, there!  ",,si,
0x6D3E5F2,0x6D3E5FD,11,ascii,ES%0TFD5B42,si,,
0x6D40070,0x6D400AE,62,ascii,I don't believe this! This guy ain't\nhuman! No fucking way!   ,,si,
0x6D400C0,0x6D400E2,34,ascii,We're almost at the next station! ,,si,
0x6D4F813,0x6D4F81E,11,ascii,CUEEEC3D4BC,si,,
0x6D5B8C0,0x6D5B8EE,46,ascii,We wasted too much time.  We're\nalmost there. ,,si,
0x6D5B900,0x6D5B91A,26,ascii,We can't let him get away!,,si,
0x6D5B92C,0x6D5B942,22,ascii,Move to the next car! ,,si,
0x6D5E012,0x6D5E020,14,ascii,DD4DTTTS443SD4,si,,
0x6D5E032,0x6D5E040,14,ascii,"CDUUUD2""3E432!",si,,
0x6D5E042,0x6D5E050,14,ascii,"""""""3S6eSUfVfUV",si,,
0x6D79870,0x6D79896,38,ascii,"South Garden, South Garden\nStation.   ",,,
0x6D798A8,0x6D798BA,18,ascii,We're pulling in! ,,si,
0x6D834C3,0x6D834CE,11,ascii, EGD6!2!3ug,si,,
0x6D8B070,0x6D8B07A,10,ascii,Chris?!   ,,,
0x6D90080,0x6D90096,22,ascii,Jonathan! Don't shoot!,,,
0x6D900A8,0x6D900BE,22,ascii,What are we gonna do? ,,si,
0x6D92912,0x6D92920,14,ascii,34C33443332333,si,,
0x6DA0312,0x6DA031D,11,ascii,"""C43AB33D4d",si,,
0x6DA6070,0x6DA6082,18,ascii,That's us here!   ,,si,
0x6DA8D94,0x6DA8DA0,12,ascii,23fUUTVV3U5D,si,,
0x6DB5880,0x6DB588A,10,ascii,Please!   ,si,,
0x6DB589C,0x6DB58AE,18,ascii,I will kill you.  ,,si,
0x6DBF7E3,0x6DBF7F0,13,ascii,"!""DCTTTFEE5Vf",si,,
0x6DC1880,0x6DC1892,18,ascii,"You okay, Chris?  ",,si,
0x6DC18A4,0x6DC18B2,14,ascii,Yeah.  Thanks.,,,
0x6DC18C4,0x6DC18CE,10,ascii,Let's go! ,si,,
0x6DC18E0,0x6DC18FE,30,ascii,No! Don't leave me by myself! ,,si,
0x6DC1910,0x6DC192A,26,ascii,"You're safe now, Chris.   ",,,
0x6DC193C,0x6DC194A,14,ascii,I'm scared.   ,,,
0x6DC195C,0x6DC1972,22,ascii,He's gonna get away!  ,,,
0x6DC1984,0x6DC19AA,38,ascii,"Ed, see if Meryl and Dave are\nhere.   ",,si,
0x6DC3ED2,0x6DC3EDD,11,ascii,C4C4bB5QTRP,si,,
0x6DD06F7,0x6DD0701,10,ascii,"DcC0NC1/!,",si,,
0x6DEAE02,0x6DEAE0D,11,ascii,3!N3eS6VD63,si,,
0x6E0F8C0,0x6E0F8F6,54,ascii,"Meryl, you copy? He's leaving\nSouth Garden Station!   ",,si,
0x6E0F908,0x6E0F922,26,ascii,Copy that.  We got him.   ,,si,
0x6E0F934,0x6E0F94E,26,ascii,"We're in position, chief. ",,si,
0x6E0F960,0x6E0F99E,62,ascii,He's wearing a black bike suit. \nBig guy.  You can't miss him.,,si,
0x6E0F9B0,0x6E0F9EE,62,ascii,"I told you, we got him.  Unless you\nwant us to wait for you?  ",,si,
0x6E0FA00,0x6E0FA1E,30,ascii,Watch it! This guy's no joke! ,,si,
0x6E37302,0x6E3730C,10,ascii,"W4Rc""bt!1u",si,,
0x6E59090,0x6E5909A,10,ascii,Let's go! ,si,,
0x6E590AC,0x6E590BE,18,ascii,Don't leave me!   ,,,
0x6E590D0,0x6E590EA,26,ascii,The doors are gonna close!,,si,
0x6E590FC,0x6E5911A,30,ascii,"You'll be fine, Chris.  Okay? ",,si,
0x6E5B313,0x6E5B31D,10,ascii,/AF4/ra.A ,,,
0x6E5BC46,0x6E5BC50,10,ascii,"""% b1. R?""",,,
0x6E5EF16,0x6E5EF21,11,ascii,"R!2CS3bBA""+",si,,
0x6E72D72,0x6E72D7D,11,ascii,BE2QEFEC!E2,,si,
0x6E78867,0x6E78871,10,ascii,Qe%DUVU3E&,si,,
0x6E7C0D0,0x6E7C106,54,ascii,He must've left the platform. \nDude just doesn't stop.,,si,
0x6E7C118,0x6E7C12A,18,ascii,"See his eyes, Ed? ",,si,
0x6E7C13C,0x6E7C16E,50,ascii,He didn't blink.  It's him.  Those\nare his eyes.  ,,si,
0x6E7C180,0x6E7C1B2,50,ascii,"Hey, it's Meryl.  This is Ed.  What's\nyour status?",,si,
0x6E7C1C4,0x6E7C1FE,58,ascii,"Chief, we've cornered him by a\nstore outside the station! ",,si,
0x6E7C210,0x6E7C22E,30,ascii,"Alright, we'll be right there!",,si,
0x6E7C240,0x6E7C25A,26,ascii,Damn! He's got a hostage! ,,,
0x6E7C284,0x6E7C29A,22,ascii,What happened? Meryl! ,,si,
0x6E7C2AC,0x6E7C2BE,18,ascii,Shit! Let's go!   ,,,
0x6E7DF92,0x6E7DF9E,12,ascii,"35""C4""""2CUF4",si,,
0x6E8A323,0x6E8A32D,10,ascii,VfFCTeBCC2,si,,
0x6E8A562,0x6E8A56C,10,ascii,ddA4C0OTE ,,,
0x6E8E232,0x6E8E23D,11,ascii,V4UeFEU3SF%,si,,
0x6EA8554,0x6EA855F,11,ascii,"""1""CUE4VSeE",si,,
0x6EAF8E3,0x6EAF8EF,12,ascii,1B3T3DD3431!,si,,
0x6EAF952,0x6EAF961,15,ascii,44! 2UE%CC33B!C,,,
0x6EAFA77,0x6EAFA81,10,ascii,"4""""1B222""2",si,,
0x6EAFBF7,0x6EAFC01,10,ascii,Td!/u4cBSB,si,,
0x6EB18A2,0x6EB18AC,10,ascii,"AB""2AETSC3",si,,
0x6EF4F15,0x6EF4F21,12,ascii,1cvdCtgwTgT3,si,,
0x6EF9888,0x6EF98A6,30,ascii,Chief! Dave's... Dave's....   ,,,
0x6EF98B8,0x6EF98CA,18,ascii,"Dear god, no....  ",,si,
0x6EFBA62,0x6EFBA70,14,ascii,eVUDTUUeDUTT4D,si,,
0x6EFBA72,0x6EFBA80,14,ascii,SEUE4CD3CTTDD4,si,,
0x6EFBA82,0x6EFBA90,14,ascii,DDUdE43D3C33DD,si,,
0x6EFBA92,0x6EFBAA0,14,ascii,E4DTUVUCDT4DD4,si,,
0x6EFBB72,0x6EFBB7D,11,ascii,STU44dddVCD,si,,
0x6EFBD76,0x6EFBD81,11,ascii,3s? 424A34+,,,
0x6F12B08,0x6F12B2A,34,ascii,Jonathan... chief....  He got me. ,,si,
0x6F12B3C,0x6F12B4A,14,ascii,I screwed up. ,,si,
0x6F12B5C,0x6F12B86,42,ascii,"So much for... going for\nnon-vitals, huh? ",,si,
0x6F12B98,0x6F12BBE,38,ascii,Yeah....  That doesn't work with\nhim. ,,si,
0x6F12BD0,0x6F12BEE,30,ascii,It's like... some bad dream.  ,,si,
0x6F12C00,0x6F12C2E,46,ascii,Guess I should've... worn that\nvest after all.,,si,
0x6F12C40,0x6F12C4E,14,ascii,Where'd he go?,si,si,
0x6F12C60,0x6F12C86,38,ascii,He dragged the hostage inside\nhere.   ,,si,
0x6F12C98,0x6F12CB2,26,ascii,He was carrying a bomb!   ,,si,
0x6F12CC4,0x6F12CE6,34,ascii,Jonathan... chief....  It's him.  ,,,
0x6F12CF8,0x6F12D1E,38,ascii,His shooting... the way he\nmoved....  ,,si,
0x6F12D30,0x6F12D3A,10,ascii,I knew it.,,si,
0x6F12D4C,0x6F12D66,26,ascii,Yeah.  Redwood... from AP.,,si,
0x6F12D78,0x6F12D9E,38,ascii,"Can't you do something for him,\nchief?",,si,
0x6F12DB0,0x6F12DC6,22,ascii,I wanted to go Home.  ,,si,
0x6F12DD8,0x6F12DF2,26,ascii,I wanted to... see Home.  ,,si,
0x6F12E04,0x6F12E0E,10,ascii,Dave....  ,,,
0x6F12E20,0x6F12E3E,30,ascii,"Meryl....  Meryl, you there?  ",,si,
0x6F12E50,0x6F12E62,18,ascii,"I'm here, Dave.   ",,si,
0x6F12E74,0x6F12EAA,54,ascii,There's something... I've been\nmeaning to tell you.   ,,si,
0x6F12EBC,0x6F12EFA,62,ascii,"Hamburgers... aren't my favorite\nthing in the world, you know.",,si,
0x6F12F0C,0x6F12F26,26,ascii,Never told anyone before. ,,si,
0x6F12F50,0x6F12F5E,14,ascii,"You, Meryl.   ",,si,
0x6F12F88,0x6F12FB2,42,ascii,I've always loved... the way you\nsmell.   ,,si,
0x6F12FC4,0x6F12FD6,18,ascii,The way I smell?  ,,si,
0x6F12FE8,0x6F13006,30,ascii,You smell like... the earth.  ,,si,
0x6F13018,0x6F1302E,22,ascii,I actually told you.  ,,si,
0x6F13040,0x6F1305E,30,ascii,At least... I'll die happy.   ,,si,
0x6F14D52,0x6F14D60,14,ascii,DTDTTTDU44CDTU,si,,
0x6F14D62,0x6F14D70,14,ascii,EDDDDDTUUeUTDD,si,,
0x6F14D82,0x6F14D90,14,ascii,UETTT5T4DdVUDD,si,,
0x6F14D92,0x6F14DA0,14,ascii,TEDTUETCDUDUDE,si,,
0x6F240F2,0x6F24100,14,ascii,"33EBoRBdS""ST3D",si,,
0x6F42374,0x6F4237E,10,ascii,10 D-D0 ?3,,,
0x6F438A6,0x6F438B0,10,ascii,"!pR53P""!A!",si,,
0x6F5D8B7,0x6F5D8C1,10,ascii, BecCUbTD%,,,
0x6F6FDF3,0x6F6FDFF,12,ascii," ""Tt4dVCC""R3",si,,
0x6F7A1B5,0x6F7A1C0,11,ascii,"0mR!Q11M2Q""",si,,
0x6F806B6,0x6F806C1,11,ascii,"UO3""""%1T?0,",si,,
0x6FA02F5,0x6FA02FF,10,ascii,"DAb""&BSoU3",si,,
0x6FA3A04,0x6FA3A0F,11,ascii,"!""TBQ""VTCdS",si,,
0x6FAD9E2,0x6FAD9EC,10,ascii,"2D""""?2N1P!",si,,
0x6FAE2C4,0x6FAE2D0,12,ascii,CbQbp2R1S SQ,,,
0x6FC5462,0x6FC5470,14,ascii,13SDC4DFU5DD3B,si,,
0x6FD4242,0x6FD424C,10,ascii,"LR/!41Q%""A",si,,
0x6FD5562,0x6FD556C,10,ascii,"""32""O!BA11",si,,
0x6FD6CB6,0x6FD6CC1,11,ascii,R2eC544&R!G,si,,
0x6FDCFB7,0x6FDCFC1,10,ascii,!!E&4!1E6:,si,,
0x6FE1935,0x6FE193F,10,ascii,0BBVEDTbU6,si,,
0x6FED3E2,0x6FED3ED,11,ascii,"B""!0/Q-!""1.",si,,
0x6FF2606,0x6FF2610,10,ascii,T.3A 1 0O ,,,
0x6FF6636,0x6FF6640,10,ascii,"%""2NQDoATB",si,,
0x7007542,0x700754C,10,ascii,5FD5eE5&S/,si,,
0x7021A52,0x7021A5F,13,ascii,%0CBT3DE6Tc5D,si,,
0x703D2E2,0x703D2EC,10,ascii,!O?POC?2M ,,,
0x7059695,0x70596A0,11,ascii,"""R!4R.cL412",si,,
0x705DCB4,0x705DCC0,12,ascii,2AR/!3TbEDeD,si,,
0x7067616,0x7067620,10,ascii,"2""133""""C43",si,,
0x7085A42,0x7085A4C,10,ascii,"""43L'?rq1E",si,,
0x70876C6,0x70876D0,10,ascii,TCe23aD5Ve,si,,
0x7091958,0x7091976,30,ascii,Motherfucking....  Let's go!  ,,,
0x70919A0,0x70919AA,10,ascii,Hell yeah!,,,
0x70919BC,0x70919CA,14,ascii,One... two....,,si,
0x70934F6,0x7093500,10,ascii,"!!""333434D",si,,
0x7093512,0x7093520,14,ascii,UUVfeeUeffefUU,si,,
0x7093522,0x7093530,14,ascii,UUUTEETDVTeUVe,si,,
0x70A0EB4,0x70A0EC0,12,ascii,1D4CUTUFEDD3,si,,
0x70A0F02,0x70A0F10,14,ascii,"!24""234C32222""",si,,
0x70A0F82,0x70A0F90,14,ascii,"TUE444CE""234""C",si,,
0x70A0FE2,0x70A0FF0,14,ascii,CUUTDD4CUUUfff,si,,
0x70A1072,0x70A1080,14,ascii,TT44TE3CUDD432,si,,
0x70A1122,0x70A1130,14,ascii,UFUUfeeEUET4DE,si,,
0x70A1142,0x70A1150,14,ascii,CEE5EEeEUUDTee,si,,
0x70A1152,0x70A1160,14,ascii,"eVUUEE4""434TED",si,,
0x70A11B2,0x70A11C0,14,ascii,CD3C3D3342DDUf,si,,
0x70A1242,0x70A1250,14,ascii,UDC3CEETTEEDDE,si,,
0x70A12E2,0x70A12F0,14,ascii,"2""""""3""""""33CC3D",si,,
0x70A12F2,0x70A1300,14,ascii,"3333""""32333D34",si,,
0x70A1452,0x70A145F,13,ascii,"TUeE43UE33""!""",si,,
0x70A1512,0x70A151F,13,ascii,"DDCD3""22TTC2""",si,,
0x70A1532,0x70A1540,14,ascii,UUTTDD4EUFTefU,si,,
0x70A1644,0x70A1650,12,ascii,23C3CSDDU43D,si,,
0x70A1682,0x70A1690,14,ascii,"2""3CTT33D3D4Te",si,,
0x70A1722,0x70A1731,15,ascii,"""""""""!""333323C3,",si,,
0x70A1742,0x70A1750,14,ascii,"DffeUEUTDD33""4",si,,
0x70A1806,0x70A1810,10,ascii,"""CD4Tfffff",si,,
0x70A1812,0x70A1821,15,ascii,"333343CD433232,",si,,
0x70A18D2,0x70A18E1,15,ascii,"DffefffUUFDTTU,",si,,
0x70A1966,0x70A1970,10,ascii,"""""""""CEEE34",si,,
0x70A19A2,0x70A19B1,15,ascii,"4CUfVffEDCDETU,",si,,
0x70A1A92,0x70A1A9C,10,ascii,"3""""33433""""",si,,
0x70A1B12,0x70A1B21,15,ascii,"EDBDDCEDEEDUUV,",si,,
0x70A1BC2,0x70A1BCF,13,ascii,"U53DTEDD4D""""""",si,,
0x70A5C92,0x70A5CA0,14,ascii,"433323D4C333""""",si,,
0x70A5CA2,0x70A5CB0,14,ascii,E4C3DTV4FUUDED,si,,
0x70A7732,0x70A773F,13,ascii,"43333233""""""""""",si,,
0x70AC406,0x70AC410,10,ascii,3U5BTf2CUS,si,,
0x70AE922,0x70AE930,14,ascii,"""3""3C33C4D343C",si,,
0x70AE972,0x70AE980,14,ascii,2CDD3CDD3344CC,si,,
0x70AEA62,0x70AEA70,14,ascii,TECDTEDDDTeE4T,si,,
0x70AEA72,0x70AEA80,14,ascii,eVUeVTdUEEfTTe,si,,
0x70AEA82,0x70AEA90,14,ascii,"D3""""3333333333",si,,
0x70AEAA2,0x70AEAB0,14,ascii,DTTUeffTCTUVVD,si,,
0x70AEAB2,0x70AEAC0,14,ascii,"DDTTD3EDD433B""",si,,
0x70AEB12,0x70AEB20,14,ascii,UE44DECDTETEF4,si,,
0x70AEB22,0x70AEB30,14,ascii,"""""33333333333C",si,,
0x70AEB32,0x70AEB40,14,ascii,UUeTUVUTTDTTUE,si,,
0x70AEB42,0x70AEB50,14,ascii,ETTUEUEDTVEDef,si,,
0x70AEB52,0x70AEB60,14,ascii,3C3233333333C3,si,,
0x70AEB62,0x70AEB70,14,ascii,C43333333D33C4,si,,
0x70AEB72,0x70AEB80,14,ascii,433333343333D3,si,,
0x70AEB82,0x70AEB90,14,ascii,33DD3D3334C333,si,,
0x70AEB92,0x70AEBA0,14,ascii,34C4C43CDD4233,si,,
0x70AEBA2,0x70AEBB0,14,ascii,UUVEUTVEDUeeef,si,,
0x70AEBB2,0x70AEBC0,14,ascii,UTDVFD4TUUTUUU,si,,
0x70AEC22,0x70AEC30,14,ascii,DD4CDD434DDDCC,si,,
0x70AEC52,0x70AEC60,14,ascii,dVUUUE55U5EDU4,si,,
0x70AEC62,0x70AEC70,14,ascii,D3433D4343234C,si,,
0x70AECE2,0x70AECF0,14,ascii,343DEDD4DDCT44,si,,
0x70AECF2,0x70AED00,14,ascii,C3TDDUTTTDDTCC,si,,
0x70AEDB5,0x70AEDC0,11,ascii,!B2333323ET,si,,
0x70AEDC2,0x70AEDD0,14,ascii,ECDDEUEUefffUT,si,,
0x70AEE62,0x70AEE70,14,ascii,EUTUdUTdVUUDdU,si,,
0x70AEE72,0x70AEE80,14,ascii,UEeUTDE4CCCC3C,si,,
0x70AEFC2,0x70AEFD0,14,ascii,DCDUU4DEC43333,si,,
0x70AF082,0x70AF090,14,ascii,"2B22""""2C4CC3C4",si,,
0x70AF092,0x70AF0A0,14,ascii,4333DDEUEUUUUE,si,,
0x70AF122,0x70AF130,14,ascii,333333333CD333,si,,
0x70AF142,0x70AF14D,11,ascii,TTD43C4D333,si,,
0x70AF1D2,0x70AF1E0,14,ascii,4DDDC43D43DDET,si,,
0x70AF1E2,0x70AF1F0,14,ascii,EDDD443B33CD42,si,,
0x70AF1F2,0x70AF200,14,ascii,DC5DDE33CTTD4C,si,,
0x70AF202,0x70AF210,14,ascii,D443CDTD3334D4,si,,
0x70AF2B2,0x70AF2C0,14,ascii,"""""2233333DD334",si,,
0x70AF362,0x70AF370,14,ascii,44333333333333,si,,
0x70AF372,0x70AF380,14,ascii,fffffffVVETTFU,si,,
0x70AF3E2,0x70AF3F0,14,ascii,UDTUCC3DT4D3CD,si,,
0x70AF3F2,0x70AF400,14,ascii,DDUUTUfUVEEeef,si,,
0x70AF402,0x70AF410,14,ascii,D4DD4DD33333DD,si,,
0x70AF432,0x70AF440,14,ascii,C3344DC4433D4D,si,,
0x70AF442,0x70AF450,14,ascii,433343333333C3,si,,
0x70B54B4,0x70B54BE,10,ascii,23BDTEUEE4,si,,
0x70B54C5,0x70B54D0,11,ascii,"""TffUEDUeDU",si,,
0x70B55E2,0x70B55F0,14,ascii,C3CD3433C33332,si,,
0x70B55F2,0x70B5600,14,ascii,"EdVVe4DDCTE4C""",si,,
0x70B5602,0x70B5610,14,ascii,"CTDTUUUUDDD""""2",si,,
0x70B5613,0x70B5620,13,ascii,!334S33D3DD35,si,,
0x70B5632,0x70B5640,14,ascii,"""""3EeeFTEETffV",si,,
0x70B5792,0x70B57A0,14,ascii,T334DD5DTUUDDD,si,,
0x70B57D2,0x70B57E0,14,ascii,"""33DDTC4DD3DUU",si,,
0x70B57E2,0x70B57F0,14,ascii,ETDCCDUeUDUTUE,si,,
0x70B5882,0x70B5890,14,ascii,ffETeU44D4DTUe,si,,
0x70B5942,0x70B5950,14,ascii,3SDDSUVVDUfDUU,si,,
0x70B5A72,0x70B5A80,14,ascii,eVfeUeUEDDfffe,si,,
0x70B5A92,0x70B5AA0,14,ascii,TFVVeVUDEUCEDU,si,,
0x70B5AF2,0x70B5B00,14,ascii,UUEETdUeUEDTVE,si,,
0x70B5B02,0x70B5B10,14,ascii,TUUDDedDUF4DT4,si,,
0x70B5B12,0x70B5B20,14,ascii,C43344TTEDDdVf,si,,
0x70B5C06,0x70B5C10,10,ascii,"!!""""C43233",si,,
0x70B5C12,0x70B5C20,14,ascii,33CDDTTECDD3UD,si,,
0x70B5C22,0x70B5C2C,10,ascii,"33C3333""""""",si,,
0x70B5DA2,0x70B5DB0,14,ascii,fDTUUUEE4DDUUE,si,,
0x70B5DE2,0x70B5DF0,14,ascii,C33BC34DDTE33D,si,,
0x70B5E62,0x70B5E70,14,ascii,E44TUVVUfUUfTe,si,,
0x70B5E82,0x70B5E90,14,ascii,UEEETTFUfVVUTD,si,,
0x70B5EA2,0x70B5EB0,14,ascii,3333C333D34D44,si,,
0x70B5EC2,0x70B5ED0,14,ascii,333CC33334C334,si,,
0x70B5F62,0x70B5F70,14,ascii,"3""3CCC43DTTD4D",si,,
0x70B5F72,0x70B5F80,14,ascii,DDCDDTTUUT5DUU,si,,
0x70B5F82,0x70B5F90,14,ascii,VUUeUfTTTVVeVU,si,,
0x70B5F92,0x70B5FA0,14,ascii,ETUeeefVUfUEUe,si,,
0x70B5FF2,0x70B6000,14,ascii,33C33D3CCDD3CC,si,,
0x70B6022,0x70B6030,14,ascii,EEETTEDDeffVF4,si,,
0x70B6032,0x70B6040,14,ascii,CCDDDE5CDCCEDD,si,,
0x70B6094,0x70B60A0,12,ascii,"!2""23CD""""234",si,,
0x70B60C2,0x70B60D0,14,ascii,"3223""333CCC3CD",si,,
0x70B60D2,0x70B60E0,14,ascii,D44CTUEDEEED4D,si,,
0x70B60E2,0x70B60F0,14,ascii,DDEDD4DDTeVeVe,si,,
0x70B6112,0x70B6120,14,ascii,33333333D33333,si,,
0x70B6122,0x70B6130,14,ascii,fefffUVVUEEEUU,si,,
0x70B6132,0x70B6140,14,ascii,EUUD33DDTDDEDD,si,,
0x70B6142,0x70B6150,14,ascii,DTDUTTC3CDTVUU,si,,
0x70B6172,0x70B6180,14,ascii,3444DUDCDTEDDD,si,,
0x70B6192,0x70B61A0,14,ascii,C32TCCCC33C3CC,si,,
0x70B6202,0x70B6210,14,ascii,DDTDUeeVEeUUUE,si,,
0x70B6212,0x70B6220,14,ascii,5EETDUVefeeTTE,si,,
0x70B6222,0x70B6230,14,ascii,ETUETVUfffeUVU,si,,
0x70B6242,0x70B6250,14,ascii,2233333333C433,si,,
0x70B6252,0x70B6260,14,ascii,3333C3C33333C4,si,,
0x70B6282,0x70B6290,14,ascii,TUTUUFeefUVVff,si,,
0x70B6292,0x70B62A0,14,ascii,ffefVUVVUUffUV,si,,
0x70B62A2,0x70B62B0,14,ascii,VTUEUUdUfUDUUU,si,,
0x70B62B2,0x70B62C0,14,ascii,"333C3433322""""""",si,,
0x70B62C2,0x70B62D0,14,ascii,D343DCCCD3D3DD,si,,
0x70B62F2,0x70B6300,14,ascii,4E444C4EDTUUUU,si,,
0x70B6322,0x70B6330,14,ascii,4D3233334CDDD2,si,,
0x70B6432,0x70B6440,14,ascii,3333C33DDDDeeV,si,,
0x70B6442,0x70B6450,14,ascii,VUD5UTVEUEDD54,si,,
0x70B6462,0x70B6470,14,ascii,UC4232SE4CDETf,si,,
0x70B6472,0x70B6480,14,ascii,"UUCT43132""33D3",si,,
0x70B6482,0x70B6490,14,ascii,243C33CDTETD33,si,,
0x70B6512,0x70B6520,14,ascii,"CDDD3""2DTUD4DD",si,,
0x70B6522,0x70B6530,14,ascii,3453DCCCUUdfUT,si,,
0x70B6532,0x70B6540,14,ascii,DCDDTD434DTUUU,si,,
0x70B6542,0x70B6550,14,ascii,UUUUUEUUEEUD3S,si,,
0x70B6552,0x70B6560,14,ascii,TEDTEUeUUTTDUV,si,,
0x70B6562,0x70B6570,14,ascii,333C3443333333,si,,
0x70B6572,0x70B6580,14,ascii,U4DD4DTefffVfU,si,,
0x70B6582,0x70B6590,14,ascii,fUVUEUTTTUETDT,si,,
0x70B6682,0x70B6690,14,ascii,feeUUUeUTUUUef,si,,
0x70B6692,0x70B66A0,14,ascii,effVeTTDEUefUE,si,,
0x70B66A2,0x70B66B0,14,ascii,UDCTDTUUDD4D33,si,,
0x70B6712,0x70B6720,14,ascii,DTDDDDTDDCDDSD,si,,
0x70B6732,0x70B6740,14,ascii,UUUUVeeeffVeff,si,,
0x70B6752,0x70B6760,14,ascii,C4C33433333333,si,,
0x70B6762,0x70B6770,14,ascii,UVeUFDDEDD4DTD,si,,
0x70B6772,0x70B6780,14,ascii,CDDTEDDD4UDD33,si,,
0x70B67E2,0x70B67F0,14,ascii,DDTTUTUUEC4D33,si,,
0x70B67F2,0x70B6800,14,ascii,"!""""332""333343D",si,,
0x70B6802,0x70B6810,14,ascii,D44D4433333333,si,,
0x70B6872,0x70B6880,14,ascii,DD4DCDD3TDDDDD,si,,
0x70B6882,0x70B6890,14,ascii,DDDDDUVEETE4EU,si,,
0x70B6892,0x70B68A0,14,ascii,33333C434C3443,si,,
0x70B68A2,0x70B68B0,14,ascii,33343333333333,si,,
0x70B68B2,0x70B68C0,14,ascii,feeUUeFVeEDDET,si,,
0x70B68C2,0x70B68D0,14,ascii,UUUUUVfTCDEDEV,si,,
0x70B68D2,0x70B68E0,14,ascii,33333333C43333,si,,
0x70B68E2,0x70B68F0,14,ascii,C333333334CDDD,si,,
0x70B68F2,0x70B6900,14,ascii,433343CCCDD333,si,,
0x70B6912,0x70B6920,14,ascii,UEfUTUVfU4ED4U,si,,
0x70B6922,0x70B6930,14,ascii,DE44CUTD43DD33,si,,
0x70B6932,0x70B6940,14,ascii,TD3STDD3DUEED4,si,,
0x70B6B32,0x70B6B40,14,ascii,SUEE43CDEDTUef,si,,
0x70B6B42,0x70B6B50,14,ascii,UVUUUUeDEUUFDD,si,,
0x70B6B52,0x70B6B60,14,ascii,VUVEEECDUUffUU,si,,
0x70B6B62,0x70B6B70,14,ascii,eFDDDDDEDFDUUe,si,,
0x70B6B72,0x70B6B80,14,ascii,VEDEDDDD3D3D4D,si,,
0x70B6B82,0x70B6B90,14,ascii,DCC3CCCDD444C3,si,,
0x70B6BE2,0x70B6BF0,14,ascii,D3DDDD44ED4D3C,si,,
0x70B6C02,0x70B6C10,14,ascii,EVeUUUVUUeEUUU,si,,
0x70B6C12,0x70B6C20,14,ascii,UDTDUUDDUUTVfV,si,,
0x70B6C52,0x70B6C60,14,ascii,DDDDCD4D3DDDC3,si,,
0x70B6C82,0x70B6C90,14,ascii,fefUTVdUUVUfeU,si,,
0x70B6CA2,0x70B6CB0,14,ascii,EUUeVEEEUUUUTU,si,,
0x70B6CB2,0x70B6CC0,14,ascii,DUUEVUffFUEUUE,si,,
0x70B6CC2,0x70B6CD0,14,ascii,TTTUTUVUEdeVUE,si,,
0x70B6CF2,0x70B6D00,14,ascii,C333C4C333CDD3,si,,
0x70B6D02,0x70B6D10,14,ascii,4DDCD444DCC3CC,si,,
0x70B6D62,0x70B6D70,14,ascii,34D33333333333,si,,
0x70B6D72,0x70B6D80,14,ascii,UUUUUVDDEeDCTE,si,,
0x70B6D82,0x70B6D90,14,ascii,DDC3STSCTEDD32,si,,
0x70B6DC2,0x70B6DD0,14,ascii,DTTUDEDTUUEDDD,si,,
0x70B6DD2,0x70B6DE0,14,ascii,23C3C333C33334,si,,
0x70B6E02,0x70B6E10,14,ascii,433333CD33D3C3,si,,
0x70B6E12,0x70B6E20,14,ascii,3433CC4D33C4C3,si,,
0x70B6E22,0x70B6E30,14,ascii,433333333C33C3,si,,
0x70B6E32,0x70B6E40,14,ascii,33333333C3DCC3,si,,
0x70B6E42,0x70B6E50,14,ascii,33333334C33333,si,,
0x70B6E52,0x70B6E60,14,ascii,C343333333333C,si,,
0x70B6E62,0x70B6E70,14,ascii,333333CC333333,si,,
0x70B6E82,0x70B6E90,14,ascii,"""2233D33333333",si,,
0x70B6E92,0x70B6EA0,14,ascii,eUUUETTEUFEDDU,si,,
0x70B6EB2,0x70B6EC0,14,ascii,UTEFUVUUUUDUUe,si,,
0x70B6EC2,0x70B6ED0,14,ascii,VUU4EUefVfUfff,si,,
0x70B6ED2,0x70B6EE0,14,ascii,efVVeVeDUETUDT,si,,
0x70B6EE2,0x70B6EF0,14,ascii,4TEUVfETTUETDU,si,,
0x70B6F62,0x70B6F70,14,ascii,CCC34DDTD3DCDD,si,,
0x70B6F72,0x70B6F80,14,ascii,43DTDDC4DEDEDT,si,,
0x70B6F82,0x70B6F90,14,ascii,UEVUTEDDD44334,si,,
0x70B6FA2,0x70B6FB0,14,ascii,DTDUEDD4TTETDd,si,,
0x70B6FB2,0x70B6FC0,14,ascii,EEUDeTUfffUVVe,si,,
0x70B7002,0x70B7010,14,ascii,EEDUFETEUUUfee,si,,
0x70B7012,0x70B7020,14,ascii,VUEDEUUVUUEeUT,si,,
0x70B7032,0x70B7040,14,ascii,3C44333333CC33,si,,
0x70B7042,0x70B7050,14,ascii,VETD5DUEDTDUUU,si,,
0x70B7052,0x70B7060,14,ascii,VeUUEVUVTEDC4T,si,,
0x70B70E6,0x70B70F0,10,ascii,!3C3!2DE33,si,,
0x70B70F2,0x70B70FD,11,ascii,CTEVUUD4333,si,,
0x70B7102,0x70B7110,14,ascii,"""""!42""43CDUEET",si,,
0x70B7C84,0x70B7C91,13,ascii,?bREE5P53%TU4,si,,
0x70B9FF6,0x70BA000,10,ascii,!322C33433,si,,
0x70BA0E2,0x70BA0F0,14,ascii,DUECDUUTUDDDTU,si,,
0x70BA1F5,0x70BA200,11,ascii,!1!33434DDD,si,,
0x70BA202,0x70BA20C,10,ascii,"233DCDD42""",si,,
0x70BA285,0x70BA290,11,ascii,"""!""""23CC33C",si,,
0x70BA762,0x70BA770,14,ascii,"4UF""BCCUUECDUE",si,,
0x70BA836,0x70BA840,10,ascii,13SUTUDDD4,si,,
0x70BA862,0x70BA870,14,ascii,feffeUDUUEDEED,si,,
0x70BAB32,0x70BAB40,14,ascii,eUDTEECCUDUTUe,si,,
0x70BAB52,0x70BAB60,14,ascii,VEDUUUTVFDU5Vf,si,,
0x70BAB82,0x70BAB90,14,ascii,CTUTfeUTUFD3TU,si,,
0x70BAB92,0x70BABA0,14,ascii,dfU4CCDD3UTBD3,si,,
0x70BAC52,0x70BAC60,14,ascii,UUVTVDCDTfVTVU,si,,
0x70BACB2,0x70BACC0,14,ascii,"DCD33""""""""""""333",si,,
0x70BACF2,0x70BAD00,14,ascii,3D4333343333D3,si,,
0x70BAD62,0x70BAD70,14,ascii,3D44D3C4BCTEET,si,,
0x70BAD72,0x70BAD80,14,ascii,EDTDETTUUeUD4S,si,,
0x70BAD82,0x70BAD90,14,ascii,"3333""""""233333C",si,,
0x70BAD92,0x70BADA0,14,ascii,3C33333D33D332,si,,
0x70BADA2,0x70BADB0,14,ascii,UEUUeeffefffff,si,,
0x70BADB2,0x70BADC0,14,ascii,33333334D4D43C,si,,
0x70BAE02,0x70BAE10,14,ascii,33333C33D43C43,si,,
0x70BAE12,0x70BAE20,14,ascii,CCD33333333333,si,,
0x70BAE22,0x70BAE30,14,ascii,ffVeVefUUeUUVV,si,,
0x70BAEA2,0x70BAEB0,14,ascii,DTEdCTUTTDTDTE,si,,
0x70BAEB2,0x70BAEC0,14,ascii,DTD4EDTS3DDDD4,si,,
0x70BAF12,0x70BAF20,14,ascii,44TDEUTVVUefeU,si,,
0x70BAF22,0x70BAF30,14,ascii,333333333334DC,si,,
0x70BAF92,0x70BAFA0,14,ascii,333233233CD433,si,,
0x70BAFA2,0x70BAFB0,14,ascii,U54443C4DTTUfV,si,,
0x70BB012,0x70BB020,14,ascii,DDCD433C3C3333,si,,
0x70BB022,0x70BB030,14,ascii,33344C4DDD4333,si,,
0x70BB062,0x70BB070,14,ascii,"433C3""2""3333DD",si,,
0x70BB082,0x70BB090,14,ascii,33333CC3333333,si,,
0x70BB0A2,0x70BB0B0,14,ascii,333333333333C3,si,,
0x70BB0B2,0x70BB0C0,14,ascii,343333333DDDDC,si,,
0x70BB0C2,0x70BB0D0,14,ascii,D333D434DD4CDC,si,,
0x70BB0D2,0x70BB0E0,14,ascii,VVEeeUTUVUefVV,si,,
0x70BB0F2,0x70BB100,14,ascii,DCCDCCDDETUUUT,si,,
0x70BB172,0x70BB180,14,ascii,"""!""333""""33""""""C",si,,
0x70BB232,0x70BB240,14,ascii,33333334DD4C33,si,,
0x70BB282,0x70BB290,14,ascii,"333333443""2333",si,,
0x70BB292,0x70BB2A0,14,ascii,ffeefeEUDDTUCT,si,,
0x70BB2C2,0x70BB2D0,14,ascii,UVE3334DTDC2CT,si,,
0x70BB2D2,0x70BB2E0,14,ascii,dUVEDDD3C3334D,si,,
0x70BB2E2,0x70BB2F0,14,ascii,"D53C433""""2312""",si,,
0x70BB302,0x70BB310,14,ascii,"2CDD323433""""""1",si,,
0x70BB312,0x70BB320,14,ascii,2CCCDDTDDETEDD,si,,
0x70BB322,0x70BB330,14,ascii,DDDUE445TD4EDD,si,,
0x70BB332,0x70BB340,14,ascii,TUEDCDCTTVUEDU,si,,
0x70BB342,0x70BB350,14,ascii,eUEDTEUDTEdTeV,si,,
0x70BB352,0x70BB360,14,ascii,VeVeVeeUeUeeUU,si,,
0x70BB362,0x70BB370,14,ascii,33333333344433,si,,
0x70BB372,0x70BB380,14,ascii,343333343CD433,si,,
0x70BB392,0x70BB3A0,14,ascii,TUUEUETUVETTEU,si,,
0x70BB3F2,0x70BB400,14,ascii,"""2333DDCD3323C",si,,
0x70BB402,0x70BB410,14,ascii,VfefVffUeTUfUV,si,,
0x70BB442,0x70BB450,14,ascii,34333333333333,si,,
0x70BB462,0x70BB470,14,ascii,eVFEDEDDETDDTT,si,,
0x70BB472,0x70BB480,14,ascii,"3DCT4D32C334""""",si,,
0x70BB4A2,0x70BB4B0,14,ascii,"""""""CC432233T43",si,,
0x70BB4E2,0x70BB4F0,14,ascii,fffEETEE4DDDUV,si,,
0x70BB572,0x70BB580,14,ascii,CDC333333D443C,si,,
0x70BB582,0x70BB590,14,ascii,ffUEUeTEUTTETT,si,,
0x70BB592,0x70BB5A0,14,ascii,UVVUTDDDTDDDEE,si,,
0x70BB5B5,0x70BB5C0,11,ascii,"""22C3333332",si,,
0x70BB5D2,0x70BB5E0,14,ascii,"334333343333""3",si,,
0x70BB5F2,0x70BB600,14,ascii,"3333C3333333""""",si,,
0x70BB612,0x70BB620,14,ascii,D3433D4C3DTC33,si,,
0x70BB682,0x70BB690,14,ascii,"""""23C3D34334C4",si,,
0x70BB742,0x70BB750,14,ascii,UVfUeUUUUUUUVU,si,,
0x70BB752,0x70BB760,14,ascii,TUVD33CCEETETU,si,,
0x70BB762,0x70BB770,14,ascii,UDD43C4434C433,si,,
0x70BB8B2,0x70BB8C0,14,ascii,4443333C333333,si,,
0x70BB8D2,0x70BB8E0,14,ascii,TUTUTDDESD4CDD,si,,
0x70BB8E2,0x70BB8F0,14,ascii,DUEDTTEDEUTUUU,si,,
0x70BB8F2,0x70BB900,14,ascii,ECC3DEUFdUUTUD,si,,
0x70BB902,0x70BB910,14,ascii,UeTUEDTDUETDUE,si,,
0x70BB912,0x70BB920,14,ascii,TUUEDDDDEUEDET,si,,
0x70BB922,0x70BB930,14,ascii,EECTUUVEeeeeeV,si,,
0x70BB932,0x70BB940,14,ascii,UTeUfUeUUeVeeV,si,,
0x70BB942,0x70BB950,14,ascii,UUUUTdFUUeeefV,si,,
0x70BB952,0x70BB960,14,ascii,eeVVUUETDTD4CC,si,,
0x70BB962,0x70BB970,14,ascii,DDUE4233CCDC33,si,,
0x70BBA22,0x70BBA30,14,ascii,4CDDDC33333333,si,,
0x70BBA32,0x70BBA40,14,ascii,ffEUTUEUUUUUVU,si,,
0x70BBA52,0x70BBA60,14,ascii,43DC4SC224D442,si,,
0x70BBA62,0x70BBA70,14,ascii,"2333333432""23""",si,,
0x70BBA82,0x70BBA90,14,ascii,"""3C2C3C34DTDDT",si,,
0x70BBA92,0x70BBAA0,14,ascii,DDDDDDCTDCDEVD,si,,
0x70BBAA2,0x70BBAB0,14,ascii,UTDDEefffUVVff,si,,
0x70BBAB2,0x70BBAC1,15,ascii,"3C34D3343D4433,",si,,
0x70BBAD2,0x70BBAE0,14,ascii,3333333333C4C4,si,,
0x70BBAE2,0x70BBAF0,14,ascii,43343333343332,si,,
0x70BBB02,0x70BBB10,14,ascii,TEEDDUC3DDUUUT,si,,
0x70BBB32,0x70BBB40,14,ascii,DED3CDDTEDEETE,si,,
0x70BBB42,0x70BBB50,14,ascii,EDEDTDEDUTeVUU,si,,
0x70BBB52,0x70BBB60,14,ascii,UTEUDEeUTVUTEe,si,,
0x70BBB72,0x70BBB80,14,ascii,44333233233333,si,,
0x70BBB82,0x70BBB90,14,ascii,3C33C3333C433C,si,,
0x70BBB92,0x70BBBA0,14,ascii,333333D4DCC433,si,,
0x70BBBA2,0x70BBBB0,14,ascii,333333433C3433,si,,
0x70BBBB2,0x70BBBC0,14,ascii,efVUUTDTeUEVEF,si,,
0x70BBBD2,0x70BBBDD,11,ascii,"C333322""333",si,,
0x70BBC72,0x70BBC80,14,ascii,3DETUEEEEUETUV,si,,
0x70BBC82,0x70BBC90,14,ascii,33333334C3C34C,si,,
0x70BBCE2,0x70BBCF0,14,ascii,DDDCC4333C3334,si,,
0x70BBCF2,0x70BBD00,14,ascii,33333333443333,si,,
0x70BBD02,0x70BBD10,14,ascii,4343333333334D,si,,
0x70BBD12,0x70BBD20,14,ascii,C4332334C33343,si,,
0x70BBD22,0x70BBD30,14,ascii,fETdfUEdVfdUUE,si,,
0x70BBD32,0x70BBD40,14,ascii,fffefeeeffVfVe,si,,
0x70BBD42,0x70BBD50,14,ascii,fEUUUUUeTeeffV,si,,
0x70BBD52,0x70BBD60,14,ascii,VeVeeUDTUEDD33,si,,
0x70BBD62,0x70BBD70,14,ascii,CTDUSEEE44D3C4,si,,
0x70BBD72,0x70BBD80,14,ascii,C4C323C3334DC3,si,,
0x70BBD82,0x70BBD90,14,ascii,CDUUUEDDDTTUTU,si,,
0x70BBD92,0x70BBDA0,14,ascii,UEUVDDDDTFTEET,si,,
0x70BBDB2,0x70BBDC0,14,ascii,fVUeeUefffeUED,si,,
0x70BBDC2,0x70BBDD0,14,ascii,33333233C3333D,si,,
0x70BBE52,0x70BBE60,14,ascii,33333333334333,si,,
0x70BBE62,0x70BBE70,14,ascii,VFTCTUdeedUUeE,si,,
0x70BBE82,0x70BBE90,14,ascii,DDDDEUUUUUUUUf,si,,
0x70BBE92,0x70BBEA0,14,ascii,UUUTUTUeEEUVVU,si,,
0x70BBEB2,0x70BBEC0,14,ascii,343333CC333233,si,,
0x70BBEC2,0x70BBED0,14,ascii,UU4TTUefUUUefe,si,,
0x70BBED2,0x70BBEE0,14,ascii,fUUffVVeVUeVee,si,,
0x70BBEE2,0x70BBEF0,14,ascii,eVeVUUUeUVfTUe,si,,
0x70BBEF2,0x70BBF00,14,ascii,UVfVeVeVUCUeVU,si,,
0x70BBF12,0x70BBF20,14,ascii,DDETDDTDEUeEUf,si,,
0x70BBF22,0x70BBF30,14,ascii,VeUUVUUEDDDDDD,si,,
0x70BBF32,0x70BBF40,14,ascii,CDCCCC3DTTETDE,si,,
0x70BBF72,0x70BBF80,14,ascii,"3323""""23342""22",si,,
0x70BBF82,0x70BBF90,14,ascii,"33""""""B33C4E4CD",si,,
0x70BBFB2,0x70BBFC0,14,ascii,CUTDCCD4TDDDTU,si,,
0x70BBFC2,0x70BBFD0,14,ascii,EUUdUT5UTffVDU,si,,
0x70BC002,0x70BC010,14,ascii,334C3432333323,si,,
0x70BC012,0x70BC020,14,ascii,C3333333333333,si,,
0x70BC022,0x70BC030,14,ascii,UVEEUETEDEDEE4,si,,
0x70BC072,0x70BC080,14,ascii,EDD4DDUUUTTEUU,si,,
0x70BC082,0x70BC090,14,ascii,TDDUefffEDEDUU,si,,
0x70BC092,0x70BC0A0,14,ascii,UfUffUfUeUVUUf,si,,
0x70BC0A2,0x70BC0B0,14,ascii,UUEUefVfeUEUdT,si,,
0x70BC0B2,0x70BC0C0,14,ascii,EEDDCCETD44D4D,si,,
0x70BC0C2,0x70BC0D0,14,ascii,EEEDD43SUUDDED,si,,
0x70BC0D2,0x70BC0E0,14,ascii,UUD4433D3CDDEU,si,,
0x70BC0E2,0x70BC0F0,14,ascii,eVUUUVVTeUEUUD,si,,
0x70BC0F2,0x70BC100,14,ascii,UUUeVUUFUD4ETT,si,,
0x70BC112,0x70BC120,14,ascii,TUUUeUVVffffVU,si,,
0x70BC122,0x70BC130,14,ascii,3333333333D333,si,,
0x70BC162,0x70BC170,14,ascii,3CC343DD4C3333,si,,
0x70BC182,0x70BC190,14,ascii,"DCD43333333""23",si,,
0x70BC192,0x70BC1A0,14,ascii,VVeVUTUUUD43CU,si,,
0x70BC212,0x70BC220,14,ascii,DDDDDCC3CEEDD3,si,,
0x70BC222,0x70BC230,14,ascii,3CD434SUTEEEeV,si,,
0x70BC2C2,0x70BC2D0,14,ascii,DCCUFeVUTUUeVU,si,,
0x70BC2D2,0x70BC2E0,14,ascii,232333C34DD34D,si,,
0x70BC312,0x70BC320,14,ascii,3C4333CD34CD4D,si,,
0x70BC332,0x70BC340,14,ascii,UDEDUECC4DDDTT,si,,
0x70BC342,0x70BC350,14,ascii,DCD3343C334233,si,,
0x70BC362,0x70BC370,14,ascii,D433TEEDDDTEDU,si,,
0x70BC372,0x70BC380,14,ascii,UVVVTeeeVVVVDe,si,,
0x70BC382,0x70BC390,14,ascii,33332333DCB334,si,,
0x70BC392,0x70BC3A0,14,ascii,333DC34DD44D33,si,,
0x70BC402,0x70BC410,14,ascii,4CDD3DC444333C,si,,
0x70BC412,0x70BC420,14,ascii,333333C3333333,si,,
0x70BC422,0x70BC430,14,ascii,UUUUeUUUUUE543,si,,
0x70BC492,0x70BC4A0,14,ascii,UD444332344CTD,si,,
0x70BC4C2,0x70BC4D0,14,ascii,3C333323333343,si,,
0x70BF562,0x70BF570,14,ascii,"""233D3CDDDD4C3",si,,
0x70BFBD2,0x70BFBE0,14,ascii,43D33334B23C34,si,,
0x70C1082,0x70C1090,14,ascii,333333334D44C4,si,,
0x70C1112,0x70C1120,14,ascii,33D33333CC3333,si,,
0x70C1122,0x70C1130,14,ascii,33343C3333332C,si,,
0x70C1132,0x70C1140,14,ascii,UTTEVVVVeUVfff,si,,
0x70C1152,0x70C1160,14,ascii,UdEE4C4CEDB4ED,si,,
0x70C1162,0x70C1170,14,ascii,TUDECD4DEDSEUD,si,,
0x70C1172,0x70C1180,14,ascii,CEDDTDCDDTTdFD,si,,
0x70C1192,0x70C11A0,14,ascii,C33CB3CSDE55DT,si,,
0x70C11A2,0x70C11B0,14,ascii,DDDTDUD5UTEE5D,si,,
0x70C11E2,0x70C11F0,14,ascii,C333332332C333,si,,
0x70C11F2,0x70C1200,14,ascii,ffUUffVUeVefVV,si,,
0x70C1212,0x70C1220,14,ascii,EVeVU4TDTTUEEE,si,,
0x70C1222,0x70C1230,14,ascii,"""""33""""""""""""CD33",si,,
0x70C1232,0x70C1240,14,ascii,"3""232332233CCC",si,,
0x70C13B2,0x70C13C0,14,ascii,D3334D433C3433,si,,
0x70C13C2,0x70C13D0,14,ascii,3C3443D4D334D4,si,,
0x70C13D2,0x70C13E0,14,ascii,3333443D333333,si,,
0x70C13F2,0x70C1400,14,ascii,CC33433C433333,si,,
0x70C1412,0x70C1420,14,ascii,4433C34D333333,si,,
0x70C1422,0x70C1430,14,ascii,3CCC3333333334,si,,
0x70C1452,0x70C1460,14,ascii,C3444343333333,si,,
0x70C1472,0x70C1480,14,ascii,UUTeUVUDTTUUUT,si,,
0x70C1482,0x70C1490,14,ascii,3323333333D33C,si,,
0x70C1492,0x70C14A0,14,ascii,333DC333333343,si,,
0x70C14A2,0x70C14B0,14,ascii,33333C23333333,si,,
0x70C14B2,0x70C14C0,14,ascii,333C333333C33C,si,,
0x70C14C2,0x70C14D0,14,ascii,eVUUUUVfVeVUfe,si,,
0x70C14D2,0x70C14E0,14,ascii,UeVTUUUeeVffVf,si,,
0x70C14E2,0x70C14F0,14,ascii,33DCC333C334D3,si,,
0x70C1502,0x70C1510,14,ascii,D333CD44333333,si,,
0x70C1522,0x70C1530,14,ascii,feVVTUUUUUEUEU,si,,
0x70C1542,0x70C1550,14,ascii,eUUEUDDTU4UUEU,si,,
0x70C1552,0x70C1560,14,ascii,UTTCTDUTEEDCTT,si,,
0x70C1562,0x70C1570,14,ascii,UUUUUTDEEDDTDD,si,,
0x70C1572,0x70C1580,14,ascii,DDUTDDFUeTEFDD,si,,
0x70C1582,0x70C1590,14,ascii,TTUTDDUUUVeUEe,si,,
0x70C1592,0x70C15A0,14,ascii,EVeUVVfUVVVDTT,si,,
0x70C15A2,0x70C15B0,14,ascii,DUSTEEDUefVeUV,si,,
0x70C15B2,0x70C15C0,14,ascii,3233333334CC33,si,,
0x70C1602,0x70C1610,14,ascii,D4C4C333333333,si,,
0x70C1612,0x70C1620,14,ascii,333C3C33333C33,si,,
0x70C1622,0x70C1630,14,ascii,33333333344333,si,,
0x70C1632,0x70C1640,14,ascii,UTTUUUUUUeeeVe,si,,
0x70C1642,0x70C1650,14,ascii,FUfEdUUUefVUVU,si,,
0x70C1652,0x70C1660,14,ascii,33233433333333,si,,
0x70C1662,0x70C1670,14,ascii,333C43333343C3,si,,
0x70C1672,0x70C1680,14,ascii,D4DD43D333333D,si,,
0x70C1702,0x70C1710,14,ascii,CC33333C333333,si,,
0x70C1712,0x70C1720,14,ascii,UVUUEeUVUVUefe,si,,
0x70C1722,0x70C1730,14,ascii,eVeffVVUfeeUfe,si,,
0x70C1732,0x70C1740,14,ascii,UeffVUeffUUUUf,si,,
0x70C1742,0x70C1750,14,ascii,334333C33333C4,si,,
0x70C1752,0x70C1760,14,ascii,3C33333333D343,si,,
0x70C17D2,0x70C17E0,14,ascii,C3433C44333333,si,,
0x70C17E2,0x70C17F0,14,ascii,VfeffUUUFEUUTD,si,,
0x70C17F2,0x70C1800,14,ascii,TDUDEDUDTSDDTT,si,,
0x70C1802,0x70C1810,14,ascii,EEDEUUETDTDDUD,si,,
0x70C1812,0x70C1820,14,ascii,EDDEDEDD4ETDDE,si,,
0x70C1822,0x70C1830,14,ascii,EUTUUEUUUUUTET,si,,
0x70C1832,0x70C1840,14,ascii,TUETUEUUDDDTVU,si,,
0x70C1842,0x70C1850,14,ascii,FETUUUUTDUUUTT,si,,
0x70C1852,0x70C1860,14,ascii,UUUTUTTDTTTDDT,si,,
0x70C1862,0x70C1870,14,ascii,DDCDTCDDUCDDD4,si,,
0x70C1872,0x70C1880,14,ascii,DSDEDEDCDD43DD,si,,
0x70C1882,0x70C1890,14,ascii,4DDDTDDDUEDDED,si,,
0x70C1892,0x70C18A0,14,ascii,D443B3D4CDD44E,si,,
0x70C18A2,0x70C18B0,14,ascii,D33DDDDCDD4DDD,si,,
0x70C18B2,0x70C18C0,14,ascii,4DE4D33CDD4D4C,si,,
0x70C1922,0x70C1930,14,ascii,D34C34DDT32333,si,,
0x70C1942,0x70C1950,14,ascii,33342232C24333,si,,
0x70C1972,0x70C1980,14,ascii,343DC3CCD4DDCD,si,,
0x70C1982,0x70C1990,14,ascii,DDDTD4DD4DD3DC,si,,
0x70C1992,0x70C19A0,14,ascii,D3343DC33C4D3D,si,,
0x70C19A2,0x70C19B0,14,ascii,C3C434DDDD3C32,si,,
0x70C1B44,0x70C1B50,12,ascii, !CDTT33TUVf,si,,
0x70C1B62,0x70C1B70,14,ascii,C33333333CC333,si,,
0x70C1C82,0x70C1C90,14,ascii,"fE3233CD3""""2CD",si,,
0x70C1CD2,0x70C1CE0,14,ascii,"ED333""""2DUDTTE",si,,
0x70C1CE2,0x70C1CF0,14,ascii,ffEDDTUVECeUeE,si,,
0x70C1D72,0x70C1D80,14,ascii,"TUE4C3DDUD3""""1",si,,
0x70C1F42,0x70C1F50,14,ascii,"""233CC3""3CTT33",si,,
0x70C1F62,0x70C1F70,14,ascii,2C3C4DDE4DCD43,si,,
0x70C1F72,0x70C1F80,14,ascii,"""3232233CCDCCD",si,,
0x70C1F82,0x70C1F90,14,ascii,"DDDDD33DDC""223",si,,
0x70C1FC2,0x70C1FD0,14,ascii,UUUDDDDD4333C4,si,,
0x70C1FD5,0x70C1FE0,11,ascii,33C444CEDUD,si,,
0x70C1FF2,0x70C2000,14,ascii,!23232D43C3233,si,,
0x70C60A0,0x70C60AE,14,ascii,Don't shoot!  ,,,
0x70C60C0,0x70C60CE,14,ascii,Where is he?! ,,si,
0x70C60E0,0x70C60F6,22,ascii,Please don't kill me! ,,,
0x70C6108,0x70C6126,30,ascii,"It's okay, we're the police.  ",,si,
0x70C6138,0x70C614E,22,ascii,"Oh, thank goodness!   ",,,
0x70C6160,0x70C6172,18,ascii,No sign of him.   ,,si,
0x70C83C4,0x70C83CF,11,ascii,"Rce3T3bU4""D",si,,
0x70E1AE4,0x70E1AF0,12,ascii,"1CCTeVfUU4""!",si,,
0x70E1BD2,0x70E1BE0,14,ascii,"""""""""""""""""223D44",si,,
0x70E1C22,0x70E1C30,14,ascii,"44333""""!!""""2""""",si,,
0x70E1C42,0x70E1C4E,12,ascii,"12""""""!""!!""!""",si,,
0x70E3EC2,0x70E3ED1,15,ascii,"UDUD44C4322453,",si,,
0x70E4232,0x70E4240,14,ascii,TECTCDUETUedeU,si,,
0x70E4252,0x70E4260,14,ascii,"DC44D443343""C2",si,,
0x70E42C2,0x70E42D0,14,ascii,VUUUEUTeVUefUf,si,,
0x70E4332,0x70E4340,14,ascii,eUUUeEC4DDTUTU,si,,
0x70E4342,0x70E4350,14,ascii,UEDCDTUVT3442T,si,,
0x70E4352,0x70E4360,14,ascii,UDTeEDEDUED4CD,si,,
0x70E4362,0x70E4370,14,ascii,DUdTDDTUU43CDC,si,,
0x70E4372,0x70E4380,14,ascii,4TUDTUUUVUTTDF,si,,
0x70E4392,0x70E43A0,14,ascii,3C3C4333CC433C,si,,
0x70E43E2,0x70E43F0,14,ascii,33DC3C33333C4D,si,,
0x70E4422,0x70E4430,14,ascii,DfeVETVUDETUED,si,,
0x70E4432,0x70E4440,14,ascii,3CCDTDDTTUffeE,si,,
0x70E4472,0x70E4480,14,ascii,"TTUVVUUTDDDC3""",si,,
0x70E4482,0x70E4490,14,ascii,"3CDD4C33C""""""""!",si,,
0x70E44F3,0x70E4500,13,ascii,"""""""""""233333D4",si,,
0x70E4622,0x70E4630,14,ascii,33DDD43332C233,si,,
0x70E4722,0x70E4730,14,ascii,C443333CC44333,si,,
0x70E4742,0x70E4750,14,ascii,SDDDDDDC4CD32C,si,,
0x70E4752,0x70E4760,14,ascii,4CDED4DDDDDCET,si,,
0x70E4762,0x70E4770,14,ascii,TTEDDUDDDDEDEE,si,,
0x70E4772,0x70E4780,14,ascii,DDD5DT4CDDDDCD,si,,
0x70E4782,0x70E4790,14,ascii,DDDDEDC4DTEDCD,si,,
0x70E4792,0x70E47A0,14,ascii,333C2C34332C33,si,,
0x70E47B2,0x70E47C0,14,ascii,ETDTTUEEUeDETE,si,,
0x70E47C2,0x70E47D0,14,ascii,TTUUTDUUUTUUUU,si,,
0x70E47D2,0x70E47E0,14,ascii,UdUUUUeUUeeVVU,si,,
0x70E47E2,0x70E47F0,14,ascii,efVeeUUeVUfUTF,si,,
0x70E47F2,0x70E4800,14,ascii,UUEDEVUVUUUUUe,si,,
0x70E4802,0x70E4810,14,ascii,UfVUeUUUUTTDDD,si,,
0x70E4812,0x70E4820,14,ascii,T5UED4UUdUUDDD,si,,
0x70E4822,0x70E4830,14,ascii,DTEDDDTDDTEUDU,si,,
0x70E4832,0x70E4840,14,ascii,UDETUUEETTVUTT,si,,
0x70E4842,0x70E4850,14,ascii,UTUDDDETUEETEC,si,,
0x70E4852,0x70E4860,14,ascii,DEDDCDTDTCDETT,si,,
0x70E4862,0x70E4870,14,ascii,TTUDDDCDUUEUUU,si,,
0x70E4872,0x70E4880,14,ascii,TUDTTUUDDETDET,si,,
0x70E4882,0x70E4890,14,ascii,DTDDDUUUDUEUUU,si,,
0x70E4892,0x70E48A0,14,ascii,EETTUTVUEUUEDE,si,,
0x70E48A2,0x70E48B0,14,ascii,DEUTEDUDTUTTT5,si,,
0x70E48B2,0x70E48C0,14,ascii,UDDEDDEUUDUUEE,si,,
0x70E48C2,0x70E48D0,14,ascii,DDEEEDCDDC3CD4,si,,
0x70E48D2,0x70E48E0,14,ascii,DD4DDCDDDDDDDE,si,,
0x70E48F2,0x70E4900,14,ascii,D33CCDD4434D44,si,,
0x70E4902,0x70E4910,14,ascii,3CSTCD4DD4DCCC,si,,
0x70E4912,0x70E4920,14,ascii,DCD3D4C43C4D43,si,,
0x70E4922,0x70E4930,14,ascii,D43DDC3DCCCDC4,si,,
0x70E4932,0x70E4940,14,ascii,34CDDEDTDDTTTT,si,,
0x70E4942,0x70E4950,14,ascii,eDDDDDUUTUUDDU,si,,
0x70E4952,0x70E4960,14,ascii,EUUUUddUUfeUeU,si,,
0x70E4962,0x70E4970,14,ascii,UeVeUUUUVUVUUV,si,,
0x70E4972,0x70E4980,14,ascii,eFVUUUUUEEUUUe,si,,
0x70E4982,0x70E4990,14,ascii,UUVEfVVUUeUUUe,si,,
0x70E4992,0x70E49A0,14,ascii,UUVeUUUeUVDUTU,si,,
0x70E49A2,0x70E49B0,14,ascii,DDDEDSEDTECDED,si,,
0x70E49B2,0x70E49C0,14,ascii,D4D44D44DDD4D3,si,,
0x70E49D2,0x70E49E0,14,ascii,CDTDDDDD4C344D,si,,
0x70E49E2,0x70E49F0,14,ascii,DCC33C444C3CD3,si,,
0x70E49F2,0x70E4A00,14,ascii,C34DDDC3D3D444,si,,
0x70E4A02,0x70E4A10,14,ascii,DD4CDDDDD44CED,si,,
0x70E4A12,0x70E4A20,14,ascii,4CDDDC4CCCDTED,si,,
0x70E4A22,0x70E4A30,14,ascii,UEEDEEEEUUeUTE,si,,
0x70E4A32,0x70E4A40,14,ascii,fUUUUeUUDEETeV,si,,
0x70E4A42,0x70E4A50,14,ascii,TUUUeVeVEVUeUU,si,,
0x70E4A52,0x70E4A60,14,ascii,feVUUEUdUeeDUU,si,,
0x70E4A72,0x70E4A80,14,ascii,FEeUUVVUUTVVUU,si,,
0x70E4A82,0x70E4A90,14,ascii,UUUVUVVUVVVUTV,si,,
0x70E4A92,0x70E4AA0,14,ascii,VVUUTUUTEEUTUU,si,,
0x70E4AA2,0x70E4AB0,14,ascii,EEUUEUETETUUVU,si,,
0x70E4AB2,0x70E4AC0,14,ascii,UUUUUEDETETDUE,si,,
0x70E4AC2,0x70E4AD0,14,ascii,TUEEDDUTDTDDUT,si,,
0x70E4AD2,0x70E4AE0,14,ascii,UDTUUUETUUUeVU,si,,
0x70E4AE2,0x70E4AF0,14,ascii,UUUUUDTUTEUTTT,si,,
0x70E4AF2,0x70E4B00,14,ascii,332333333C4DD4,si,,
0x70E4B12,0x70E4B20,14,ascii,3333333333333C,si,,
0x70E4B22,0x70E4B30,14,ascii,33D3333C44CCDD,si,,
0x70E4B52,0x70E4B60,14,ascii,43333333CD3333,si,,
0x70E4B72,0x70E4B80,14,ascii,3333333C343333,si,,
0x70E4B82,0x70E4B90,14,ascii,33333433333333,si,,
0x70E4BA2,0x70E4BB0,14,ascii,UEUTVUUVUUUEeU,si,,
0x70E4BC2,0x70E4BD0,14,ascii,3333333333C3DD,si,,
0x70E4C12,0x70E4C20,14,ascii,3343334CC44D4D,si,,
0x70E4C32,0x70E4C40,14,ascii,334DC333CCCC43,si,,
0x70E4C42,0x70E4C50,14,ascii,33C333CDDDD3CD,si,,
0x70E4C52,0x70E4C60,14,ascii,4434333333CDD3,si,,
0x70E4C62,0x70E4C70,14,ascii,33434433CCC333,si,,
0x70E4C72,0x70E4C80,14,ascii,3C344CCDC333C3,si,,
0x70E4C82,0x70E4C90,14,ascii,4333D3333333CC,si,,
0x70E4C92,0x70E4CA0,14,ascii,33333333443333,si,,
0x70E4CA2,0x70E4CB0,14,ascii,33333333C33CCC,si,,
0x70E4CB2,0x70E4CC0,14,ascii,DD33CDDD33CCD3,si,,
0x70E4CC2,0x70E4CD0,14,ascii,34C3DDC3DDCDC3,si,,
0x70E4CD2,0x70E4CE0,14,ascii,44D43D33C3D4D3,si,,
0x70E4CF2,0x70E4D00,14,ascii,333D3344333333,si,,
0x70E4D02,0x70E4D10,14,ascii,VUfVfVeeUeUVFe,si,,
0x70E4D12,0x70E4D20,14,ascii,3333333333C3C3,si,,
0x70E4D22,0x70E4D30,14,ascii,3C3CC3C3C3C333,si,,
0x70E4D32,0x70E4D40,14,ascii,23333334333333,si,,
0x70E4D42,0x70E4D50,14,ascii,VUVVeeeefeeeff,si,,
0x70E4D52,0x70E4D60,14,ascii,3333C333C44333,si,,
0x70E4D62,0x70E4D70,14,ascii,feVVfffUVeeeVf,si,,
0x70E4D72,0x70E4D80,14,ascii,3333C343333333,si,,
0x70E4D82,0x70E4D90,14,ascii,UEVeVffUeUUUVe,si,,
0x70E4D92,0x70E4DA0,14,ascii,fUTVVUVeeUVUUe,si,,
0x70E4DA2,0x70E4DB0,14,ascii,TUTEUeVUVEVeUU,si,,
0x70E4DB2,0x70E4DC0,14,ascii,fUUUeVUUVUEUUT,si,,
0x70E4DC2,0x70E4DD0,14,ascii,DEETUDUTUDDTEE,si,,
0x70E4DD2,0x70E4DE0,14,ascii,UUTTTEDDDDEDE4,si,,
0x70E4DE2,0x70E4DF0,14,ascii,4DTDDUEDDTTUDE,si,,
0x70E4DF2,0x70E4E00,14,ascii,UEFUEUDUUUUEDD,si,,
0x70E4E02,0x70E4E10,14,ascii,UED4TDDEDDDDED,si,,
0x70E4E12,0x70E4E20,14,ascii,D4DTE5EDTTEUeV,si,,
0x70E4E22,0x70E4E30,14,ascii,VUTfUeeeUUUVUV,si,,
0x70E4E32,0x70E4E40,14,ascii,eUUUUfVVVUVfff,si,,
0x70E4E52,0x70E4E60,14,ascii,eeVVVUVefVeUVV,si,,
0x70E4E62,0x70E4E70,14,ascii,4D3333C3444CDD,si,,
0x70E4E72,0x70E4E80,14,ascii,C4333344CDDD4D,si,,
0x70E4E82,0x70E4E90,14,ascii,3D4D34C3333333,si,,
0x70E4E92,0x70E4EA0,14,ascii,3333333333C333,si,,
0x70E4EA2,0x70E4EB0,14,ascii,UefUefTEVUUeUU,si,,
0x70E4EB2,0x70E4EC0,14,ascii,323C3333333333,si,,
0x70E4EC2,0x70E4ED0,14,ascii,fVVUVfffeeVefe,si,,
0x70E4ED2,0x70E4EE0,14,ascii,DFUeUUFTTeUfTV,si,,
0x70E4EE2,0x70E4EF0,14,ascii,UeUUEEdTTUUTTU,si,,
0x70E4EF2,0x70E4F00,14,ascii,EUVeVUeVeeUfVU,si,,
0x70E4F02,0x70E4F10,14,ascii,eUEEUVeUVVfffe,si,,
0x70E4F32,0x70E4F40,14,ascii,3433333343DD44,si,,
0x70E4F62,0x70E4F70,14,ascii,C3333CCC334333,si,,
0x70E4F72,0x70E4F80,14,ascii,C44C3333323333,si,,
0x70E4F82,0x70E4F90,14,ascii,UUUUUUeedVVeUf,si,,
0x70E4F92,0x70E4FA0,14,ascii,VUUeVVUEVUTUET,si,,
0x70E4FA2,0x70E4FB0,14,ascii,EEEUEeEDUUUUTU,si,,
0x70E4FB2,0x70E4FC0,14,ascii,UTUTDEEDUDUTUV,si,,
0x70E4FC2,0x70E4FD0,14,ascii,DEEDSDDECUCTUU,si,,
0x70E4FD2,0x70E4FE0,14,ascii,UUUEDUETEUDU4E,si,,
0x70E4FE2,0x70E4FF0,14,ascii,DEUDUUUUUUUUVV,si,,
0x70E4FF2,0x70E5000,14,ascii,UUeffVVVUeVVfU,si,,
0x70E5002,0x70E5010,14,ascii,VUeFeVVfefVeUV,si,,
0x70E5012,0x70E5020,14,ascii,3343334D3CC333,si,,
0x70E5022,0x70E5030,14,ascii,33CD4443C33333,si,,
0x70E5032,0x70E5040,14,ascii,3334333333C333,si,,
0x70E5042,0x70E5050,14,ascii,ffVeeUVeVUUUff,si,,
0x70E5052,0x70E5060,14,ascii,fVfUVEUUUUUUUU,si,,
0x70E5062,0x70E5070,14,ascii,UeeffVUUVeUEUE,si,,
0x70E5072,0x70E5080,14,ascii,TUEUDEUUUUTEUE,si,,
0x70E5082,0x70E5090,14,ascii,TTEDUETEDTEEDT,si,,
0x70E5092,0x70E50A0,14,ascii,5DDDUDDDDEDCDD,si,,
0x70E50A2,0x70E50B0,14,ascii,CDDDCDD4EDDEED,si,,
0x70E50B2,0x70E50C0,14,ascii,D4DETTUTEUEUUT,si,,
0x70E50C2,0x70E50D0,14,ascii,ETUUETTDEDUUDU,si,,
0x70E50D2,0x70E50E0,14,ascii,UTDDDTTEETDTDE,si,,
0x70E50E2,0x70E50F0,14,ascii,EEUTDUUDTDUEUD,si,,
0x70E50F2,0x70E5100,14,ascii,DTUEeTEDTUDDEE,si,,
0x70E5102,0x70E5110,14,ascii,EEDCTUUUTUTUTU,si,,
0x70E5112,0x70E5120,14,ascii,UUUEVUUUUUUFUE,si,,
0x70E5122,0x70E5130,14,ascii,DETTTTDDETEDUD,si,,
0x70E5132,0x70E5140,14,ascii,CDD4DDDDDC4EDT,si,,
0x70E5142,0x70E5150,14,ascii,UDTDCDDDTCDSDD,si,,
0x70E5152,0x70E5160,14,ascii,DUDTDDSCTDDTCD,si,,
0x70E5162,0x70E5170,14,ascii,T4DDDEDUED4DDD,si,,
0x70E5172,0x70E5180,14,ascii,D44DTDDC34DDC3,si,,
0x70E5182,0x70E5190,14,ascii,443CD4CD4TDDE4,si,,
0x70E5192,0x70E51A0,14,ascii,DTTDDDDDDD44DT,si,,
0x70E51A2,0x70E51B0,14,ascii,E44DD43DTCTDDD,si,,
0x70E51B2,0x70E51C0,14,ascii,DEET54TDEDEDDD,si,,
0x70E51C2,0x70E51D0,14,ascii,ETD4U4EDD4D4CC,si,,
0x70E51D2,0x70E51E0,14,ascii,DC3DDCDDECTDDT,si,,
0x70E51E2,0x70E51F0,14,ascii,DDDEDDEUDEETDD,si,,
0x70E51F2,0x70E5200,14,ascii,EDDCDUTUEEUEEE,si,,
0x70E5202,0x70E5210,14,ascii,UDETdUUEETEEUT,si,,
0x70E5212,0x70E5220,14,ascii,UTUUUUUTUUUEeU,si,,
0x70E5222,0x70E5230,14,ascii,EUfTETETDUETDU,si,,
0x70E5232,0x70E5240,14,ascii,UTUUUUVUUeEUUU,si,,
0x70E5242,0x70E5250,14,ascii,UUVVUeeUUeeUUf,si,,
0x70E5252,0x70E5260,14,ascii,VVVTUUeeUUUVef,si,,
0x70E5262,0x70E5270,14,ascii,33D33333333343,si,,
0x70E5272,0x70E5280,14,ascii,CC33CC4C44C4C3,si,,
0x70E5282,0x70E5290,14,ascii,3DD4CDCDDCCCC4,si,,
0x70E5292,0x70E52A0,14,ascii,DC44CC33343333,si,,
0x70E52A2,0x70E52B0,14,ascii,33333433333D33,si,,
0x70E52B2,0x70E52C0,14,ascii,3C33334343334C,si,,
0x70E52C2,0x70E52D0,14,ascii,ffeeffeUeUVefe,si,,
0x70E52D2,0x70E52E0,14,ascii,33333433333333,si,,
0x70E52E2,0x70E52F0,14,ascii,"334333""3322333",si,,
0x70E52F2,0x70E5300,14,ascii,fUVUfUfUfeeffe,si,,
0x70E5302,0x70E5310,14,ascii,3333C434CCDCDD,si,,
0x70E5322,0x70E5330,14,ascii,CC344C3C34CCD4,si,,
0x70E5352,0x70E5360,14,ascii,D3C4D3DCDCDD4C,si,,
0x70E5362,0x70E5370,14,ascii,C3CD433CDD3CC4,si,,
0x70E5372,0x70E5380,14,ascii,fefUUUfUUUUVeD,si,,
0x70E5382,0x70E5390,14,ascii,UEUETeUDUEEEU4,si,,
0x70E5392,0x70E53A0,14,ascii,TCDDD4CDSTDE4D,si,,
0x70E53A2,0x70E53B0,14,ascii,ETDDDCDTTUUTTU,si,,
0x70E53B2,0x70E53C0,14,ascii,UDDUVUETDTTDSD,si,,
0x70E53C2,0x70E53D0,14,ascii,D34CC33D3DC4DD,si,,
0x70E53D2,0x70E53E0,14,ascii,TUDCDEETTTTUDD,si,,
0x70E53E2,0x70E53F0,14,ascii,EDDDTTEDDTDUTT,si,,
0x70E53F2,0x70E5400,14,ascii,EDDTUDCDTDeEFU,si,,
0x70E5402,0x70E5410,14,ascii,UUUVEUeVVUETFU,si,,
0x70E5412,0x70E5420,14,ascii,TUEDUeeUUEEUVe,si,,
0x70E5422,0x70E5430,14,ascii,TeDTVETUEfUUUU,si,,
0x70E5432,0x70E5440,14,ascii,UVeVfTUUeVVFff,si,,
0x70E5442,0x70E5450,14,ascii,eEVDUUUUEDUUUU,si,,
0x70E5452,0x70E5460,14,ascii,TTUEETEDDUTSCD,si,,
0x70E5462,0x70E5470,14,ascii,TDDDDDDDDD4D4D,si,,
0x70E5472,0x70E5480,14,ascii,EDCDDDD453DDDC,si,,
0x70E5482,0x70E5490,14,ascii,D334DC3DCDDDDC,si,,
0x70E5492,0x70E54A0,14,ascii,"4DDD33CD3C3""23",si,,
0x70E54C2,0x70E54D0,14,ascii,3BD2332CC23333,si,,
0x70E54D2,0x70E54E0,14,ascii,4344CC34433343,si,,
0x70E5502,0x70E5510,14,ascii,4C334DE4DDCES4,si,,
0x70E5522,0x70E5530,14,ascii,EDDD443DC444CC,si,,
0x70E5542,0x70E5550,14,ascii,43CCCD3333D333,si,,
0x70E5552,0x70E5560,14,ascii,233D33334D3333,si,,
0x70E55A2,0x70E55B0,14,ascii,"3""3C34433CD443",si,,
0x70E55B2,0x70E55C0,14,ascii,34CDCC33DCC33D,si,,
0x70E55D2,0x70E55E0,14,ascii,TDDDDDD4DEEDDC,si,,
0x70E55E2,0x70E55F0,14,ascii,TEUSD5ED5D4DDU,si,,
0x70E55F2,0x70E5600,14,ascii,TUTETTETTTEUUE,si,,
0x70E5602,0x70E5610,14,ascii,DETUDEEDDEC4CD,si,,
0x70E5612,0x70E5620,14,ascii,3DDDDCCTDEUDUU,si,,
0x70E5622,0x70E5630,14,ascii,UEDUDUUUUTEUUD,si,,
0x70E5632,0x70E5640,14,ascii,DDEDETTDTUETUD,si,,
0x70E5642,0x70E5650,14,ascii,DEDDEUUTUUEVTT,si,,
0x70E5652,0x70E5660,14,ascii,efVUUVUUfUUUVT,si,,
0x70E5662,0x70E5670,14,ascii,333C3333333333,si,,
0x70E5672,0x70E5680,14,ascii,VVVUVeVeUEEUUd,si,,
0x70E5682,0x70E5690,14,ascii,UVVUeUUVUUUUVV,si,,
0x70E5692,0x70E56A0,14,ascii,dUUTeUUUUUdEEU,si,,
0x70E56A2,0x70E56B0,14,ascii,UeUUFUUVEVVUUe,si,,
0x70E56B2,0x70E56C0,14,ascii,UUEUEUEeUUTUTU,si,,
0x70E56C2,0x70E56D0,14,ascii,UTEDTUEUUTeeUU,si,,
0x70E56D2,0x70E56E0,14,ascii,TUVUUEUETUTDUU,si,,
0x70E56E2,0x70E56F0,14,ascii,UTUDTTUUTDUUEU,si,,
0x70E56F2,0x70E5700,14,ascii,EUEDTEUUUUUUEV,si,,
0x70E5702,0x70E5710,14,ascii,EVUVDTEUUETUee,si,,
0x70E5712,0x70E5720,14,ascii,efVUUeUVeFUeee,si,,
0x70E5722,0x70E5730,14,ascii,UUUUefUeUfVffU,si,,
0x70E5732,0x70E5740,14,ascii,33343333333333,si,,
0x70E5742,0x70E5750,14,ascii,3C3333CCCC33D3,si,,
0x70E5752,0x70E5760,14,ascii,3C33C3C333C333,si,,
0x70E5762,0x70E5770,14,ascii,44333333333333,si,,
0x70E5772,0x70E5780,14,ascii,34333C33333333,si,,
0x70E5782,0x70E5790,14,ascii,UUUeeffUUTEUUD,si,,
0x70E5792,0x70E57A0,14,ascii,EUDDUEETEUDDTD,si,,
0x70E57A2,0x70E57B0,14,ascii,TUDDTUDEDDTDT4,si,,
0x70E57B2,0x70E57C0,14,ascii,3D34DD34DDDD3D,si,,
0x70E57C2,0x70E57D0,14,ascii,DC4DDCDDEDBCC4,si,,
0x70E57D2,0x70E57E0,14,ascii,CDCCDC3DC334DC,si,,
0x70E57E2,0x70E57F0,14,ascii,CDDDCD4D44CD55,si,,
0x70E57F2,0x70E5800,14,ascii,TECETTTEUDEVUU,si,,
0x70E5802,0x70E5810,14,ascii,ETTTUUUTDTETUE,si,,
0x70E5812,0x70E5820,14,ascii,DEDUUDEUTUUVDD,si,,
0x70E5822,0x70E5830,14,ascii,EDUUUTDDDUUUUV,si,,
0x70E5832,0x70E5840,14,ascii,UUUUVEefUUUEUU,si,,
0x70E5842,0x70E5850,14,ascii,VUUVfUUfUVUUUU,si,,
0x70E5852,0x70E5860,14,ascii,EUEVEVTedUVEDU,si,,
0x70E5862,0x70E5870,14,ascii,UEUDEDETD4DTDT,si,,
0x70E5872,0x70E5880,14,ascii,EDCUDDDCTDTDDC,si,,
0x70E5882,0x70E5890,14,ascii,4T4D5CC3DDCD4D,si,,
0x70E5892,0x70E58A0,14,ascii,ED4D4DCC434CCD,si,,
0x70E58A2,0x70E58B0,14,ascii,333C44D3D33333,si,,
0x70E58F2,0x70E5900,14,ascii,CDDDD4CDDDCEE4,si,,
0x70E5902,0x70E5910,14,ascii,UDD5EEDDDTDDE4,si,,
0x70E5912,0x70E5920,14,ascii,TETUUUTUETETED,si,,
0x70E5922,0x70E5930,14,ascii,ETTDTTTEETUEUE,si,,
0x70E5932,0x70E5940,14,ascii,EESUTDDDTDTEDD,si,,
0x70E5942,0x70E5950,14,ascii,TDCDDDDEDDEDDC,si,,
0x70E5952,0x70E5960,14,ascii,DDDD34D4D4CDDC,si,,
0x70E5962,0x70E5970,14,ascii,EDCD4CDC3TTDDD,si,,
0x70E59A2,0x70E59B0,14,ascii,2C3333433C324C,si,,
0x70E59C2,0x70E59D0,14,ascii,DCCTDDCCDESDDD,si,,
0x70E59D2,0x70E59E0,14,ascii,TTEEUUDDDTUDET,si,,
0x70E59E2,0x70E59F0,14,ascii,DUUUTUUUeEUfUf,si,,
0x70E59F2,0x70E5A00,14,ascii,33333433C33333,si,,
0x70E5A02,0x70E5A10,14,ascii,333C3333333333,si,,
0x70E5A12,0x70E5A20,14,ascii,ffVVUUEVeUUUfV,si,,
0x70E5A22,0x70E5A30,14,ascii,TTUDTUdVTUUUUE,si,,
0x70E5A32,0x70E5A40,14,ascii,UUUUUTUUUFVUUU,si,,
0x70E5A42,0x70E5A50,14,ascii,eeVfVVVffUTUef,si,,
0x70E5A62,0x70E5A70,14,ascii,UeEVEUUUUUUVVU,si,,
0x70E5A72,0x70E5A80,14,ascii,VVUTVUeUTUUUTU,si,,
0x70E5A82,0x70E5A90,14,ascii,UUefeUUUUUUUUU,si,,
0x70E5A92,0x70E5AA0,14,ascii,UfVefffVVffVUe,si,,
0x70E5AA2,0x70E5AB0,14,ascii,3333333C333333,si,,
0x70E5AB2,0x70E5AC0,14,ascii,333333C3333343,si,,
0x70E5AC2,0x70E5AD0,14,ascii,efffffeUUVffff,si,,
0x70E5AD2,0x70E5AE0,14,ascii,33334333333333,si,,
0x70E5AE2,0x70E5AF0,14,ascii,33333433333333,si,,
0x70E5AF2,0x70E5B00,14,ascii,33433333333333,si,,
0x70E5B02,0x70E5B10,14,ascii,334333333333C3,si,,
0x70E5B12,0x70E5B20,14,ascii,C3333333333333,si,,
0x70E5B22,0x70E5B30,14,ascii,effefVUefeVfVU,si,,
0x70E5B32,0x70E5B40,14,ascii,33333334343433,si,,
0x70E5B42,0x70E5B50,14,ascii,34333C34333333,si,,
0x70E5B52,0x70E5B60,14,ascii,VUefffVdffffee,si,,
0x70E5B62,0x70E5B70,14,ascii,34333333333333,si,,
0x70E5B72,0x70E5B80,14,ascii,UVUeUVVVfUeeVU,si,,
0x70E5B82,0x70E5B90,14,ascii,UUeUeVeUefffff,si,,
0x70E5B92,0x70E5BA0,14,ascii,34333333333343,si,,
0x70E5BB2,0x70E5BC0,14,ascii,eeVVUUUVUefUeU,si,,
0x70E5BC2,0x70E5BD0,14,ascii,VUDEUUEUDTEDUe,si,,
0x70E5BD2,0x70E5BE0,14,ascii,eeeUUVVfUUffef,si,,
0x70E5BE2,0x70E5BF0,14,ascii,3333C333334433,si,,
0x70E5BF2,0x70E5C00,14,ascii,VUfUUeVeVUUUVV,si,,
0x70E5C02,0x70E5C10,14,ascii,eUUEfUUUeVEUUU,si,,
0x70E5C12,0x70E5C20,14,ascii,UVUeUUUUUUVUUV,si,,
0x70E5C22,0x70E5C30,14,ascii,eVfeUVTeeVeUUE,si,,
0x70E5C32,0x70E5C40,14,ascii,UefVffeeVeeVUV,si,,
0x70E5C42,0x70E5C50,14,ascii,UTVeVUVeefeeeU,si,,
0x70E5C52,0x70E5C60,14,ascii,UUTEDEDUTEDTTT,si,,
0x70E5C62,0x70E5C70,14,ascii,UUUTEUUTUDUUUe,si,,
0x70E5C72,0x70E5C80,14,ascii,TTTUUDD4CDED44,si,,
0x70E5C82,0x70E5C90,14,ascii,S3TD4C44DDECC3,si,,
0x70E5C92,0x70E5CA0,14,ascii,"CDDDCDDTD443""2",si,,
0x70E5CA2,0x70E5CB0,14,ascii,2323C3333DD343,si,,
0x70E5D02,0x70E5D10,14,ascii,33DCDCDEDCDDCS,si,,
0x70E5D12,0x70E5D20,14,ascii,DDEEDEDSTTTTDU,si,,
0x70E5D22,0x70E5D30,14,ascii,TTEU5UTUUUUVTT,si,,
0x70E5D32,0x70E5D40,14,ascii,TDETTUUUUUUUeU,si,,
0x70E5D42,0x70E5D50,14,ascii,UUVUUUVVUVVUUU,si,,
0x70E5D52,0x70E5D60,14,ascii,VUUUUTEUUUTUUT,si,,
0x70E5D62,0x70E5D70,14,ascii,DEEUEUEEDTDS4D,si,,
0x70E5D72,0x70E5D80,14,ascii,4DD4TSDD4D44DD,si,,
0x70E5D82,0x70E5D90,14,ascii,4443DCDDCEDDTE,si,,
0x70E5D92,0x70E5DA0,14,ascii,DD55DDDCEEDDDD,si,,
0x70E5DA2,0x70E5DB0,14,ascii,TDDDD4DDDDDCTD,si,,
0x70E5DB2,0x70E5DC0,14,ascii,EUUTTUTUUUEUUD,si,,
0x70E5DC2,0x70E5DD0,14,ascii,EEDEE4DTTDUUTU,si,,
0x70E5DD2,0x70E5DE0,14,ascii,efdUeVVfVeefVf,si,,
0x70E5DE2,0x70E5DF0,14,ascii,D333CDCCC3433D,si,,
0x70E5DF2,0x70E5E00,14,ascii,34333C3333CD33,si,,
0x70E5E02,0x70E5E10,14,ascii,3CC3333444C334,si,,
0x70E5E12,0x70E5E20,14,ascii,33C3344CC33D43,si,,
0x70E5E22,0x70E5E30,14,ascii,33333DD334C343,si,,
0x70E5E32,0x70E5E40,14,ascii,C3343C33334334,si,,
0x70E5E42,0x70E5E50,14,ascii,33334333333333,si,,
0x70E5E52,0x70E5E60,14,ascii,fUVUUUUTDUUUUD,si,,
0x70E5E62,0x70E5E70,14,ascii,UeUE4EEUDDDDDD,si,,
0x70E5E72,0x70E5E80,14,ascii,EDDD4E4DEDDETD,si,,
0x70E5E82,0x70E5E90,14,ascii,EDTFEETUTUUUUE,si,,
0x70E5E92,0x70E5EA0,14,ascii,TeUEUTDTDEEDT4,si,,
0x70E5EA2,0x70E5EB0,14,ascii,DDDD4DD4UDUVET,si,,
0x70E5EB2,0x70E5EC0,14,ascii,UEDUTFEUTUUUFU,si,,
0x70E5EC2,0x70E5ED0,14,ascii,UVffUUVeUeUUUf,si,,
0x70E5ED2,0x70E5EE0,14,ascii,33333333333443,si,,
0x70E5EE2,0x70E5EF0,14,ascii,3333CC33333333,si,,
0x70E5EF2,0x70E5F00,14,ascii,UUefffUffUVUUf,si,,
0x70E5F02,0x70E5F10,14,ascii,efUVFVeefeUfVf,si,,
0x70E5F12,0x70E5F20,14,ascii,VUUeTUUUUeefff,si,,
0x70E5F22,0x70E5F30,14,ascii,eUeUeVVUefTEUT,si,,
0x70E5F32,0x70E5F40,14,ascii,TUETDDEDDDTUTU,si,,
0x70E5F42,0x70E5F50,14,ascii,DETTTDTUEDCTDD,si,,
0x70E5F52,0x70E5F60,14,ascii,5EETTDDUTDEEET,si,,
0x70E5F62,0x70E5F70,14,ascii,EDDD4DUUDDTDTD,si,,
0x70E5F72,0x70E5F80,14,ascii,DD3DDDDDDTTEUE,si,,
0x70E5F82,0x70E5F90,14,ascii,DTEDTDUDUTTDDD,si,,
0x70E5F92,0x70E5FA0,14,ascii,ETEEUDUUETTDUU,si,,
0x70E5FA2,0x70E5FB0,14,ascii,TEEETETDEDUDEU,si,,
0x70E5FB2,0x70E5FC0,14,ascii,DDUTUDUDEDUUEE,si,,
0x70E5FC2,0x70E5FD0,14,ascii,T4DD4D3DDD4CCD,si,,
0x70E5FD2,0x70E5FE0,14,ascii,DDTDEDD4DDTDCC,si,,
0x70E5FE2,0x70E5FF0,14,ascii,DTC4C44CDCEDCS,si,,
0x70E5FF2,0x70E6000,14,ascii,DUDDDDEDDDDETE,si,,
0x70E6002,0x70E6010,14,ascii,EEDEDUU4C4DC4D,si,,
0x70E6012,0x70E6020,14,ascii,TTTDDDDDEEDDDC,si,,
0x70E6022,0x70E6030,14,ascii,DTDDDDTUDEUETE,si,,
0x70E6032,0x70E6040,14,ascii,ETUEUUUEDDDUDD,si,,
0x70E6042,0x70E6050,14,ascii,UFETDDUUFTUUTe,si,,
0x70E6052,0x70E6060,14,ascii,UDUEETTUUEUUeU,si,,
0x70E6062,0x70E6070,14,ascii,EEDDUTTFEEUUUT,si,,
0x70E6072,0x70E6080,14,ascii,TfUTUUUUEEFUDT,si,,
0x70E6082,0x70E6090,14,ascii,FeUUUUUeVTTUTT,si,,
0x70E6092,0x70E60A0,14,ascii,TDUUTEEDEeUUDD,si,,
0x70E60A2,0x70E60B0,14,ascii,TTUEDEDEUUEUTU,si,,
0x70E60B2,0x70E60C0,14,ascii,EDDD4DEDUEUDDU,si,,
0x70E60C2,0x70E60D0,14,ascii,UEEUUeeeUfVfUe,si,,
0x70E60D2,0x70E60E0,14,ascii,ffefUeffUUeUUU,si,,
0x70E60E2,0x70E60F0,14,ascii,VUeffeefTUUUTT,si,,
0x70E60F2,0x70E6100,14,ascii,VEVeefffUVffUf,si,,
0x70E6102,0x70E6110,14,ascii,3C3333333333CC,si,,
0x70E6112,0x70E6120,14,ascii,333333334333C3,si,,
0x70E6132,0x70E6140,14,ascii,DDDDD4DDDC4C33,si,,
0x70E6142,0x70E6150,14,ascii,3443CC4DDCC333,si,,
0x70E6152,0x70E6160,14,ascii,4D3DCDCD332333,si,,
0x70E6162,0x70E6170,14,ascii,C3C34333333333,si,,
0x70E6172,0x70E6180,14,ascii,4433C3C3333333,si,,
0x70E6192,0x70E61A0,14,ascii,33333333334333,si,,
0x70E61A2,0x70E61B0,14,ascii,344333C3C43333,si,,
0x70E61B2,0x70E61C0,14,ascii,3333334333433C,si,,
0x70E61C2,0x70E61D0,14,ascii,333433333C333D,si,,
0x70E61D2,0x70E61E0,14,ascii,334CCCCDCD4333,si,,
0x70E61E2,0x70E61F0,14,ascii,D333CC4C34DDD4,si,,
0x70E6232,0x70E6240,14,ascii,DDD44DD33C4CCD,si,,
0x70E6242,0x70E6250,14,ascii,43C44444333333,si,,
0x70E6252,0x70E6260,14,ascii,VeeUFUUTDUUUEU,si,,
0x70E6262,0x70E6270,14,ascii,UUeeUUTeVeVEUe,si,,
0x70E6272,0x70E6280,14,ascii,VVeUTfUUUUeUVT,si,,
0x70E6282,0x70E6290,14,ascii,UTEUUTDUUVTTDD,si,,
0x70E6292,0x70E62A0,14,ascii,TTEUETTCTUDTTT,si,,
0x70E62A2,0x70E62B0,14,ascii,UUEUUEEUTTUUVU,si,,
0x70E62B2,0x70E62C0,14,ascii,UUDUUUTUUUUUTU,si,,
0x70E62C2,0x70E62D0,14,ascii,EUfUeUVVfVfefe,si,,
0x70E62D2,0x70E62E0,14,ascii,33333333333334,si,,
0x70E62E2,0x70E62F0,14,ascii,333CC333333333,si,,
0x70E62F2,0x70E6300,14,ascii,3C3333334333CC,si,,
0x70E6302,0x70E6310,14,ascii,3433333334C333,si,,
0x70E6312,0x70E6320,14,ascii,33333C33333333,si,,
0x70E6322,0x70E6330,14,ascii,UdUUEEfVEDTDDD,si,,
0x70E6332,0x70E6340,14,ascii,DTDTEDDDDDDUET,si,,
0x70E6342,0x70E6350,14,ascii,DDDDEDDDDEUTD3,si,,
0x70E6352,0x70E6360,14,ascii,DDCC33C3D443D4,si,,
0x70E6392,0x70E63A0,14,ascii,434CDDDDCDCCCD,si,,
0x70E63A2,0x70E63B0,14,ascii,4C3CDDD43C5DD3,si,,
0x70E63B2,0x70E63C0,14,ascii,CC442C4CCD33TD,si,,
0x70E63C2,0x70E63D0,14,ascii,DC4344433TCSDD,si,,
0x70E63D2,0x70E63E0,14,ascii,UDDDD5CCDDDC43,si,,
0x70E63E2,0x70E63F0,14,ascii,DDDDC34DDDCC4C,si,,
0x70E6462,0x70E6470,14,ascii,333CCDCDDCDE43,si,,
0x70E6472,0x70E6480,14,ascii,CDDD4DTUDTTD5D,si,,
0x70E6482,0x70E6490,14,ascii,CEDEEDEDDUTTTE,si,,
0x70E6492,0x70E64A0,14,ascii,DUUeVEVUeUVUTE,si,,
0x70E64A2,0x70E64B0,14,ascii,EUFEEEUUVeUUVe,si,,
0x70E64B2,0x70E64C0,14,ascii,UUUUUUVUUeUUef,si,,
0x70E64C2,0x70E64D0,14,ascii,UEfVfefefeeeVU,si,,
0x70E64D2,0x70E64E0,14,ascii,UVVUVfffffVUVf,si,,
0x70E64E2,0x70E64F0,14,ascii,ffVVUUUUeTUEVV,si,,
0x70E64F2,0x70E6500,14,ascii,VeUUfffUUUUVfU,si,,
0x70E6502,0x70E6510,14,ascii,EUVUUDDDTETEDD,si,,
0x70E6522,0x70E6530,14,ascii,33333343333333,si,,
0x70E6532,0x70E6540,14,ascii,333333333CC3C3,si,,
0x70E6542,0x70E6550,14,ascii,34333333333333,si,,
0x70E6552,0x70E6560,14,ascii,ffVeVUUUUUfffe,si,,
0x70E6562,0x70E6570,14,ascii,333333C34C3333,si,,
0x70E6582,0x70E6590,14,ascii,eUETeEUedUEeED,si,,
0x70E6592,0x70E65A0,14,ascii,EeUVUEUeUUDUDE,si,,
0x70E65A2,0x70E65B0,14,ascii,4UTDEUETEUEDUU,si,,
0x70E65B2,0x70E65C0,14,ascii,UDUDEDUETUUVEU,si,,
0x70E65C2,0x70E65D0,14,ascii,UeEETEUTEETETd,si,,
0x70E65D2,0x70E65E0,14,ascii,eUdUETUUUEUUUU,si,,
0x70E65E2,0x70E65F0,14,ascii,UUUUVVUUUeEUUU,si,,
0x70E65F2,0x70E6600,14,ascii,EUUDUUUVeeEUef,si,,
0x70E6602,0x70E6610,14,ascii,eUVUUefUUUUUUV,si,,
0x70E6612,0x70E6620,14,ascii,UUUVEUfeUUUUfV,si,,
0x70E6622,0x70E6630,14,ascii,UUUVUVUUUUUEVf,si,,
0x70E6632,0x70E6640,14,ascii,UfVEUUUVUTUUfU,si,,
0x70E6642,0x70E6650,14,ascii,UUUUUVUTUTUeET,si,,
0x70E6652,0x70E6660,14,ascii,DUUDDCDDTETDDD,si,,
0x70E6662,0x70E6670,14,ascii,DUEDDCEDDDDD4E,si,,
0x70E6672,0x70E6680,14,ascii,DCCDCCDCDCDD4D,si,,
0x70E6682,0x70E6690,14,ascii,4DDDE43DDDCCCC,si,,
0x70E6692,0x70E66A0,14,ascii,DEDDDECEED43D3,si,,
0x70E66A2,0x70E66B0,14,ascii,DDDDDD4DDTEDdU,si,,
0x70E66B2,0x70E66C0,14,ascii,DUUTUTTETUTETT,si,,
0x70E66C2,0x70E66D0,14,ascii,UUTDDTUUEETUTU,si,,
0x70E66D2,0x70E66E0,14,ascii,UVUeUTUUUfffef,si,,
0x70E66E2,0x70E66F0,14,ascii,UUUVUFVUVeUVUV,si,,
0x70E66F2,0x70E6700,14,ascii,fUVfVfeefeVeVf,si,,
0x70E6702,0x70E6710,14,ascii,VVVefUVUUUUUfe,si,,
0x70E6712,0x70E6720,14,ascii,UdUVUdEFfVTEET,si,,
0x70E6722,0x70E6730,14,ascii,TTUDUEDEDDDUUE,si,,
0x70E6732,0x70E6740,14,ascii,DDDCTEDDCECEDD,si,,
0x70E6742,0x70E6750,14,ascii,DDDC2433DD44DD,si,,
0x70E6752,0x70E6760,14,ascii,CTDDCDC4DDC4CT,si,,
0x70E6762,0x70E6770,14,ascii,42CE4DDDDD4C33,si,,
0x70E67B2,0x70E67C0,14,ascii,ED4DUDUTUDUEEU,si,,
0x70E67C2,0x70E67D0,14,ascii,EUDTUUUUTDUUUU,si,,
0x70E67D2,0x70E67E0,14,ascii,UUUeUVUUffeeUe,si,,
0x70E67E2,0x70E67F0,14,ascii,333C4333C33343,si,,
0x70E67F2,0x70E6800,14,ascii,33333333334343,si,,
0x70E6802,0x70E6810,14,ascii,434C3333333333,si,,
0x70E6812,0x70E6820,14,ascii,VUVTDDTTETTTTT,si,,
0x70E6822,0x70E6830,14,ascii,DEDDDTTTTTUUTU,si,,
0x70E6832,0x70E6840,14,ascii,DEDDDDTUETED4D,si,,
0x70E6842,0x70E6850,14,ascii,SDDDDETD4EDSDE,si,,
0x70E6852,0x70E6860,14,ascii,EE44DDC3D34D43,si,,
0x70E6862,0x70E6870,14,ascii,CD4DDDDDT4DEDE,si,,
0x70E6872,0x70E6880,14,ascii,4EDD44ED4DEDUd,si,,
0x70E6882,0x70E6890,14,ascii,UUEEefffUeVVfV,si,,
0x70E68F2,0x70E6900,14,ascii,UUUUUDDDDDESDU,si,,
0x70E6902,0x70E690F,13,ascii,"EDEDDDD333""3""",si,,
0x70E6952,0x70E6960,14,ascii,2DDTDUDDCTUD4E,si,,
0x70E6962,0x70E6970,14,ascii,TdfVfUeffVEUfe,si,,
0x70E6A62,0x70E6A70,14,ascii,TUEUEUDTD54DDC,si,,
0x70E6A72,0x70E6A80,14,ascii,DDCTDTU3434D44,si,,
0x70E6AD2,0x70E6AE0,14,ascii,CCCCCDDC44DDTU,si,,
0x70E6AE2,0x70E6AF0,14,ascii,EUUTUDETT4DD44,si,,
0x70E6AF2,0x70E6B00,14,ascii,DDDDTUEDDUEVUE,si,,
0x70E6B02,0x70E6B10,14,ascii,443333CCC3ECDD,si,,
0x70E6B12,0x70E6B20,14,ascii,3TUEDCC4DD3CSe,si,,
0x70E6B22,0x70E6B30,14,ascii,TEUTETUUDeeUEE,si,,
0x70E6B32,0x70E6B40,14,ascii,TFTDDTTEDDEUde,si,,
0x70E6B42,0x70E6B50,14,ascii,DTeUeUTTDD4C33,si,,
0x70E6BD2,0x70E6BE0,14,ascii,"""3332DDED4E4C!",si,,
0x70E6BE2,0x70E6BF0,14,ascii,343CD2DD44DDUU,si,,
0x70E6BF2,0x70E6C00,14,ascii,EUDDDUEEDDDDTD,si,,
0x70E6C02,0x70E6C10,14,ascii,"TTD435344C33""2",si,,
0x70E6C12,0x70E6C20,14,ascii,CD3C3DDDDDDDDU,si,,
0x70E6C22,0x70E6C30,14,ascii,TTeEUEDTTEEUEE,si,,
0x70E6C32,0x70E6C40,14,ascii,TEEEETDETEDDUU,si,,
0x70E6C42,0x70E6C50,14,ascii,UUUTCDDEDDDD4D,si,,
0x70E6C82,0x70E6C90,14,ascii,33323CD553SDD4,si,,
0x70E6C92,0x70E6CA0,14,ascii,TUDDDDETUUU4CT,si,,
0x70E6D42,0x70E6D50,14,ascii,VDefU4DTUEDTED,si,,
0x70E6DB2,0x70E6DC0,14,ascii,3CCCDD4DD44DC3,si,,
0x70E6DD2,0x70E6DE0,14,ascii,DDCD4D33333333,si,,
0x70E6DE2,0x70E6DF0,14,ascii,34DDDCCDDC4333,si,,
0x70E6DF2,0x70E6E00,14,ascii,3CD333333C3333,si,,
0x70E6E02,0x70E6E10,14,ascii,UeUUVEUVEUVUTV,si,,
0x70E6E12,0x70E6E20,14,ascii,3333333344323C,si,,
0x70E6E42,0x70E6E50,14,ascii,"333C33333""3333",si,,
0x70E6E52,0x70E6E60,14,ascii,"33C3""2""2""""""""""""",si,,
0x70E6E62,0x70E6E70,14,ascii,UTUUfUEDCTDUET,si,,
0x70E6E72,0x70E6E80,14,ascii,DDUUUEDUEUUDD4,si,,
0x70E6E82,0x70E6E90,14,ascii,DCUDDDEDTUUUFE,si,,
0x70E6E92,0x70E6EA0,14,ascii,DDUCT4TD3CDeUE,si,,
0x70E6EB2,0x70E6EC0,14,ascii,DDD4D4CCCC434C,si,,
0x70ED412,0x70ED420,14,ascii,"43SB22""33C""DC""",si,,
0x70F0232,0x70F023C,10,ascii,"!""1433123""",si,,
0x70F4EF2,0x70F4EFF,13,ascii,DUDDD4CTeEE32,si,,
0x70F4FF2,0x70F5000,14,ascii,EUUTDTEUfffE33,si,,
0x70F5042,0x70F5050,14,ascii,E4TDDTUVEEUEDU,si,,
0x70F5062,0x70F5070,14,ascii,CUEEE3D332C4UU,si,,
0x70F5072,0x70F5080,14,ascii,"DUT32""""!""23""""""",si,,
0x70F50D2,0x70F50E0,14,ascii,eVUDUUEUED3CDT,si,,
0x70F50E2,0x70F50F1,15,ascii,"TTUUUUDDefE3""!,",si,,
0x70F5112,0x70F5120,14,ascii,"333334""""""""2333",si,,
0x70F5122,0x70F5130,14,ascii,"2""""""""DEC3CUUeU",si,,
0x70F5142,0x70F514C,10,ascii,"!""""2332CU6",si,,
0x70F5152,0x70F515F,13,ascii,"344CDDefVU3""2",si,,
0x70F5182,0x70F5190,14,ascii,ffEUDCUUDD4CTT,si,,
0x70F51A2,0x70F51B0,14,ascii,"3""2DC3323DEDEE",si,,
0x70F51B2,0x70F51BC,10,ascii,DUEDDD3343,si,,
0x70F52F5,0x70F5300,11,ascii,"1""3CCC3C333",si,,
0x70F5323,0x70F5330,13,ascii,"!""3DD333CD3""""",si,,
0x70FB0C0,0x70FB0CE,14,ascii,You work here?,,si,
0x70FB0E0,0x70FB0FA,26,ascii,"No, he dragged me in here.",,si,
0x70FB10C,0x70FB11A,14,ascii,Where'd he go?,si,si,
0x70FB12C,0x70FB13A,14,ascii,Out the back. ,,si,
0x70FB14C,0x70FB166,26,ascii,Out the back of the store?,,si,
0x70FB190,0x70FB1A2,18,ascii,Damn! Let's go!   ,,,
0x70FCC62,0x70FCC70,14,ascii,4D3DD4C34444D4,si,,
0x70FCC72,0x70FCC80,14,ascii,4CDDDDCCDDCC33,si,,
0x70FCC82,0x70FCC90,14,ascii,34CDDTDTD4DDDD,si,,
0x70FCCA2,0x70FCCB0,14,ascii,3DDD344DTDDTED,si,,
0x71004C4,0x71004CF,11,ascii,"1B%4""DCBSSD",si,,
0x71004D2,0x71004E0,14,ascii,2A3S6D!%45%DDC,si,,
0x71053C2,0x71053D0,14,ascii,V522eVDdCCEUDT,si,,
0x71054F2,0x7105500,14,ascii,"S2B4""df4CTdEDD",si,,
0x7105592,0x71055A0,14,ascii,"3CDC3""32333333",si,,
0x71056B4,0x71056C0,12,ascii,"!""ee4cVeEUD3",si,,
0x7105902,0x7105910,14,ascii,TUDD3CUVdDUeEE,si,,
0x710C332,0x710C340,14,ascii,RUVTDUDdUUUVDE,si,,
0x7112926,0x7112930,10,ascii,"B""30A""""RCP",si,,
0x71129A6,0x71129B1,11,ascii,"b!a!D!3CRA,",si,,
0x71180F2,0x7118100,14,ascii,"4D33""""""2""33""""2",si,,
0x7118102,0x7118110,14,ascii,"D33333""33""2333",si,,
0x7119E72,0x7119E80,14,ascii,DDDUUUEUTEUCEU,si,,
0x7119E82,0x7119E90,14,ascii,VDDTETDC4D43DD,si,,
0x7119E92,0x7119EA0,14,ascii,TDEC4CDCUUEeEU,si,,
0x7119EA2,0x7119EB0,14,ascii,TeeUUfUdF5CDff,si,,
0x7129396,0x71293A0,10,ascii,"!24!23!!""C",si,,
0x7129695,0x71296A0,11,ascii,!342D44BeUU,si,,
0x7129712,0x7129720,14,ascii,"43344""3333""3""2",si,,
0x7129722,0x7129730,14,ascii,U5343CCeV3SD34,si,,
0x7129762,0x7129770,14,ascii,C43TUDdVDTfEef,si,,
0x71298F2,0x7129900,14,ascii,333333D3323333,si,,
0x7129912,0x7129920,14,ascii,FCTTVFTDeFDD3C,si,,
0x7129942,0x7129951,15,ascii,"3""!22CDD""23DCD,",si,,
0x7129AA4,0x7129AB0,12,ascii,"""""334D3CDeUU",si,,
0x7129AB2,0x7129AC0,14,ascii,DTTDCEDTeVUUE4,si,,
0x7129AC2,0x7129AD0,14,ascii,"3""""CUUUV54CeED",si,,
0x7129B12,0x7129B20,14,ascii,UeUeUDTDEUDD4D,si,,
0x7129B75,0x7129B80,11,ascii,"""32233DTVTV",si,,
0x7129C02,0x7129C10,14,ascii,333CD333333334,si,,
0x7129C12,0x7129C20,14,ascii,"33""3333443333""",si,,
0x7129C82,0x7129C91,15,ascii,"CCD3D333333C4D,",si,,
0x7129CD2,0x7129CE0,14,ascii,UEU44D4DDUEUUV,si,,
0x7129D62,0x7129D70,14,ascii,"2D4""""C3TD3BDTV",si,,
0x7129D72,0x7129D80,14,ascii,eUECUUeUUTUEDe,si,,
0x7129D82,0x7129D90,14,ascii,EDVDTTEDEDCCCU,si,,
0x7129DA2,0x7129DB0,14,ascii,"""""333C33233333",si,,
0x7129DE2,0x7129DF0,14,ascii,"34333333333""""""",si,,
0x7129E22,0x7129E30,14,ascii,D4TDDUE4CUUUUT,si,,
0x7129E32,0x7129E40,14,ascii,DUDD34D43UEDD3,si,,
0x7129ED2,0x7129EE0,14,ascii,4DUUDUUeUffVff,si,,
0x7129F22,0x7129F30,14,ascii,VffUEDDDTTEUDD,si,,
0x7129F72,0x7129F80,14,ascii,"3333CD4333""233",si,,
0x7129F82,0x7129F90,14,ascii,3C33D443C33333,si,,
0x712A0E3,0x712A0F0,13,ascii,!C334TETD34De,si,,
0x712A172,0x712A180,14,ascii,"C323""""!""""""""!""3",si,,
0x712A3B4,0x712A3C0,12,ascii,2DDTFDTUDefU,si,,
0x712A572,0x712A580,14,ascii,"DD33323333""3""B",si,,
0x712D890,0x712D8A6,22,ascii,"Are you okay, ma'am?  ",,si,
0x712D8B8,0x712D8CA,18,ascii,"Yes, I think so.  ",,si,
0x712D8DC,0x712D8F2,22,ascii,You're not injured?   ,,si,
0x712D91C,0x712D94A,46,ascii,I was just grabbed outside all of a\nsudden.   ,,si,
0x712D95C,0x712D97E,34,ascii,"Alright, she's fine.  Let's move! ",,,
0x7131BD5,0x7131BE0,11,ascii,"""C""!23!""3""""",si,,
0x7131BF2,0x7131C00,14,ascii,VUVUUefEETEDTU,si,,
0x7131C02,0x7131C10,14,ascii,FTVUeUUFUUffUT,si,,
0x7131C12,0x7131C20,14,ascii,2332C4333CC333,si,,
0x7131C22,0x7131C30,14,ascii,efUeEfTUUdUfUU,si,,
0x7131C32,0x7131C40,14,ascii,UeVFDEDUUUDDD4,si,,
0x7134162,0x7134170,14,ascii,UVUTUUTf433STf,si,,
0x7134182,0x7134190,14,ascii,C33243D33443TE,si,,
0x7134192,0x71341A0,14,ascii,5EefVfU4SDD34D,si,,
0x71341B2,0x71341C0,14,ascii,33DefUDCCDUEUU,si,,
0x7134202,0x7134210,14,ascii,ffUffUUUVUeTUV,si,,
0x7134212,0x7134220,14,ascii,33333333433333,si,,
0x7134222,0x7134230,14,ascii,UffEUdTUUUUUVV,si,,
0x7134232,0x7134240,14,ascii,EDUUDUFUUTTUeU,si,,
0x7134242,0x7134250,14,ascii,EUUVVUUeUVdUfV,si,,
0x7134252,0x7134260,14,ascii,UfFVfUUUVUUUef,si,,
0x7134262,0x7134270,14,ascii,C33333333DCDDD,si,,
0x7134272,0x7134280,14,ascii,C3DC3333433434,si,,
0x71342E2,0x71342F0,14,ascii,44343443433333,si,,
0x71342F2,0x7134300,14,ascii,fUeeffUUUfVUVU,si,,
0x7134302,0x7134310,14,ascii,UFVefUFTETTDSD,si,,
0x7134312,0x7134320,14,ascii,EDUUTDDUEDDDDE,si,,
0x7134322,0x7134330,14,ascii,EDD4EDT3333443,si,,
0x7134362,0x7134370,14,ascii,34343C334DD424,si,,
0x7134392,0x71343A0,14,ascii,2CC44D3233S243,si,,
0x71343D2,0x71343E0,14,ascii,"""""""""""""""""""""!""""""",si,,
0x7134432,0x7134440,14,ascii,23CBC3C3333333,si,,
0x7134462,0x7134470,14,ascii,CC33C34C4343DD,si,,
0x7134472,0x7134480,14,ascii,DCED4D4CCD4DED,si,,
0x7134482,0x7134490,14,ascii,DDDDEEDTSDE3CC,si,,
0x7134492,0x71344A0,14,ascii,DDTDDTTEDDCTDD,si,,
0x71344A2,0x71344B0,14,ascii,DTEDDUUETUUTVU,si,,
0x71344B2,0x71344C0,14,ascii,EEUUUVUUeeUfee,si,,
0x71344C2,0x71344D0,14,ascii,VefUfUUdVUUUUf,si,,
0x71344D2,0x71344E0,14,ascii,UVfUfVeeUUefVV,si,,
0x71344E2,0x71344F0,14,ascii,333333333C4333,si,,
0x71344F2,0x7134500,14,ascii,33DC3C33DDCCDD,si,,
0x7134552,0x7134560,14,ascii,CDCDDCD444CCCD,si,,
0x7134562,0x7134570,14,ascii,4D4CD343333333,si,,
0x7134572,0x7134580,14,ascii,3333CC33333333,si,,
0x7134582,0x7134590,14,ascii,343333DD4CC3D3,si,,
0x7134592,0x71345A0,14,ascii,C4CDC3CD3DC33D,si,,
0x7134632,0x7134640,14,ascii,33C34434333C33,si,,
0x7134642,0x7134650,14,ascii,33343333433333,si,,
0x7134652,0x7134660,14,ascii,ffUUTUdUUUUEDT,si,,
0x7134662,0x7134670,14,ascii,UUTUTDDDCEeDDU,si,,
0x7134672,0x7134680,14,ascii,DEEEEEUDUTUTUT,si,,
0x7134682,0x7134690,14,ascii,UUEUDEUEUUUUUE,si,,
0x7134692,0x71346A0,14,ascii,UTTTEUUDUUUETT,si,,
0x71346A2,0x71346B0,14,ascii,33333333CC3333,si,,
0x71346B2,0x71346C0,14,ascii,C4C3333C33333C,si,,
0x71346C2,0x71346D0,14,ascii,333333333CD333,si,,
0x71346D2,0x71346E0,14,ascii,3444333333433C,si,,
0x71346F2,0x7134700,14,ascii,UDTDUEUUUUTEDC,si,,
0x7134702,0x7134710,14,ascii,TTEEDDTCDEEDDC,si,,
0x7134752,0x7134760,14,ascii,"!""D3343334C443",si,,
0x7134772,0x7134780,14,ascii,3D4CDD5443C343,si,,
0x7134782,0x7134790,14,ascii,34D4DT4DC3DDD3,si,,
0x7134792,0x71347A0,14,ascii,C4DCC3334DDTEE,si,,
0x71347A2,0x71347B0,14,ascii,E4DDEDEUUTEEUE,si,,
0x71347B2,0x71347C0,14,ascii,ETUTTUTUUDUTDD,si,,
0x71347C2,0x71347D0,14,ascii,43DED4TDEUDCDT,si,,
0x71347D2,0x71347E0,14,ascii,TUEUDDUDTDDUDD,si,,
0x71347E2,0x71347F0,14,ascii,D44DEUEDEUEUEE,si,,
0x71347F2,0x7134800,14,ascii,DT4TUD4DDETETE,si,,
0x7134802,0x7134810,14,ascii,UUEFDDdD4D4DDT,si,,
0x7134812,0x7134820,14,ascii,4DEDCD5CDDEUD4,si,,
0x7134822,0x7134830,14,ascii,4TDDTD4D4D4DSD,si,,
0x7134832,0x7134840,14,ascii,DDTDDDDEUDTUEU,si,,
0x7134842,0x7134850,14,ascii,EDTTEEUTUUUeVU,si,,
0x7134852,0x7134860,14,ascii,UUUUTUTUEeUDTD,si,,
0x7134862,0x7134870,14,ascii,333333333333C3,si,,
0x7134872,0x7134880,14,ascii,333333343D3333,si,,
0x7134882,0x7134890,14,ascii,343C333333433C,si,,
0x7134892,0x71348A0,14,ascii,C3434DC3D3CC33,si,,
0x71348A2,0x71348B0,14,ascii,33C3DD434CDCC3,si,,
0x71348B2,0x71348C0,14,ascii,C3D343333333C3,si,,
0x71348C2,0x71348D0,14,ascii,3333D34343434D,si,,
0x71348D2,0x71348E0,14,ascii,DDCCD33333333C,si,,
0x71348E2,0x71348F0,14,ascii,C3444333333333,si,,
0x71348F2,0x7134900,14,ascii,2333333333CCDD,si,,
0x7134902,0x7134910,14,ascii,D3C344D3333343,si,,
0x7134922,0x7134930,14,ascii,CDD4334D43DDDD,si,,
0x7134932,0x7134940,14,ascii,CCCC4DDC34D4DD,si,,
0x7134962,0x7134970,14,ascii,C33CDCC33C333D,si,,
0x7134972,0x7134980,14,ascii,C33D3333333333,si,,
0x7134982,0x7134990,14,ascii,fVUUffeUfUUUff,si,,
0x7134992,0x71349A0,14,ascii,333334D333334C,si,,
0x71349A2,0x71349B0,14,ascii,333333333C3333,si,,
0x71349B2,0x71349C0,14,ascii,fVfefeVfUTeeff,si,,
0x71349C2,0x71349D0,14,ascii,fVfVeeUUVffffe,si,,
0x71349D2,0x71349E0,14,ascii,334CCC3C333343,si,,
0x7134A22,0x7134A30,14,ascii,C3344CC3333C3C,si,,
0x7134A32,0x7134A40,14,ascii,43333333333333,si,,
0x7134A42,0x7134A50,14,ascii,feUfVVVffUUUUf,si,,
0x7134A52,0x7134A60,14,ascii,UeDTDUUEDTT4DD,si,,
0x7134A62,0x7134A70,14,ascii,DDEUEETTETTEDT,si,,
0x7134A72,0x7134A80,14,ascii,UUUED4ETDDTCTU,si,,
0x7134A82,0x7134A90,14,ascii,5DTTTDTTDTUETD,si,,
0x7134A92,0x7134AA0,14,ascii,EUUTETUDTUUDDD,si,,
0x7134AA2,0x7134AB0,14,ascii,DUDTUTTUEeEeUE,si,,
0x7134AB2,0x7134AC0,14,ascii,UUUedeUUUeUVVf,si,,
0x7134AC2,0x7134AD0,14,ascii,CC333333333333,si,,
0x7134AD2,0x7134AE0,14,ascii,2C3333333D33C3,si,,
0x7134AE2,0x7134AF0,14,ascii,fefefVUeUUVfUU,si,,
0x7134AF2,0x7134B00,14,ascii,EeEVUUUTVeUVVU,si,,
0x7134B02,0x7134B10,14,ascii,UUUEUTTTDUDTEU,si,,
0x7134B12,0x7134B20,14,ascii,DDDTUDDDDDD43C,si,,
0x7134B22,0x7134B30,14,ascii,C34DD33C3D33D3,si,,
0x7134B32,0x7134B40,14,ascii,3344323233333C,si,,
0x7134B42,0x7134B50,14,ascii,43D334DDD33323,si,,
0x7134B52,0x7134B60,14,ascii,334C333C43333C,si,,
0x7134B62,0x7134B70,14,ascii,C3C3433CC34DCD,si,,
0x7134B92,0x7134BA0,14,ascii,DUEEUTEfVUUUUV,si,,
0x7134BA2,0x7134BB0,14,ascii,FUUeUVVVTUUUTD,si,,
0x7134BB2,0x7134BC0,14,ascii,EEUeUUVUUVVfUU,si,,
0x7134BC2,0x7134BD0,14,ascii,UUeUUTTVUeUUee,si,,
0x7134BD2,0x7134BE0,14,ascii,"4333333333332""",si,,
0x7134BE2,0x7134BF0,14,ascii,EUUETVUUUUEUDD,si,,
0x7134BF2,0x7134C00,14,ascii,UEEEEUEUDUDDDD,si,,
0x7134C02,0x7134C10,14,ascii,ETDDUDTDCD3433,si,,
0x7134C32,0x7134C40,14,ascii,3D4CD4433CDD43,si,,
0x7134C42,0x7134C50,14,ascii,444DDDC3DD44DC,si,,
0x7134C52,0x7134C60,14,ascii,4432233CDC344C,si,,
0x7134C62,0x7134C70,14,ascii,DTDDEDET5EUUES,si,,
0x7134C72,0x7134C80,14,ascii,EDETTUUUUUTUFE,si,,
0x7134C82,0x7134C90,14,ascii,TVUUUUefefETVf,si,,
0x7134C92,0x7134CA0,14,ascii,UVffeffVffffUU,si,,
0x7134CA2,0x7134CB0,14,ascii,VUTfeUeUUeUVVU,si,,
0x7134CB2,0x7134CC0,14,ascii,EUeVUVUVUVeUFU,si,,
0x7134CC2,0x7134CD0,14,ascii,ETUVeUUFUUeEUD,si,,
0x7134CD2,0x7134CE0,14,ascii,UUUUUeUDUEUDDU,si,,
0x7134CE2,0x7134CF0,14,ascii,D4UUED4DEDDDDE,si,,
0x7134CF2,0x7134D00,14,ascii,D44CC4C3333344,si,,
0x7134D32,0x7134D40,14,ascii,2334D4C3CDD444,si,,
0x7134D42,0x7134D50,14,ascii,DDCD3CCDD4DD4D,si,,
0x7134D52,0x7134D60,14,ascii,4DD5DDD5DEDEDU,si,,
0x7134D62,0x7134D70,14,ascii,DDDDTTDEUTTTTD,si,,
0x7134D72,0x7134D80,14,ascii,DT5EED4DDEDDDD,si,,
0x7134D82,0x7134D90,14,ascii,EDTTTVVTUTdVUV,si,,
0x7134D92,0x7134DA0,14,ascii,UDUUUUUTUEUUDC,si,,
0x7134DA2,0x7134DB0,14,ascii,UEEEEEDDDEUDDT,si,,
0x7134DB2,0x7134DC0,14,ascii,TEDCDDTDDESTDC,si,,
0x7134DC2,0x7134DD0,14,ascii,DD344DD5DDD4EU,si,,
0x7134DD2,0x7134DE0,14,ascii,EFTDD4DDE5D4TS,si,,
0x7134DE2,0x7134DF0,14,ascii,EDDDCDDTDDUDDT,si,,
0x7134DF2,0x7134E00,14,ascii,DDEETDU44DETD4,si,,
0x7134E02,0x7134E10,14,ascii,DEUUCDTEUF4DUE,si,,
0x7134E12,0x7134E20,14,ascii,EDEDDDdUUDEUEU,si,,
0x7134E22,0x7134E30,14,ascii,TEEEDTTDEEFUUD,si,,
0x7134E32,0x7134E40,14,ascii,EUEUDTTTUDD5UT,si,,
0x7134E42,0x7134E50,14,ascii,DTDdSS44DTCD4C,si,,
0x7134E52,0x7134E60,14,ascii,"43333333D333""3",si,,
0x7134E62,0x7134E70,14,ascii,"3CD""3""""332""23""",si,,
0x7134EC2,0x7134ED0,14,ascii,44433333C34334,si,,
0x7134EE2,0x7134EF0,14,ascii,DDCDDC3C4DCED3,si,,
0x7134EF2,0x7134F00,14,ascii,D4DT4DDDDD4D4T,si,,
0x7134F02,0x7134F10,14,ascii,DT4EDBDTEDDEDC,si,,
0x7134F12,0x7134F20,14,ascii,C4DD4EE4DEDCE4,si,,
0x7134F22,0x7134F30,14,ascii,5DDDCCDDD43C3C,si,,
0x7134F32,0x7134F40,14,ascii,C3C333CD343D43,si,,
0x7134F52,0x7134F60,14,ascii,333333CCDC433C,si,,
0x7134F62,0x7134F70,14,ascii,D344434DCDC344,si,,
0x7134F82,0x7134F90,14,ascii,3CCCDEDVETEEUU,si,,
0x7134F92,0x7134FA0,14,ascii,DEEDEUTUEDDUUE,si,,
0x7134FA2,0x7134FB0,14,ascii,UDEEUfUUTUUfVU,si,,
0x7134FB2,0x7134FC0,14,ascii,TEUUUDDUTUfVef,si,,
0x7134FC2,0x7134FD0,14,ascii,ffVUUffVVfeeff,si,,
0x7134FD2,0x7134FE0,14,ascii,3343D444343C33,si,,
0x7134FE2,0x7134FF0,14,ascii,4433C334333343,si,,
0x7134FF2,0x7135000,14,ascii,3C333C33333333,si,,
0x7135012,0x7135020,14,ascii,EDEEUDUeVfUUEU,si,,
0x7135022,0x7135030,14,ascii,UUEUUTeUVUEeEU,si,,
0x7135032,0x7135040,14,ascii,TeVeVTUUDeUFEU,si,,
0x7135042,0x7135050,14,ascii,UUVeUUdUeUUUUe,si,,
0x7135052,0x7135060,14,ascii,EFVUUVUeVeeeUV,si,,
0x7135062,0x7135070,14,ascii,33333CCC334333,si,,
0x7135072,0x7135080,14,ascii,3344C3CCCDDD4D,si,,
0x71350E2,0x71350F0,14,ascii,33433332333333,si,,
0x71350F2,0x7135100,14,ascii,VUeUVefeUeffef,si,,
0x7135102,0x7135110,14,ascii,UUfVfFETUUDUUU,si,,
0x7135112,0x7135120,14,ascii,TeUDEUTUUUTTUD,si,,
0x7135122,0x7135130,14,ascii,TedSTUUEUETUTT,si,,
0x7135132,0x7135140,14,ascii,EUTUUTUDUTEUEU,si,,
0x7135142,0x7135150,14,ascii,UEUUUUdUUEEVef,si,,
0x7135152,0x7135160,14,ascii,33223333334333,si,,
0x7135162,0x7135170,14,ascii,23343333333333,si,,
0x7135172,0x7135180,14,ascii,334D43C343CCCC,si,,
0x7135182,0x7135190,14,ascii,C33CDC344344D3,si,,
0x7135192,0x71351A0,14,ascii,343333C333D334,si,,
0x71351A2,0x71351B0,14,ascii,43333333333333,si,,
0x71351B2,0x71351C0,14,ascii,33333343333333,si,,
0x71351C2,0x71351D0,14,ascii,UeUVVUVUfefUUe,si,,
0x71351D2,0x71351E0,14,ascii,eUUUVUVfVUUEUD,si,,
0x71351E2,0x71351F0,14,ascii,UDUUUFUEUEETDD,si,,
0x71351F2,0x7135200,14,ascii,DEEEDDCEDDDDDD,si,,
0x7135202,0x7135210,14,ascii,DDEECTCCDET44D,si,,
0x7135212,0x7135220,14,ascii,DE44DCDC3CCTDD,si,,
0x7135222,0x7135230,14,ascii,TEDEUDEDTEETED,si,,
0x7135232,0x7135240,14,ascii,4DTTDCEDDEDD4D,si,,
0x7135242,0x7135250,14,ascii,4CC4DEEDEDDDDD,si,,
0x7135272,0x7135280,14,ascii,EDCD3CDDD454D4,si,,
0x7135282,0x7135290,14,ascii,333DD3CD24C433,si,,
0x71352D2,0x71352E0,14,ascii,DD4C4UD43BTCCC,si,,
0x71352E2,0x71352F0,14,ascii,CCDDDD44DD54CC,si,,
0x71352F2,0x7135300,14,ascii,DDDDD44CDDD35D,si,,
0x7135302,0x7135310,14,ascii,CS3D4DUDDDDTDD,si,,
0x7135312,0x7135320,14,ascii,DDSDD444DDD4D4,si,,
0x7135322,0x7135330,14,ascii,DDD4CDTDTC4445,si,,
0x7135332,0x7135340,14,ascii,4DCDCDD44D5DDD,si,,
0x7135342,0x7135350,14,ascii,CD4DTDCD4TD434,si,,
0x7135352,0x7135360,14,ascii,CDDDC4DED4CCDD,si,,
0x7135362,0x7135370,14,ascii,C44DDD4DC4DDDT,si,,
0x7135372,0x7135380,14,ascii,DUUUUUTTEFUUDD,si,,
0x7135382,0x7135390,14,ascii,TTUDDETDUUUUUU,si,,
0x7135392,0x71353A0,14,ascii,UUDTUeeTUEUUUU,si,,
0x71353A2,0x71353B0,14,ascii,UUUUUEDSUTETET,si,,
0x71353B2,0x71353C0,14,ascii,UeUETeeefUeeeV,si,,
0x71353C2,0x71353D0,14,ascii,33233343333333,si,,
0x71353D2,0x71353E0,14,ascii,3C334333333433,si,,
0x71353E2,0x71353F0,14,ascii,33CC34CC333333,si,,
0x71353F2,0x7135400,14,ascii,C3333333333C33,si,,
0x7135402,0x7135410,14,ascii,ffeffeeVeVfUUU,si,,
0x7135412,0x7135420,14,ascii,eVUUUUfefeUfef,si,,
0x7135422,0x7135430,14,ascii,eUUUVffEVVUTDD,si,,
0x7135432,0x7135440,14,ascii,DEEUUTEEUUdUDT,si,,
0x7135442,0x7135450,14,ascii,TUTUETDETUUETE,si,,
0x7135452,0x7135460,14,ascii,4D44DDTDCDDDDD,si,,
0x7135462,0x7135470,14,ascii,DDUSFTTDEEUEUU,si,,
0x7135472,0x7135480,14,ascii,EUVUeVUVETTTUE,si,,
0x7135482,0x7135490,14,ascii,TVEUUeVVUUTUVU,si,,
0x7135492,0x71354A0,14,ascii,UUVeVVeVfeVfeV,si,,
0x71354A2,0x71354B0,14,ascii,3333333333333C,si,,
0x71354B2,0x71354C0,14,ascii,334333C3C34344,si,,
0x71354C2,0x71354D0,14,ascii,34C33CC3D43333,si,,
0x71354D2,0x71354E0,14,ascii,3C433333333333,si,,
0x71354E2,0x71354F0,14,ascii,VVVefVeUUFefVU,si,,
0x71354F2,0x7135500,14,ascii,VEUVeEUEDUUEUD,si,,
0x7135502,0x7135510,14,ascii,EUUUDUDETUTETU,si,,
0x7135512,0x7135520,14,ascii,TUTTUUTEUDUTUE,si,,
0x7135522,0x7135530,14,ascii,EECDDDDUCDTDDD,si,,
0x7135532,0x7135540,14,ascii,DDDDECCEDDTCDD,si,,
0x7135542,0x7135550,14,ascii,DETTUDEUDTDDUC,si,,
0x7135552,0x7135560,14,ascii,DUUUUUEEDUUDED,si,,
0x7135562,0x7135570,14,ascii,DTUUETUUeeVUef,si,,
0x7135572,0x7135580,14,ascii,333C3343333333,si,,
0x7135582,0x7135590,14,ascii,3333C33333C33C,si,,
0x7135592,0x71355A0,14,ascii,ffffUUeeffffff,si,,
0x71355A2,0x71355B0,14,ascii,VUVUVffVfeUeeU,si,,
0x71355B2,0x71355C0,14,ascii,VUUVeeUUUUfUEU,si,,
0x71355C2,0x71355D0,14,ascii,UUUEUUDDTEDDED,si,,
0x71355D2,0x71355E0,14,ascii,DTD4DDTTD4TETD,si,,
0x71355E2,0x71355F0,14,ascii,D444DEECTTDDEC,si,,
0x71355F2,0x7135600,14,ascii,CCDD333CDED4DC,si,,
0x7135632,0x7135640,14,ascii,44DCDCD3D4SECD,si,,
0x7135642,0x7135650,14,ascii,DDTTTUEDCDDDED,si,,
0x7135652,0x7135660,14,ascii,TUDCDDCTDDD5EE,si,,
0x7135662,0x7135670,14,ascii,UUUUTUeeUUVeUe,si,,
0x7135682,0x7135690,14,ascii,UTVUVUUVfVUUUf,si,,
0x7135692,0x71356A0,14,ascii,feVeEVVfUUUUUU,si,,
0x71356A2,0x71356B0,14,ascii,DDUVUTdTEUVfVT,si,,
0x71356B2,0x71356C0,14,ascii,DUUfUUVUefVEUe,si,,
0x71356C2,0x71356D0,14,ascii,VUUeUUVUeUTeUe,si,,
0x71356D2,0x71356E0,14,ascii,EVVUUeTUUUUEUU,si,,
0x71356E2,0x71356F0,14,ascii,EDUEEEDUTUDDED,si,,
0x71356F2,0x7135700,14,ascii,DDDEUEETEUTUUU,si,,
0x7135702,0x7135710,14,ascii,EUTUeUeeUfeVfU,si,,
0x7135712,0x7135720,14,ascii,C33433333333C3,si,,
0x7135722,0x7135730,14,ascii,33333343333343,si,,
0x7135732,0x7135740,14,ascii,3333333333CD33,si,,
0x7135742,0x7135750,14,ascii,43344D33DDDCD3,si,,
0x7135752,0x7135760,14,ascii,3C33333333D34C,si,,
0x7135762,0x7135770,14,ascii,C4CDD44C3CDD43,si,,
0x7135772,0x7135780,14,ascii,D34D3433333333,si,,
0x7135782,0x7135790,14,ascii,3333344C343334,si,,
0x7135792,0x71357A0,14,ascii,4343C334333C3C,si,,
0x71357A2,0x71357B0,14,ascii,34CD3333333D3C,si,,
0x71357B2,0x71357C0,14,ascii,3C333434C33444,si,,
0x71357C2,0x71357D0,14,ascii,343333C3333333,si,,
0x71357D2,0x71357E0,14,ascii,33443333C43433,si,,
0x71357E2,0x71357F0,14,ascii,C33333D43C43CC,si,,
0x7135802,0x7135810,14,ascii,C3D43443CD3343,si,,
0x7135812,0x7135820,14,ascii,333333CC34C344,si,,
0x7135822,0x7135830,14,ascii,333333C4333444,si,,
0x7135832,0x7135840,14,ascii,fefffUVVUVeeee,si,,
0x7135842,0x7135850,14,ascii,fVUUUUUUUUEUUf,si,,
0x7135862,0x7135870,14,ascii,eUfffUfUVDeUUT,si,,
0x7135872,0x7135880,14,ascii,EeUEEVeVUUUUVf,si,,
0x7135882,0x7135890,14,ascii,UUFUVUUdeUeeUE,si,,
0x7135892,0x71358A0,14,ascii,FeeFVUTTUVUUUU,si,,
0x71358A2,0x71358B0,14,ascii,3333333333333C,si,,
0x71358B2,0x71358C0,14,ascii,334C4DC433C433,si,,
0x71358C2,0x71358D0,14,ascii,334CC333CC3C33,si,,
0x71358D2,0x71358E0,14,ascii,CDDD44DC4C333D,si,,
0x71358E2,0x71358F0,14,ascii,433C4433333333,si,,
0x71358F2,0x7135900,14,ascii,eefeffUUeVUfff,si,,
0x7135902,0x7135910,14,ascii,VeeUefefVeUUUV,si,,
0x7135912,0x7135920,14,ascii,VUUUUUUFEUVUTU,si,,
0x7135922,0x7135930,14,ascii,TTUUTUTEUUUUUT,si,,
0x7135932,0x7135940,14,ascii,EETUUUVUUUUUUU,si,,
0x7135942,0x7135950,14,ascii,UETDTUUEUUDTTD,si,,
0x7135952,0x7135960,14,ascii,DUTUTDEVUeUeUU,si,,
0x7135962,0x7135970,14,ascii,UUETVVefUVVfeV,si,,
0x7135972,0x7135980,14,ascii,TfUUeeUTUDUeeU,si,,
0x7135982,0x7135990,14,ascii,333C3333334333,si,,
0x7135992,0x71359A0,14,ascii,3333333CC33334,si,,
0x71359A2,0x71359B0,14,ascii,3333C3433333C3,si,,
0x71359B2,0x71359C0,14,ascii,4D33C333343333,si,,
0x71359C2,0x71359D0,14,ascii,VUTUEEUEUUDETU,si,,
0x71359D2,0x71359E0,14,ascii,UUUDEUUDCETT4D,si,,
0x71359E2,0x71359F0,14,ascii,DD3DDD4S44D433,si,,
0x71359F2,0x7135A00,14,ascii,CD4444DCD3CDCC,si,,
0x7135A02,0x7135A10,14,ascii,443DDDCC4C3333,si,,
0x7135A12,0x7135A20,14,ascii,233333233CD333,si,,
0x7135A22,0x7135A30,14,ascii,443C443C4D34DD,si,,
0x7135A32,0x7135A40,14,ascii,DD43CD3C3BD3DC,si,,
0x7135A42,0x7135A50,14,ascii,CDDDDC4DDDDDDD,si,,
0x7135A52,0x7135A60,14,ascii,DDUEUTUUVUUUTU,si,,
0x7135A62,0x7135A70,14,ascii,efUefUeUeUUVVV,si,,
0x7135A72,0x7135A80,14,ascii,UUEVUfUVVefffU,si,,
0x7135A82,0x7135A90,14,ascii,VefVVUeVeVVVee,si,,
0x7135A92,0x7135AA0,14,ascii,fUUUeffUffVUEE,si,,
0x7135AA2,0x7135AB0,14,ascii,UUUUeEUUVUVeVU,si,,
0x7135AB2,0x7135AC0,14,ascii,VUVVUEUDUEETDT,si,,
0x7135AC2,0x7135AD0,14,ascii,DDDETEUeTUUETU,si,,
0x7135AD2,0x7135AE0,14,ascii,UUEETUUEeEUUEE,si,,
0x7135AE2,0x7135AF0,14,ascii,EECDDDCDDDCDCC,si,,
0x7135AF2,0x7135B00,14,ascii,DDDDDUTD4DTDDU,si,,
0x7135B02,0x7135B10,14,ascii,EDUDUSUDEEDEET,si,,
0x7135B12,0x7135B20,14,ascii,DDDTEDTEEEEDTF,si,,
0x7135B22,0x7135B30,14,ascii,DDDDEDTTDTEEDC,si,,
0x7135B32,0x7135B40,14,ascii,DDDUTEUTUTTUED,si,,
0x7135B52,0x7135B60,14,ascii,VfeVUeUUVeUeUT,si,,
0x7135B82,0x7135B90,14,ascii,EUTEeUUUUDEUET,si,,
0x7135B92,0x7135BA0,14,ascii,DUDUTUeUEVeUEd,si,,
0x7135BB2,0x7135BC0,14,ascii,TDUUUEETDUETUE,si,,
0x7135BD2,0x7135BE0,14,ascii,CUE3DDCCDffTVe,si,,
0x7135BE2,0x7135BF0,14,ascii,UUfEUUUUVdVUfU,si,,
0x7135BF2,0x7135C00,14,ascii,VUUVefVefffVff,si,,
0x7135C02,0x7135C10,14,ascii,efVfVffVVVVUUU,si,,
0x7135C12,0x7135C20,14,ascii,VeVVUUEUUeefff,si,,
0x7135C22,0x7135C30,14,ascii,343333C3333333,si,,
0x7135C32,0x7135C40,14,ascii,33C33333333D33,si,,
0x7135C42,0x7135C50,14,ascii,3CC3C3343334CD,si,,
0x7135C62,0x7135C70,14,ascii,3C3C3333333333,si,,
0x7135C72,0x7135C80,14,ascii,3343333333C333,si,,
0x7135C82,0x7135C90,14,ascii,UVeffUUUVUVeeU,si,,
0x7135C92,0x7135CA0,14,ascii,fefeVeUfeUEFUe,si,,
0x7135CA2,0x7135CB0,14,ascii,"3333""3333333C3",si,,
0x7135CB2,0x7135CC0,14,ascii,fUffffUVVUeTVV,si,,
0x7135CC2,0x7135CD0,14,ascii,33343333444333,si,,
0x7135CD2,0x7135CE0,14,ascii,fffVfUffVUUfVV,si,,
0x7135CE2,0x7135CF0,14,ascii,33333333333433,si,,
0x7135CF2,0x7135D00,14,ascii,33433333333333,si,,
0x7135D02,0x7135D10,14,ascii,UeVVfeUUeUUefU,si,,
0x7135D12,0x7135D20,14,ascii,TUUUUVUUTEUeET,si,,
0x7135D22,0x7135D30,14,ascii,TUUETDUUTUVUDD,si,,
0x7135D32,0x7135D40,14,ascii,DD3C33CDD44EUE,si,,
0x7135D42,0x7135D50,14,ascii,TDEDDETDDUDTUE,si,,
0x7135D52,0x7135D60,14,ascii,TDUUEECEETDDDD,si,,
0x7135D62,0x7135D70,14,ascii,DDDDEDDTDCDTTD,si,,
0x7135D72,0x7135D80,14,ascii,TTUTUDDTDEEUDD,si,,
0x7135D82,0x7135D90,14,ascii,TTDDTDTEUDDEDD,si,,
0x7135D92,0x7135DA0,14,ascii,TUTDTUUTTEUVTU,si,,
0x7135DA2,0x7135DB0,14,ascii,eUUEVeeUVUeUVe,si,,
0x7135DB2,0x7135DC0,14,ascii,UfVUUTUeUVUVUV,si,,
0x7135DC2,0x7135DD0,14,ascii,fEUEETEUTEEUUU,si,,
0x7135DD2,0x7135DE0,14,ascii,UTEUUDVTUUUETT,si,,
0x7135DE2,0x7135DF0,14,ascii,EDTUUTEUUUDTTD,si,,
0x7135DF2,0x7135E00,14,ascii,TUEUECDED4UEUD,si,,
0x7135E02,0x7135E10,14,ascii,EDDDD45EDDUEED,si,,
0x7135E12,0x7135E20,14,ascii,DDTUDDDUUUEDDT,si,,
0x7135E22,0x7135E30,14,ascii,UDUDDUSE4ED4DE,si,,
0x7135E32,0x7135E40,14,ascii,DDETST4DDDEDT4,si,,
0x7135E42,0x7135E50,14,ascii,DeUUDEUUfUTUeE,si,,
0x7135E52,0x7135E60,14,ascii,TeVVUUeUVUUUVV,si,,
0x7135E62,0x7135E70,14,ascii,32323333333343,si,,
0x7135E72,0x7135E80,14,ascii,33333343D4C3DD,si,,
0x7135EB2,0x7135EC0,14,ascii,4D33D444343C33,si,,
0x7135EC2,0x7135ED0,14,ascii,fVVeffeVUfffeU,si,,
0x7135ED2,0x7135EE0,14,ascii,UUUUDTUTVUUTEU,si,,
0x7135EE2,0x7135EF0,14,ascii,UeVEUTUUUEUVUV,si,,
0x7135EF2,0x7135F00,14,ascii,UUUUVVUEUSdUET,si,,
0x7135F02,0x7135F10,14,ascii,UETeUUTVTeUUUU,si,,
0x7135F12,0x7135F20,14,ascii,TUUeeTUfVVUfeU,si,,
0x7135F22,0x7135F30,14,ascii,33333C3333C3C3,si,,
0x7135F32,0x7135F40,14,ascii,3333333CCC444D,si,,
0x7135F42,0x7135F50,14,ascii,CCDDD3DCDD43DD,si,,
0x7135FA2,0x7135FB0,14,ascii,CCD3C333333333,si,,
0x7135FC2,0x7135FD0,14,ascii,eeUVeeUUUfUeeU,si,,
0x7135FD2,0x7135FE0,14,ascii,feVUeUUUUUUVUU,si,,
0x7135FE2,0x7135FF0,14,ascii,UeUeUUVUDEUUEU,si,,
0x7135FF2,0x7136000,14,ascii,UEeUUUEUUUTTed,si,,
0x7136002,0x7136010,14,ascii,eTUDUEUDEDDTUU,si,,
0x7136012,0x7136020,14,ascii,3333333333C333,si,,
0x7136022,0x7136030,14,ascii,UUUVVeUfffUVeU,si,,
0x7136032,0x7136040,14,ascii,3334C33443D34C,si,,
0x7136042,0x7136050,14,ascii,D34C3C3D33C444,si,,
0x7136052,0x7136060,14,ascii,43333333333333,si,,
0x7136062,0x7136070,14,ascii,33333334333333,si,,
0x7136072,0x7136080,14,ascii,3C333334333333,si,,
0x7136082,0x7136090,14,ascii,eeefUeUeUffUUU,si,,
0x7136092,0x71360A0,14,ascii,dEeeUUUVUUEDDE,si,,
0x71360A2,0x71360B0,14,ascii,EDTEDUTDTEDUUC,si,,
0x71360B2,0x71360C0,14,ascii,EDET4EDTCDTDED,si,,
0x71360C2,0x71360D0,14,ascii,C4D4DDC4DCDCDD,si,,
0x71360D2,0x71360E0,14,ascii,DCEDDEDDCSCTDD,si,,
0x71360E2,0x71360F0,14,ascii,DDEEDD4CTDDDE4,si,,
0x71360F2,0x7136100,14,ascii,TUEUUEEEUDDDUE,si,,
0x7136102,0x7136110,14,ascii,UTEDTUUETUUUeT,si,,
0x7136112,0x7136120,14,ascii,TDEUEDDTUDTDET,si,,
0x7136122,0x7136130,14,ascii,TDDDDDDTDDEC4D,si,,
0x7136132,0x7136140,14,ascii,DD34D4CD3CTDDD,si,,
0x7136152,0x7136160,14,ascii,434D3CCDC43333,si,,
0x7136162,0x7136170,14,ascii,4C34DD4334CCC3,si,,
0x7136182,0x7136190,14,ascii,CC333333D3333D,si,,
0x71361A2,0x71361B0,14,ascii,333D33C33C3333,si,,
0x71361B2,0x71361C0,14,ascii,DDCE43DCDD3434,si,,
0x71361C2,0x71361D0,14,ascii,443C3333B3223D,si,,
0x71361D2,0x71361E0,14,ascii,3C332CB3C3DDDC,si,,
0x71361E2,0x71361F0,14,ascii,3C34334CC4C333,si,,
0x7136222,0x7136230,14,ascii,34333DDD43CDD4,si,,
0x7136232,0x7136240,14,ascii,4DDCDDDCDDTUUE,si,,
0x7136242,0x7136250,14,ascii,DDDDTTEUUTEDDD,si,,
0x7136252,0x7136260,14,ascii,EEDDTUDEUDTUED,si,,
0x7136262,0x7136270,14,ascii,TEEUUUTfVUfUEE,si,,
0x7136272,0x7136280,14,ascii,333333333333C3,si,,
0x7136282,0x7136290,14,ascii,4333344D33DC44,si,,
0x7136292,0x71362A0,14,ascii,33334D3D3C3333,si,,
0x71362A2,0x71362B0,14,ascii,3333333CC33CC3,si,,
0x71362B2,0x71362C0,14,ascii,433333443C3C33,si,,
0x71362D2,0x71362E0,14,ascii,VfVUefVeVVTeff,si,,
0x71362E2,0x71362F0,14,ascii,UeeUUUVeVEFUDE,si,,
0x71362F2,0x7136300,14,ascii,EDTDUUUEDDUDED,si,,
0x7136302,0x7136310,14,ascii,DSUDDDDDTETDTT,si,,
0x7136312,0x7136320,14,ascii,EEDEEUTDUTTEED,si,,
0x7136322,0x7136330,14,ascii,EDDUETTTDDTEDD,si,,
0x7136332,0x7136340,14,ascii,DTDUUUTUUTUUVe,si,,
0x7136342,0x7136350,14,ascii,UUeeVVfVUUVVUV,si,,
0x7136352,0x7136360,14,ascii,UUeUfVeefVeUUU,si,,
0x7136362,0x7136370,14,ascii,UefUVVVeffUfVF,si,,
0x7136372,0x7136380,14,ascii,feffeefeTUffUf,si,,
0x7136382,0x7136390,14,ascii,33334333333333,si,,
0x7136392,0x71363A0,14,ascii,UVfFVUeeVUVUUU,si,,
0x71363A2,0x71363B0,14,ascii,UfUUUfUVTETUUU,si,,
0x71363B2,0x71363C0,14,ascii,UTDUTEDEDDTUTD,si,,
0x71363C2,0x71363D0,14,ascii,D443D43DDDDD33,si,,
0x71363D2,0x71363E0,14,ascii,UT44C3DUECDDST,si,,
0x71363E2,0x71363F0,14,ascii,DEDC34C3C3DD44,si,,
0x7136412,0x7136420,14,ascii,C4C33C3CDDDDDC,si,,
0x7136422,0x7136430,14,ascii,DDUDDTEEVUUEDT,si,,
0x7136432,0x7136440,14,ascii,EEUUEfeUVEUFUU,si,,
0x7136442,0x7136450,14,ascii,UTUeUVeUUEUVVU,si,,
0x7136452,0x7136460,14,ascii,UfUUTTUeUUUTUE,si,,
0x7136462,0x7136470,14,ascii,UfVUeUVVUUUTVE,si,,
0x7136472,0x7136480,14,ascii,UEUTUDDDDUDUTT,si,,
0x7136482,0x7136490,14,ascii,UTEDTDDTU4DDDT,si,,
0x7136492,0x71364A0,14,ascii,DDC3C3DDDC3334,si,,
0x71364A2,0x71364B0,14,ascii,33434433CDT4C2,si,,
0x71364D2,0x71364E0,14,ascii,3433DDD3CCCC4E,si,,
0x7136502,0x7136510,14,ascii,C4DCTDUEDDDEDD,si,,
0x7136512,0x7136520,14,ascii,DEEUDTTUUdETUe,si,,
0x7136522,0x7136530,14,ascii,UUVUTUUUUeVUeU,si,,
0x7136532,0x7136540,14,ascii,UUUVUefeVeffef,si,,
0x7136542,0x7136550,14,ascii,VeeeVUeUUfVUUe,si,,
0x7136552,0x7136560,14,ascii,eeeUTUffVUfffU,si,,
0x7136562,0x7136570,14,ascii,UUeEDTTUUeUVUV,si,,
0x7136572,0x7136580,14,ascii,eEVUUUeEUTUEED,si,,
0x7136582,0x7136590,14,ascii,EEEVTUUEEEUTTU,si,,
0x7136592,0x71365A0,14,ascii,EUEEUUUUDUeUUU,si,,
0x71365A2,0x71365B0,14,ascii,TUUFTUTUUeEUUU,si,,
0x71365B2,0x71365C0,14,ascii,VUUTTUUEEUUTTU,si,,
0x71365D2,0x71365E0,14,ascii,eUfffUeeVfUefV,si,,
0x71365E2,0x71365F0,14,ascii,fffVfUfefUeUee,si,,
0x71365F2,0x7136600,14,ascii,3C33333333CD4C,si,,
0x7136602,0x7136610,14,ascii,CDDDD344D34333,si,,
0x7136612,0x7136620,14,ascii,333333C3443C4D,si,,
0x7136622,0x7136630,14,ascii,433C3DD433DD33,si,,
0x7136632,0x7136640,14,ascii,34333333343333,si,,
0x7136642,0x7136650,14,ascii,344C334DC33D43,si,,
0x7136652,0x7136660,14,ascii,34333333333333,si,,
0x7136662,0x7136670,14,ascii,33334333333333,si,,
0x7136672,0x7136680,14,ascii,33333334CC3CC3,si,,
0x7136692,0x71366A0,14,ascii,3443333CCDD3C4,si,,
0x71366A2,0x71366B0,14,ascii,D4DDD4DDDCCDCD,si,,
0x71366D2,0x71366E0,14,ascii,CC433C4C333C3C,si,,
0x71366F2,0x7136700,14,ascii,UUdVfUVUUVUEUT,si,,
0x7136702,0x7136710,14,ascii,VUVTUEEeETUDTE,si,,
0x7136712,0x7136720,14,ascii,TUUUFUVUUUUUVE,si,,
0x7136722,0x7136730,14,ascii,UUfefVVVVVUUEE,si,,
0x7136732,0x7136740,14,ascii,EEEUEDTDETDTUf,si,,
0x7136742,0x7136750,14,ascii,eEeDUUUETeUUUE,si,,
0x7136752,0x7136760,14,ascii,UTUfUUUUVUVTUe,si,,
0x7136762,0x7136770,14,ascii,2333333433333C,si,,
0x7136772,0x7136780,14,ascii,4C333443333344,si,,
0x7136782,0x7136790,14,ascii,333CC3CD434C34,si,,
0x7136792,0x71367A0,14,ascii,33334D43443333,si,,
0x71367A2,0x71367B0,14,ascii,33343C43333333,si,,
0x71367B2,0x71367C0,14,ascii,eeVVUVeUfffUUU,si,,
0x71367C2,0x71367D0,14,ascii,VUUETTTUUDETUU,si,,
0x71367D2,0x71367E0,14,ascii,EUDEUTEDDEEDDE,si,,
0x71367E2,0x71367F0,14,ascii,DCDDDD4DDSDEDD,si,,
0x71367F2,0x7136800,14,ascii,4DDDDECUUDDDDD,si,,
0x7136802,0x7136810,14,ascii,DDCDCDDC4DC4D4,si,,
0x7136812,0x7136820,14,ascii,C3CC3SDCCD55DU,si,,
0x7136822,0x7136830,14,ascii,TUEEEDUDEUETUU,si,,
0x7136832,0x7136840,14,ascii,UEDDUUeeUTTUUU,si,,
0x7136842,0x7136850,14,ascii,UeUdVUEUUUeUUU,si,,
0x7136852,0x7136860,14,ascii,UeeUeDTUUUUUUE,si,,
0x7136862,0x7136870,14,ascii,ffUUffeeUUUVUU,si,,
0x7136872,0x7136880,14,ascii,TUVeUTUUUUUUUE,si,,
0x7136882,0x7136890,14,ascii,FUUeUUUDUE4DTD,si,,
0x7136892,0x71368A0,14,ascii,DEDETDDDDC3D43,si,,
0x71368A2,0x71368B0,14,ascii,"3344D3""243C2!""",si,,
0x71368B2,0x71368C0,14,ascii,"""3333332233343",si,,
0x7136912,0x7136920,14,ascii,43C44C44TDTC4T,si,,
0x7136922,0x7136930,14,ascii,EETDDDUDDETDED,si,,
0x7136932,0x7136940,14,ascii,344DDT4DDECDeT,si,,
0x7136942,0x7136950,14,ascii,CUEDTTTDTUEETT,si,,
0x7136952,0x7136960,14,ascii,dTUTEDDTDEEDUT,si,,
0x7136962,0x7136970,14,ascii,EUVUVVDTTTTUDD,si,,
0x7136972,0x7136980,14,ascii,EEdEDEDEC3D33D,si,,
0x7136982,0x7136990,14,ascii,34DCCCDED4DDED,si,,
0x7136992,0x71369A0,14,ascii,DDDDDD4DSTDDD4,si,,
0x71369A2,0x71369B0,14,ascii,4C4D24DDC333C3,si,,
0x71369B2,0x71369C0,14,ascii,3C3C34DC3433DB,si,,
0x71369E2,0x71369F0,14,ascii,4C333DDE4DDTDD,si,,
0x71369F2,0x7136A00,14,ascii,DDDTEETUEDUEDT,si,,
0x7136A02,0x7136A10,14,ascii,UUEETUEeVUTTEU,si,,
0x7136A12,0x7136A20,14,ascii,3332233333C3C3,si,,
0x7136A22,0x7136A30,14,ascii,33434D4CC4C333,si,,
0x7136A32,0x7136A40,14,ascii,443C333CCC334D,si,,
0x7136A52,0x7136A60,14,ascii,UUfUVUEUUTUUEE,si,,
0x7136A62,0x7136A70,14,ascii,UVfVeDeUTUEDVT,si,,
0x7136A72,0x7136A80,14,ascii,VUDDDDC3D3C343,si,,
0x7136A82,0x7136A90,14,ascii,3D444333DDD3DD,si,,
0x7136A92,0x7136AA0,14,ascii,SDD4D4DTDT45CD,si,,
0x7136AA2,0x7136AB0,14,ascii,DTDCDD3432CDDU,si,,
0x7136AB2,0x7136AC0,14,ascii,4DDDDDDUUVEUDD,si,,
0x7136AD2,0x7136AE0,14,ascii,UeVEC4DTEDDDTC,si,,
0x7136AE2,0x7136AF1,15,ascii,"TfUEDDDTeUUfUf,",si,,
0x7136B02,0x7136B10,14,ascii,UEDTUeeVfffUUT,si,,
0x7136B32,0x7136B40,14,ascii,D4DeVffTCUU4ED,si,,
0x7136B42,0x7136B50,14,ascii,2333333DDDD434,si,,
0x7136B62,0x7136B70,14,ascii,"3C33""333D33""""3",si,,
0x7136B72,0x7136B80,14,ascii,322C3343C433C3,si,,
0x7136BC2,0x7136BD0,14,ascii,"UEESEVUUD4D""""3",si,,
0x7136C42,0x7136C50,14,ascii,UffUUeUEETUEDE,si,,
0x7136DB4,0x7136DC0,12,ascii,BD4DTC4DUVUe,si,,
0x7136F34,0x7136F40,12,ascii,"""""""3333""""3D3",si,,
0x7137012,0x7137021,15,ascii,3CTT4CTefefUff+,si,,
0x7146FA2,0x7146FB0,14,ascii,"UUD3""!""23TUDD3",si,,
0x7146FB6,0x7146FC0,10,ascii,"""3DDCTDT33",si,,
0x7147105,0x7147110,11,ascii,"""!2""""!!""""""""",si,,
0x7150E85,0x7150E90,11,ascii,"3"" !CCC42""A",,,
0x7154AB2,0x7154AC0,14,ascii,"EDTE""BTUfffECE",si,,
0x7154AC2,0x7154ACD,11,ascii,3CD4DDeVE43,si,,
0x7154AE2,0x7154AF0,14,ascii,!E433!32CT3434,si,,
0x7154BB5,0x7154BC0,11,ascii,"1TeUTT4332""",si,,
0x7154D52,0x7154D5C,10,ascii,"1121!  ! """,,,
0x7154D62,0x7154D6D,11,ascii," df4""1TE5D3",si,,
0x7154DC2,0x7154DCE,12,ascii,"21B3TU3""2TDE",si,,
0x7155142,0x715514D,11,ascii,"3DdfVEUeE5""",si,,
0x71555B2,0x71555C1,15,ascii,"TUTT434CSefeUU,",si,,
0x71555F2,0x7155600,14,ascii,43334DCDCDD434,si,,
0x71556A2,0x71556B0,14,ascii,"D3344333""""""""""""",si,,
0x71556B2,0x71556C0,14,ascii,UUTTe4DUDUUeVU,si,,
0x7157162,0x7157170,14,ascii,4233D6C6DbV5Ue,si,,
0x71573F2,0x7157400,14,ascii,"3""332444CC4DTT",si,,
0x7157402,0x7157410,14,ascii,"EVfUFeVeeF43""2",si,,
0x7157413,0x715741E,11,ascii,"!333323D43""",si,,
0x7157422,0x715742C,10,ascii,"""""""""""3C43""",si,,
0x7157472,0x7157480,14,ascii,"feDDUUefUD33""""",si,,
0x7157493,0x71574A0,13,ascii,"!""""3332333343",si,,
0x71574D2,0x71574E0,14,ascii,VDDD33dffUE4DD,si,,
0x71574F2,0x7157500,14,ascii,333C44C2333323,si,,
0x7157592,0x71575A0,14,ascii,"""""""""""2""""33233D",si,,
0x71575C2,0x71575D0,14,ascii,3CDCD333C33333,si,,
0x7157652,0x715765C,10,ascii,"DD4""222""""""",si,,
0x7157683,0x7157690,13,ascii,"!DC""2C3""3""3ST",si,,
0x7157692,0x71576A0,14,ascii,fVU33TUUDUTUUf,si,,
0x71576B2,0x71576C0,14,ascii,UeUfeUUeUUfVUD,si,,
0x71576C2,0x71576D0,14,ascii,TDD323333CCUUD,si,,
0x71576D2,0x71576E0,14,ascii,CDUED33D343C4D,si,,
0x7157742,0x7157750,14,ascii,4CC34333DDDSEC,si,,
0x7157752,0x7157760,14,ascii,33333D433332CC,si,,
0x7157762,0x7157770,14,ascii,C4D43344324343,si,,
0x71578B5,0x71578C0,11,ascii,"!""!!!!""!""""""",si,,
0x7159242,0x7159250,14,ascii,11CUDD43DUDCUE,si,,
0x7159252,0x7159260,14,ascii,VUTEeUUUVUCTVF,si,,
0x7159336,0x7159340,10,ascii,"!""43DCCDCD",si,,
0x7159352,0x7159360,14,ascii,eUVfFUTdeVfUVf,si,,
0x7159452,0x7159460,14,ascii,fVSDEDUETUTDDS,si,,
0x7159462,0x7159470,14,ascii,ETUU433CDDD4CD,si,,
0x7159472,0x7159480,14,ascii,E5DD33C4343DC3,si,,
0x7159492,0x71594A0,14,ascii,"""!""""""33333D3""""",si,,
0x7159536,0x7159540,10,ascii,"!""""2""2233""",si,,
0x71595B2,0x71595C0,14,ascii,"C3332C443""C3""3",si,,
0x715D098,0x715D0A6,14,ascii,What is it?   ,si,si,
0x715D0D0,0x715D0F2,34,ascii,Just wait here.  You'll be fine.  ,,si,
0x715D104,0x715D12E,42,ascii,I think she's got something to tell\nus.   ,,si,
0x7163E12,0x7163E20,14,ascii,VVFUD3D4TEB3DF,si,,
0x7164D22,0x7164D30,14,ascii,3CBD3D33433D34,si,,
0x71653B2,0x71653C0,14,ascii,C3CCD33C333334,si,,
0x7165412,0x7165420,14,ascii,VEUUUeeUUfUeUf,si,,
0x7165422,0x7165430,14,ascii,33333CC34333C3,si,,
0x7165432,0x7165440,14,ascii,CC43C33333333C,si,,
0x7165472,0x7165480,14,ascii,333D3C33344C3C,si,,
0x71654A2,0x71654B0,14,ascii,3CC4D33CD4DD33,si,,
0x71654D2,0x71654E0,14,ascii,334D3433443D3C,si,,
0x7165612,0x7165620,14,ascii,C4C43D4D343CC4,si,,
0x7165622,0x7165630,14,ascii,C33DDCCDC33C3D,si,,
0x7165702,0x7165710,14,ascii,3333C4D44334D3,si,,
0x7165712,0x7165720,14,ascii,343CC43C33D333,si,,
0x7165722,0x7165730,14,ascii,33C333343DD333,si,,
0x7165792,0x71657A0,14,ascii,33443333333D33,si,,
0x71657A2,0x71657B0,14,ascii,UUefeUEUeUETEE,si,,
0x71657B2,0x71657C0,14,ascii,TFUDDTTCEUDUDD,si,,
0x71657C2,0x71657D0,14,ascii,D3C4TCEECDE4TD,si,,
0x71657D2,0x71657E0,14,ascii,DDTDTTDT5EUETU,si,,
0x71657E2,0x71657F0,14,ascii,eeTD4CCDEEETUE,si,,
0x71657F2,0x7165800,14,ascii,TeDDDDTUDT4UUU,si,,
0x7165802,0x7165810,14,ascii,TeEEUVTTEUFUVe,si,,
0x7165812,0x7165820,14,ascii,fffUfUffVfUVee,si,,
0x7165892,0x71658A0,14,ascii,343DD433CCC333,si,,
0x71658A2,0x71658B0,14,ascii,3333333333C333,si,,
0x71658B2,0x71658C0,14,ascii,UeeUeeUEeUVUeV,si,,
0x71658C2,0x71658D0,14,ascii,VeVfeVUUfeUVeV,si,,
0x71658D2,0x71658E0,14,ascii,33343C33333333,si,,
0x71658E2,0x71658F0,14,ascii,3CC3333333333C,si,,
0x7165A02,0x7165A10,14,ascii,DD434DD33433C3,si,,
0x7165A12,0x7165A20,14,ascii,4343D4443C33C3,si,,
0x7165A22,0x7165A30,14,ascii,33CD43C3C33333,si,,
0x7165A32,0x7165A40,14,ascii,3C433C4C3333D3,si,,
0x7165A42,0x7165A50,14,ascii,33333C43C33333,si,,
0x7165A52,0x7165A60,14,ascii,3333333333333C,si,,
0x7165A62,0x7165A70,14,ascii,3333443C43333C,si,,
0x7165A72,0x7165A80,14,ascii,433343CDC33D43,si,,
0x7165AA2,0x7165AB0,14,ascii,3433CC3CD33D43,si,,
0x7165AB2,0x7165AC0,14,ascii,334C3333334333,si,,
0x7165AC2,0x7165AD0,14,ascii,fVeffVVVfefEeU,si,,
0x7165AD2,0x7165AE0,14,ascii,UUEeUUUETUUTTD,si,,
0x7165AE2,0x7165AF0,14,ascii,EDDDE3STUUEDCT,si,,
0x7165AF2,0x7165B00,14,ascii,D4EDCEETDDCDDT,si,,
0x7165B02,0x7165B10,14,ascii,EDCDTDTDCDEDC3,si,,
0x7165B12,0x7165B20,14,ascii,43CD444CDDD45D,si,,
0x7165B22,0x7165B30,14,ascii,4DC33DDDDDD3DC,si,,
0x7165B32,0x7165B40,14,ascii,334C3DCDD3CC44,si,,
0x7165B42,0x7165B50,14,ascii,4CDETD4DDTCD4C,si,,
0x7165B52,0x7165B60,14,ascii,EDCCDTEDDDDTTT,si,,
0x7165B62,0x7165B70,14,ascii,EDDUDUUUDTDDTU,si,,
0x7165B72,0x7165B80,14,ascii,TD5DDDD4TDDDDD,si,,
0x7165B82,0x7165B90,14,ascii,DEDDDDDD4DDDDU,si,,
0x7165C22,0x7165C30,14,ascii,DC3C4DDTDTEDDT,si,,
0x7165C32,0x7165C40,14,ascii,ECDDTDCDT4UDDD,si,,
0x7165C42,0x7165C50,14,ascii,UeEDDTDTDDEDUU,si,,
0x7165C52,0x7165C60,14,ascii,ETDUUUTDVEUEEU,si,,
0x7165C62,0x7165C70,14,ascii,UUVffeeVVUUUEU,si,,
0x7165C72,0x7165C80,14,ascii,fTUVUeeUETTTDT,si,,
0x7165C82,0x7165C90,14,ascii,UDUUDUEUDEUUeU,si,,
0x7165C92,0x7165CA0,14,ascii,UUEUTDEDEDED4D,si,,
0x7165CA2,0x7165CB0,14,ascii,DDE4D4TDD54DDC,si,,
0x7165CB2,0x7165CC0,14,ascii,TCDD44344CC3DD,si,,
0x7165CC2,0x7165CD0,14,ascii,CD44DDCDCDCC3D,si,,
0x7165CD2,0x7165CE0,14,ascii,3C43344DC4C334,si,,
0x7165CE2,0x7165CF0,14,ascii,433D4D4333B343,si,,
0x7165CF2,0x7165D00,14,ascii,3C4DDDCE4EDDDD,si,,
0x7165D02,0x7165D10,14,ascii,DTTCDDDDDDDTTE,si,,
0x7165D12,0x7165D20,14,ascii,DUDTDUEDEEUUUU,si,,
0x7165D22,0x7165D30,14,ascii,UUeUUUUeUUUUUE,si,,
0x7165D32,0x7165D40,14,ascii,ETUUEUEUTDETUU,si,,
0x7165D42,0x7165D50,14,ascii,UETETTUUTTTTED,si,,
0x7165D52,0x7165D60,14,ascii,EEUUTTTDTTUEDE,si,,
0x7165D62,0x7165D70,14,ascii,U4DD44DDDSDDDT,si,,
0x7165D72,0x7165D80,14,ascii,DEDDTTDC33CDCD,si,,
0x7165D82,0x7165D90,14,ascii,CCDDCDDD4DD44S,si,,
0x7165D92,0x7165DA0,14,ascii,DDC332433334C4,si,,
0x7165DC2,0x7165DD0,14,ascii,43D333243434C3,si,,
0x7165DD2,0x7165DE0,14,ascii,334444CD43C44D,si,,
0x7165DE2,0x7165DF0,14,ascii,3D34444DCDD4CD,si,,
0x7165DF2,0x7165E00,14,ascii,4EDDDDDDDDDDDD,si,,
0x7165E02,0x7165E10,14,ascii,DETCDDDDCCCDDD,si,,
0x7165E12,0x7165E20,14,ascii,3DCD34D44DDEDD,si,,
0x7165E22,0x7165E30,14,ascii,DD4D5DDDCDDCDD,si,,
0x7165E32,0x7165E40,14,ascii,DDDDDDTD44DDDD,si,,
0x7165E42,0x7165E50,14,ascii,3D4DDCDDS4DDC4,si,,
0x7165E52,0x7165E60,14,ascii,DDD44DDDDC4DD4,si,,
0x7165E62,0x7165E70,14,ascii,4DDDD44C33C434,si,,
0x7165E72,0x7165E80,14,ascii,3343433DD3CD4D,si,,
0x7165F32,0x7165F40,14,ascii,233443D3C3D3D3,si,,
0x7165F42,0x7165F50,14,ascii,3D5TCUUUUUUTUe,si,,
0x7165F92,0x7165FA0,14,ascii,33333334333333,si,,
0x7165FA2,0x7165FB0,14,ascii,fUUUTUeeeUUFEU,si,,
0x7165FB2,0x7165FC0,14,ascii,EUTDDCDDDD3443,si,,
0x7165FC2,0x7165FCE,12,ascii,"3B333""""""!""2""",si,,
0x7166056,0x7166060,10,ascii,"!""""""223332",si,,
0x7166092,0x71660A0,14,ascii,"22""234333""""""""""",si,,
0x71660B2,0x71660C0,14,ascii,"3""233333C4C4D4",si,,
0x71660C2,0x71660D0,14,ascii,334333333334D4,si,,
0x71660D2,0x71660E0,14,ascii,CD4DCDTEDDCD4D,si,,
0x71660E2,0x71660F0,14,ascii,DETDDEDDDETTDE,si,,
0x71660F2,0x7166100,14,ascii,SDTDDDDDDDDDEU,si,,
0x7166102,0x7166110,14,ascii,UTTEEUUUUUUeUU,si,,
0x7166112,0x7166120,14,ascii,EUUUeUEUUUeUUU,si,,
0x7166122,0x7166130,14,ascii,ETEUUUeUEEUUTE,si,,
0x7166132,0x7166140,14,ascii,DDDDDDTETTUTUU,si,,
0x7166142,0x7166150,14,ascii,EUUTeUeEFUUUTU,si,,
0x7166152,0x7166160,14,ascii,VeeffeUUVfffVf,si,,
0x7166162,0x7166170,14,ascii,3333333C333333,si,,
0x7166172,0x7166180,14,ascii,33333343333333,si,,
0x7166182,0x7166190,14,ascii,VeUefVeeeUUVEU,si,,
0x7166192,0x71661A0,14,ascii,feVVTUUeUeUUTU,si,,
0x71661A2,0x71661B0,14,ascii,UUETUTUDTETEUU,si,,
0x71661B2,0x71661C0,14,ascii,UUUUEUUTDTTTEU,si,,
0x71663B4,0x71663C0,12,ascii,"!""""33C334333",si,,
0x7166862,0x7166870,14,ascii,DD442D4BD333B3,si,,
0x7169B62,0x7169B6D,11,ascii,D!CSfVE4DB4,si,,
0x716A092,0x716A0A0,14,ascii,BSUDDC3DUDdDUD,si,,
0x716A592,0x716A5A0,14,ascii,dVeUUU6EETSVUU,si,,
0x716A5A2,0x716A5B0,14,ascii,STEUD5TVTVUTU4,si,,
0x716A5B2,0x716A5C0,14,ascii,T43EDCS43EDDD5,si,,
0x716A5E2,0x716A5F0,14,ascii,CTECUUCETEeEUV,si,,
0x716A682,0x716A690,14,ascii,3C433333334CD3,si,,
0x716AC52,0x716AC60,14,ascii,fffdDTeVeUVfVf,si,,
0x716AC62,0x716AC70,14,ascii,ETUVVVUDUTVVTV,si,,
0x716AC72,0x716AC80,14,ascii,DUUUeFFfUfUefU,si,,
0x716AC82,0x716AC90,14,ascii,433333434CC333,si,,
0x716ACC2,0x716ACD0,14,ascii,43333323334333,si,,
0x716ACD2,0x716ACE0,14,ascii,efVffeeUUfeeeE,si,,
0x716ACE2,0x716ACF0,14,ascii,VUUTFFUVUDDUUV,si,,
0x716ACF2,0x716AD00,14,ascii,UEefefeVfVUffV,si,,
0x716AD02,0x716AD10,14,ascii,3DD33323333333,si,,
0x716AD12,0x716AD20,14,ascii,ffdTUfVfUVUeff,si,,
0x716AD22,0x716AD30,14,ascii,4333443344CDC3,si,,
0x716AD32,0x716AD40,14,ascii,3C33433D33C33C,si,,
0x716AD92,0x716ADA0,14,ascii,CCDDC333C4333C,si,,
0x716ADD2,0x716ADE0,14,ascii,4C4333C434D3D4,si,,
0x716ADE2,0x716ADF0,14,ascii,43DD4CDC3CDCC4,si,,
0x716AE72,0x716AE80,14,ascii,33CC4434C3343C,si,,
0x716AE92,0x716AEA0,14,ascii,33343344333332,si,,
0x716AEA2,0x716AEB0,14,ascii,33333333333C33,si,,
0x716AEB2,0x716AEC0,14,ascii,UUVfUUUeUffefe,si,,
0x716AEC2,0x716AED0,14,ascii,3333333333333C,si,,
0x716AED2,0x716AEE0,14,ascii,34333CC334D4D4,si,,
0x716AEE2,0x716AEF0,14,ascii,3D33C4333C43C3,si,,
0x716AF52,0x716AF60,14,ascii,3DC3C3D44D333C,si,,
0x716AF62,0x716AF70,14,ascii,333433D43333C4,si,,
0x716AF72,0x716AF80,14,ascii,33333C33333333,si,,
0x716AF82,0x716AF90,14,ascii,UVVUfffeeVUeeV,si,,
0x716AF92,0x716AFA0,14,ascii,33233333333433,si,,
0x716AFA2,0x716AFB0,14,ascii,UfefVeUVVVVVeU,si,,
0x716AFE2,0x716AFF0,14,ascii,DC3D434D43C4DC,si,,
0x716AFF2,0x716B000,14,ascii,DDD33DC4DDD3CD,si,,
0x716B012,0x716B020,14,ascii,C3C433C3CD3433,si,,
0x716B022,0x716B030,14,ascii,433C3333333333,si,,
0x716B032,0x716B040,14,ascii,UUUUeUUEUfeVVV,si,,
0x716B042,0x716B050,14,ascii,eUfEeEdeVeeUee,si,,
0x716B052,0x716B060,14,ascii,UEEDD44CDDDD43,si,,
0x716B062,0x716B070,14,ascii,DDD4DD4DTTEDDT,si,,
0x716B072,0x716B080,14,ascii,EDEdEdTEEUUeUT,si,,
0x716B082,0x716B090,14,ascii,TUDTDUEEEUDETU,si,,
0x716B0A2,0x716B0B0,14,ascii,UUVUTUeVefeeff,si,,
0x716B0B2,0x716B0C0,14,ascii,eeUUUeUUVUUfVf,si,,
0x716B0C2,0x716B0D0,14,ascii,33334433333333,si,,
0x716B0E2,0x716B0F0,14,ascii,33C4CC33333323,si,,
0x716B102,0x716B110,14,ascii,eeffEUVeeffVff,si,,
0x716B112,0x716B120,14,ascii,33333334334433,si,,
0x716B122,0x716B130,14,ascii,fUffVVUeUefUUe,si,,
0x716B132,0x716B140,14,ascii,33333333323343,si,,
0x716B142,0x716B150,14,ascii,33433333333332,si,,
0x716B152,0x716B160,14,ascii,TdUUVUUEUeUUfV,si,,
0x716B162,0x716B170,14,ascii,UVeVUVUefffeff,si,,
0x716B172,0x716B180,14,ascii,33433333333333,si,,
0x716B182,0x716B190,14,ascii,UVVfffVeeeUUVU,si,,
0x716B192,0x716B1A0,14,ascii,33333333343333,si,,
0x716B1A2,0x716B1B0,14,ascii,feVUefeeeVVffV,si,,
0x716B1B2,0x716B1C0,14,ascii,UUeUfVfUUeVfUV,si,,
0x716B1C2,0x716B1D0,14,ascii,eUUUUTEUeUeeff,si,,
0x716B1D2,0x716B1E0,14,ascii,33333333433333,si,,
0x716B1E2,0x716B1F0,14,ascii,3333C4434433D3,si,,
0x716B1F2,0x716B200,14,ascii,DC44CC3C333333,si,,
0x716B212,0x716B220,14,ascii,"""3333333433333",si,,
0x716B222,0x716B230,14,ascii,VffUfeUVVVUUTe,si,,
0x716B242,0x716B250,14,ascii,VVUVVUeeUUVfUV,si,,
0x716B252,0x716B260,14,ascii,UDUUDDUVTTDDDT,si,,
0x716B262,0x716B270,14,ascii,UUeUUUeUVEVUVF,si,,
0x716B272,0x716B280,14,ascii,EEUEVUUEUUEDUT,si,,
0x716B282,0x716B290,14,ascii,UTDUDDDUED4D4D,si,,
0x716B292,0x716B2A0,14,ascii,D5DTEDDCDD44DD,si,,
0x716B2A2,0x716B2B0,14,ascii,DCD4DD3CDTDD44,si,,
0x716B2B2,0x716B2C0,14,ascii,DDTTDDDSUDTTDT,si,,
0x716B2C2,0x716B2D0,14,ascii,DEUTTTU4DDCDDD,si,,
0x716B2D2,0x716B2E0,14,ascii,DDEDDUDDDTEEDE,si,,
0x716B2E2,0x716B2F0,14,ascii,TDTDDEDTTEDDDT,si,,
0x716B2F2,0x716B300,14,ascii,EETUUUFeETTTVU,si,,
0x716B302,0x716B310,14,ascii,UUUUUVVUfVeUTU,si,,
0x716B312,0x716B320,14,ascii,eeeeVVUUfUeeVV,si,,
0x716B322,0x716B330,14,ascii,ffUUeefeVUefVV,si,,
0x716B332,0x716B340,14,ascii,3323333333343C,si,,
0x716B342,0x716B350,14,ascii,feffUeeUUUfVUE,si,,
0x716B352,0x716B360,14,ascii,UVEFUUUEUUUUEE,si,,
0x716B362,0x716B370,14,ascii,UUTUUEEUUUTUTD,si,,
0x716B372,0x716B380,14,ascii,UUUUDTECDD55CE,si,,
0x716B382,0x716B390,14,ascii,TDTDDTETTDDDDD,si,,
0x716B392,0x716B3A0,14,ascii,TCCDDDD4DCD434,si,,
0x716B3A2,0x716B3B0,14,ascii,3CDDC4C44D4DC3,si,,
0x716B3C2,0x716B3D0,14,ascii,3C3C4C33CCD3C4,si,,
0x716B3D2,0x716B3E0,14,ascii,DEDD4C4SD43344,si,,
0x716B3E2,0x716B3F0,14,ascii,CDDD3DDDDCDDDE,si,,
0x716B3F2,0x716B400,14,ascii,DDDDDD4DDEDDDD,si,,
0x716B402,0x716B410,14,ascii,DTDDTTEDET4TDT,si,,
0x716B412,0x716B420,14,ascii,DEDDCD3DDDDSSD,si,,
0x716B422,0x716B430,14,ascii,DDDDDDD434DC33,si,,
0x716B4A2,0x716B4B0,14,ascii,"2""""""""""23323C23",si,,
0x716B4B2,0x716B4C0,14,ascii,33B3CCDCD3CDD4,si,,
0x716B4C2,0x716B4D0,14,ascii,DDCTD433CDCDCC,si,,
0x716B4D2,0x716B4E0,14,ascii,DDDCDTDUDDDDED,si,,
0x716B4E2,0x716B4F0,14,ascii,C4EEEDDTDDEDDD,si,,
0x716B4F2,0x716B500,14,ascii,ECDDDE4DCEDDDC,si,,
0x716B502,0x716B510,14,ascii,DDCC4DD4CDCSDD,si,,
0x716B512,0x716B520,14,ascii,DCT4ED4D44C433,si,,
0x716B522,0x716B530,14,ascii,343D34DCDD44CD,si,,
0x716B582,0x716B590,14,ascii,3434DCC34DDDD4,si,,
0x716B592,0x716B5A0,14,ascii,D4DDTCTTDD4DDT,si,,
0x716B5A2,0x716B5B0,14,ascii,DEDTT4DDDETUUD,si,,
0x716B5B2,0x716B5C0,14,ascii,DTDTDDDUUTTTED,si,,
0x716B5C2,0x716B5D0,14,ascii,TEEEDEEEUDDDEU,si,,
0x716B5D2,0x716B5E0,14,ascii,EDDDDDEDTTDDD4,si,,
0x716B5E2,0x716B5F0,14,ascii,DDDDTDSDDD34CD,si,,
0x716B5F2,0x716B600,14,ascii,D44DDDEEDCD4DD,si,,
0x716B602,0x716B610,14,ascii,D4CDD4DD4D4C33,si,,
0x716B612,0x716B620,14,ascii,43C33333CD4334,si,,
0x716B632,0x716B640,14,ascii,4333D3D3333332,si,,
0x716B642,0x716B650,14,ascii,23334333332333,si,,
0x716B682,0x716B690,14,ascii,33323333333C33,si,,
0x716B6C2,0x716B6D0,14,ascii,233322333BC343,si,,
0x716B6E2,0x716B6F0,14,ascii,23323333332233,si,,
0x716B7F2,0x716B800,14,ascii,"""!""""""""""!""32""""!",si,,
0x716B832,0x716B840,14,ascii,"222""""""""""2""2""2""",si,,
0x716B855,0x716B860,11,ascii,"""""""""""""""""!!""",si,,
0x716B862,0x716B870,14,ascii,"""!""""""!!""!""""""!""",si,,
0x716B8B2,0x716B8C0,14,ascii,"""""""""2""""""""""""""3""",si,,
0x716B942,0x716B94F,13,ascii,"""!""""""""""!""""""!!",si,,
0x7170832,0x7170840,14,ascii,233C434334D3B4,si,,
0x7171422,0x7171430,14,ascii,3D34C334D43333,si,,
0x7171432,0x7171440,14,ascii,"3433332""333C33",si,,
0x7171452,0x7171460,14,ascii,3CC32323333B32,si,,
0x7171702,0x7171710,14,ascii,DCCD333333333C,si,,
0x71717C2,0x71717D0,14,ascii,eTUUTEDUUTDUTU,si,,
0x71717D2,0x71717E0,14,ascii,T4CCDEEUEUEUee,si,,
0x71717F2,0x7171800,14,ascii,4C34333333CC3C,si,,
0x7171AF2,0x7171B00,14,ascii,333D33D3333323,si,,
0x7171B02,0x7171B10,14,ascii,33333333C333C3,si,,
0x7171B12,0x7171B20,14,ascii,D3333332333433,si,,
0x7171B22,0x7171B30,14,ascii,333333334D4C33,si,,
0x7171B52,0x7171B60,14,ascii,333DCD34C4C443,si,,
0x7171B82,0x7171B90,14,ascii,3343C333333333,si,,
0x7171B92,0x7171BA0,14,ascii,ffUD5UDeUdUUff,si,,
0x7171BA2,0x7171BB0,14,ascii,UfVVEEVTUUUVUE,si,,
0x7171BB2,0x7171BC0,14,ascii,UDTUVU5UTDDT5D,si,,
0x7171BC2,0x7171BD0,14,ascii,D433DETEDT4DTE,si,,
0x7171BD2,0x7171BE0,14,ascii,TETEUEUdETUEUE,si,,
0x7171BE2,0x7171BF0,14,ascii,TTEDEDDDDDDDDD,si,,
0x7171BF2,0x7171C00,14,ascii,TDTDDTEDfUVVUd,si,,
0x7171C02,0x7171C10,14,ascii,UTefffVVVEUUeU,si,,
0x7171C12,0x7171C20,14,ascii,33333343334333,si,,
0x7171C52,0x7171C60,14,ascii,3C3D33D343333C,si,,
0x7171C72,0x7171C80,14,ascii,CCCDC4C3CDC433,si,,
0x7171C92,0x7171CA0,14,ascii,3CD4CCDCC3D333,si,,
0x7171CA2,0x7171CB0,14,ascii,VEVUffUefeUUVU,si,,
0x7171CB2,0x7171CC0,14,ascii,UUVUTVefUUTUVU,si,,
0x7171CC2,0x7171CD0,14,ascii,23322333332343,si,,
0x7171CD2,0x7171CE0,14,ascii,33CCD4333334C3,si,,
0x7171CE2,0x7171CF0,14,ascii,3C33C333333333,si,,
0x7171CF2,0x7171D00,14,ascii,3333C433433344,si,,
0x7171D22,0x7171D30,14,ascii,343C34DD34DC44,si,,
0x7171D62,0x7171D70,14,ascii,3CC4DDD34CC343,si,,
0x7171D72,0x7171D80,14,ascii,44D333C333C33C,si,,
0x7171D92,0x7171DA0,14,ascii,333DC343C43333,si,,
0x7171DA2,0x7171DB0,14,ascii,DCC33D44433333,si,,
0x7171DB2,0x7171DC0,14,ascii,3D34333D343343,si,,
0x7171DC2,0x7171DD0,14,ascii,VEEfffVefeUeff,si,,
0x7171DD2,0x7171DE0,14,ascii,fffeeUVVeeVVVd,si,,
0x7171DF2,0x7171E00,14,ascii,TUUfeEfUVTeVUT,si,,
0x7171E02,0x7171E10,14,ascii,UdVUUeeFDED4UT,si,,
0x7171E12,0x7171E20,14,ascii,SDDEDTTUUEUfUU,si,,
0x7171E22,0x7171E30,14,ascii,EVUffeUUeVVffU,si,,
0x7171E32,0x7171E40,14,ascii,VUTTUVeffeeVee,si,,
0x7171E52,0x7171E60,14,ascii,43333333333333,si,,
0x7171E62,0x7171E70,14,ascii,33333DC34333CC,si,,
0x7171E82,0x7171E90,14,ascii,DDCC3D3333D433,si,,
0x7171E92,0x7171EA0,14,ascii,333DDC3C3CD333,si,,
0x7171EA2,0x7171EB0,14,ascii,43333333C333C3,si,,
0x7171EB2,0x7171EC0,14,ascii,33C33333333333,si,,
0x7171EC2,0x7171ED0,14,ascii,efefUUVUeeUeUV,si,,
0x7171ED2,0x7171EE0,14,ascii,TUUEUffUUEUDEE,si,,
0x7171EE2,0x7171EF0,14,ascii,TDDTEUDDDdEDDE,si,,
0x7171EF2,0x7171F00,14,ascii,DDUUUEeVVVUUUE,si,,
0x7171F02,0x7171F10,14,ascii,EUT4DUEETDDUET,si,,
0x7171F12,0x7171F20,14,ascii,DUTDDTC3EDUSTD,si,,
0x7171F22,0x7171F30,14,ascii,UUEeUUUfVUTUUU,si,,
0x7171F32,0x7171F40,14,ascii,DUTUEEdUUTeeeU,si,,
0x7171F52,0x7171F60,14,ascii,eVVefffffffVef,si,,
0x7171F62,0x7171F70,14,ascii,333333CC3333D4,si,,
0x7171F72,0x7171F80,14,ascii,D3CCC4C3433C33,si,,
0x7171F82,0x7171F90,14,ascii,33434CC4CD4344,si,,
0x7171F92,0x7171FA0,14,ascii,4C3343CC333333,si,,
0x7171FB2,0x7171FC0,14,ascii,UdETeUUUfVUUUU,si,,
0x7171FC2,0x7171FD0,14,ascii,UETDTUUUEEDUEU,si,,
0x7171FD2,0x7171FE0,14,ascii,UTTEUTTDDUEUTD,si,,
0x7171FE2,0x7171FF0,14,ascii,EUUUEDDESTEUTU,si,,
0x7171FF2,0x7172000,14,ascii,eUUTUUUEUTUUEU,si,,
0x7172002,0x7172010,14,ascii,UUUVeUeUUUUUET,si,,
0x7172012,0x7172020,14,ascii,2333333C3C333C,si,,
0x7172022,0x7172030,14,ascii,334CDD44434C33,si,,
0x7172072,0x7172080,14,ascii,CDDCD344443C3C,si,,
0x7172082,0x7172090,14,ascii,3333333C4333D3,si,,
0x7172092,0x71720A0,14,ascii,C3333333333333,si,,
0x71720A2,0x71720B0,14,ascii,fTUUDDDDUUUdTd,si,,
0x71720B2,0x71720C0,14,ascii,UeUTeUUeEUUEUU,si,,
0x71720C2,0x71720D0,14,ascii,FEUTUTUEUUTUTU,si,,
0x71720D2,0x71720E0,14,ascii,UTeTUEUUUUETTU,si,,
0x71720E2,0x71720F0,14,ascii,UUUUUDTUUUUUVV,si,,
0x71720F2,0x7172100,14,ascii,33333433333333,si,,
0x7172102,0x7172110,14,ascii,34333333333333,si,,
0x7172112,0x7172120,14,ascii,33C433D4DCCCC4,si,,
0x7172122,0x7172130,14,ascii,333CCC3333C333,si,,
0x7172132,0x7172140,14,ascii,3333333433D333,si,,
0x7172142,0x7172150,14,ascii,3333333CC33333,si,,
0x7172152,0x7172160,14,ascii,UfUeeeeeeVeFfU,si,,
0x7172162,0x7172170,14,ascii,UUfVVfeeUfVUee,si,,
0x7172172,0x7172180,14,ascii,"3433333233""333",si,,
0x7172182,0x7172190,14,ascii,UEUDeeVEETUUDD,si,,
0x7172192,0x71721A0,14,ascii,UTEEUEDTUDTTDT,si,,
0x71721A2,0x71721B0,14,ascii,ETTDD4TTETDEDD,si,,
0x71721B2,0x71721C0,14,ascii,EDDUTETEUUTeeU,si,,
0x71721C2,0x71721D0,14,ascii,EUUEUUDEUUETEE,si,,
0x71721D2,0x71721E0,14,ascii,VUUDUDUEDEDDTU,si,,
0x71721E2,0x71721F0,14,ascii,eUVUUUETTETUEU,si,,
0x71721F2,0x7172200,14,ascii,TTUEUFVEUEEUTT,si,,
0x7172202,0x7172210,14,ascii,UTUDTDDUDSDDDC,si,,
0x7172212,0x7172220,14,ascii,DSTTDTTTDETTDD,si,,
0x7172222,0x7172230,14,ascii,EUUDDDDDTTTTED,si,,
0x7172232,0x7172240,14,ascii,UUTUTDDETDDTET,si,,
0x7172242,0x7172250,14,ascii,UEEUETDTD4DDCD,si,,
0x7172252,0x7172260,14,ascii,CTDDDDC33D4333,si,,
0x7172272,0x7172280,14,ascii,3C3C443434CC4D,si,,
0x7172282,0x7172290,14,ascii,C4CCC3C4C44CCC,si,,
0x71722A2,0x71722B0,14,ascii,"33""443C333433D",si,,
0x71722B2,0x71722C0,14,ascii,4CC3343C33333C,si,,
0x71722C2,0x71722D0,14,ascii,CD3433C4433C33,si,,
0x7172342,0x7172350,14,ascii,22C3D2333C3334,si,,
0x7172352,0x7172360,14,ascii,334333444C4CD4,si,,
0x7172362,0x7172370,14,ascii,4DDCCCD4DD4D4D,si,,
0x7172372,0x7172380,14,ascii,D43DDD3343D43C,si,,
0x7172382,0x7172390,14,ascii,D4C3CCDD343DCD,si,,
0x7172392,0x71723A0,14,ascii,D33D44CDDCCD44,si,,
0x71723B2,0x71723C0,14,ascii,"23CC333""3423C2",si,,
0x71723D2,0x71723E0,14,ascii,"""2222322333332",si,,
0x71723E2,0x71723F0,14,ascii,3B3C3333333342,si,,
0x7172412,0x7172420,14,ascii,43C3343CDDE44D,si,,
0x7172422,0x7172430,14,ascii,3DCDDD4DDDUDD4,si,,
0x7172432,0x7172440,14,ascii,4DSDDDDDDTDDTD,si,,
0x7172442,0x7172450,14,ascii,TDEDDDETTUDTUT,si,,
0x7172452,0x7172460,14,ascii,UDDTTDEDTDDDDD,si,,
0x7172462,0x7172470,14,ascii,UDUEETTDDDEE4C,si,,
0x7172472,0x7172480,14,ascii,DDDTDDDDDDEDDT,si,,
0x7172482,0x7172490,14,ascii,TDDD4DDCCCD3CD,si,,
0x71724B2,0x71724C0,14,ascii,343C4CCC3333C3,si,,
0x7172502,0x7172510,14,ascii,3C3334CCD43C34,si,,
0x7172512,0x7172520,14,ascii,434D4DD44DC4DD,si,,
0x7172522,0x7172530,14,ascii,CDCDD4344DDD43,si,,
0x7172532,0x7172540,14,ascii,3433C43333DCC4,si,,
0x7172542,0x7172550,14,ascii,C333D3D33C43D4,si,,
0x7172552,0x7172560,14,ascii,3C3DDD33DC343D,si,,
0x71725B2,0x71725C0,14,ascii,"""2""33232""2""2""2",si,,
0x7172672,0x7172680,14,ascii,"""""""!""""""""""""""""""""",si,,
0x71727B2,0x71727C0,14,ascii,"""3""232""33""""333",si,,
0x71728A2,0x71728AC,10,ascii,"""""""!""!""""""!",si,,
0x7172914,0x7172920,12,ascii,"""""""""""""""""""""""""",si,,
0x7172935,0x7172940,11,ascii,"""""""!""""""!""""""",si,,
0x7172942,0x717294F,13,ascii,"""""""""""""""""""""""""""",si,,
0x7176462,0x7176470,14,ascii,EDDEC3TTTefVTT,si,,
0x71765F2,0x7176600,14,ascii,UUVeUDDDeeF5Dd,si,,
0x7176745,0x7176750,11,ascii,"1!!!""D42223",si,,
0x71767F2,0x7176800,14,ascii,efUED43CCCTCD3,si,,
0x7176862,0x7176870,14,ascii,SESDDDTDE433CU,si,,
0x7176A02,0x7176A10,14,ascii,CCTEUUfffUVeUU,si,,
0x7176B12,0x7176B20,14,ascii,VUEDDEEUUETUUU,si,,
0x7176B22,0x7176B30,14,ascii,DDDDEEUEDECdVU,si,,
0x7176B32,0x7176B40,14,ascii,UUUEFUDD4D2DCD,si,,
0x7176B42,0x7176B50,14,ascii,T544DD44DDC434,si,,
0x7176BC6,0x7176BD0,10,ascii,"""CDCDDDDeE",si,,
0x7176D42,0x7176D50,14,ascii,"233CD244CCD33""",si,,
0x7176D72,0x7176D80,14,ascii,"""233334DC43CC3",si,,
0x7176EC2,0x7176ED0,14,ascii,2CSTeDDDTUDDC4,si,,
0x7176F52,0x7176F60,14,ascii,"233D333""3""CC3D",si,,
0x7177032,0x7177040,14,ascii,VUfEEED4eUVfUT,si,,
0x71770B2,0x71770C0,14,ascii,DFVeVTDTCDFUVT,si,,
0x71770C2,0x71770D0,14,ascii,DDCDTUEUTVfVVV,si,,
0x71770D2,0x71770E0,14,ascii,2333DDD4333CC3,si,,
0x71770F2,0x7177100,14,ascii,VETEDCTUDCTTTE,si,,
0x7177102,0x7177110,14,ascii,"TUTTED4433""""22",si,,
0x7177192,0x71771A0,14,ascii,"""""""""33333C4433",si,,
0x7177242,0x7177250,14,ascii,dVfVVfVefVUVfE,si,,
0x7177272,0x7177280,14,ascii,3DC443TdUVUUUU,si,,
0x71772F2,0x7177300,14,ascii,4TefV3324TDU3C,si,,
0x71794F3,0x7179500,13,ascii,2DD5F63FTTCSU,si,,
0x717A492,0x717A4A0,14,ascii,"C3DDCCCCCC42""3",si,,
0x717A4C2,0x717A4D0,14,ascii,34DC4DC4C333DC,si,,
0x717A7B2,0x717A7C0,14,ascii,33343333334333,si,,
0x717A7C2,0x717A7D0,14,ascii,VeEEVETUDF4DEE,si,,
0x717A7D2,0x717A7E0,14,ascii,DU4DDDETdTUTdT,si,,
0x717A7E2,0x717A7F0,14,ascii,eVDEETET45TE4D,si,,
0x717A7F2,0x717A800,14,ascii,DDDUDCDDTTEDRS,si,,
0x717A812,0x717A820,14,ascii,3343C33333334C,si,,
0x717A882,0x717A890,14,ascii,4334D333D33433,si,,
0x717A892,0x717A8A0,14,ascii,eeeUVDEeeFeUFd,si,,
0x717A8A2,0x717A8B0,14,ascii,eUUUUVUEDEUFVU,si,,
0x717A8E2,0x717A8F0,14,ascii,33C4C333333333,si,,
0x717AA72,0x717AA80,14,ascii,3D43333C44C333,si,,
0x717AA92,0x717AAA0,14,ascii,333C3333443333,si,,
0x717AAA2,0x717AAB0,14,ascii,3C3333333C33C3,si,,
0x717AAB2,0x717AAC0,14,ascii,43333DD443C433,si,,
0x717AAC2,0x717AAD0,14,ascii,333CCC33C44334,si,,
0x717AAD2,0x717AAE0,14,ascii,C3334D34333333,si,,
0x717AAE2,0x717AAF0,14,ascii,ffEUUUEUEUUTEU,si,,
0x717AAF2,0x717AB00,14,ascii,EEUVUVUDeFUVVV,si,,
0x717AB02,0x717AB10,14,ascii,344333C4333333,si,,
0x717AB12,0x717AB20,14,ascii,feTUfffVEVfUfe,si,,
0x717AB22,0x717AB30,14,ascii,3333D333333333,si,,
0x717AB32,0x717AB40,14,ascii,3333333334333C,si,,
0x717AB42,0x717AB50,14,ascii,33433333333433,si,,
0x717AB52,0x717AB60,14,ascii,33333333C33333,si,,
0x717AB72,0x717AB80,14,ascii,33334433323333,si,,
0x717AB82,0x717AB90,14,ascii,"""""23333333333C",si,,
0x717AB92,0x717ABA0,14,ascii,33333D333333D3,si,,
0x717ABA2,0x717ABB0,14,ascii,333333433333D3,si,,
0x717ABC2,0x717ABD0,14,ascii,UVeUVeeeUVUffe,si,,
0x717ABD2,0x717ABE0,14,ascii,efVefVVUUVfeff,si,,
0x717ABE2,0x717ABF0,14,ascii,3333333333C333,si,,
0x717ABF2,0x717AC00,14,ascii,43C334CDD3443D,si,,
0x717AC02,0x717AC10,14,ascii,3D43C334443CC4,si,,
0x717ACB2,0x717ACC0,14,ascii,333C433CDCC33C,si,,
0x717ACC2,0x717ACD0,14,ascii,4C44C4DCC343DD,si,,
0x717AD82,0x717AD90,14,ascii,333333CCC33333,si,,
0x717AD92,0x717ADA0,14,ascii,33333333343333,si,,
0x717ADB2,0x717ADC0,14,ascii,ffVTeeFefUfVVf,si,,
0x717ADD2,0x717ADE0,14,ascii,333D3CC3D33343,si,,
0x717AE62,0x717AE70,14,ascii,3D3D4333CDD433,si,,
0x717AE72,0x717AE80,14,ascii,33D43333333333,si,,
0x717AE82,0x717AE90,14,ascii,43333333333C33,si,,
0x717AE92,0x717AEA0,14,ascii,eeeVeVUUfVUUUT,si,,
0x717AEA2,0x717AEB0,14,ascii,UfVUEEUUUEUeeU,si,,
0x717AEB2,0x717AEC0,14,ascii,VUUeUVDUUUeTUU,si,,
0x717AEC2,0x717AED0,14,ascii,TTEUUUTEETDUEU,si,,
0x717AED2,0x717AEE0,14,ascii,efVTUUUUUeUeUU,si,,
0x717AEE2,0x717AEF0,14,ascii,EEETEUDEEEUVUU,si,,
0x717AEF2,0x717AF00,14,ascii,UEeVeUVUUUUTTe,si,,
0x717AF02,0x717AF10,14,ascii,VVUeUUeUVEUFUU,si,,
0x717AF12,0x717AF20,14,ascii,UEDEDTeTTUTEDE,si,,
0x717AF22,0x717AF30,14,ascii,4DCDCDETTUUTDD,si,,
0x717AF32,0x717AF40,14,ascii,TUEDDDTDDDDDDD,si,,
0x717AF42,0x717AF50,14,ascii,DDDDDDDDD4DDTC,si,,
0x717AF52,0x717AF60,14,ascii,DC3C23C3444343,si,,
0x717AF62,0x717AF70,14,ascii,3C3C3D43D334CC,si,,
0x717AF82,0x717AF90,14,ascii,333333443C4D44,si,,
0x717AF92,0x717AFA0,14,ascii,3CC3C4DTDDCDCD,si,,
0x717AFA2,0x717AFB0,14,ascii,DTCD4C3C34CDDC,si,,
0x717AFB2,0x717AFC0,14,ascii,DDTDDDDTEEETTD,si,,
0x717AFC2,0x717AFD0,14,ascii,DDDC34DCDDC4TT,si,,
0x717AFD2,0x717AFE0,14,ascii,D4DDDD4354D3CC,si,,
0x717AFE2,0x717AFF0,14,ascii,44EUDDDEDTDTDE,si,,
0x717AFF2,0x717B000,14,ascii,EDU5EDSDDDDDED,si,,
0x717B002,0x717B010,14,ascii,DCDDDDDD4DDDDT,si,,
0x717B012,0x717B020,14,ascii,DDEEEEDCDCDCCD,si,,
0x717B022,0x717B030,14,ascii,DDTE4DED4DDDUD,si,,
0x717B032,0x717B040,14,ascii,DEDEDDTT3DCDTT,si,,
0x717B042,0x717B050,14,ascii,UDEUUDTTUUUUET,si,,
0x717B052,0x717B060,14,ascii,UUETDDUEUUTUUe,si,,
0x717B062,0x717B070,14,ascii,VUVeeeUUUUUeUV,si,,
0x717B072,0x717B080,14,ascii,UUDEeEUEeUeDEE,si,,
0x717B082,0x717B090,14,ascii,UUUUUdUEUUEUUU,si,,
0x717B092,0x717B0A0,14,ascii,UeUVfUUEUUTUTU,si,,
0x717B0A2,0x717B0B0,14,ascii,EEUEEEDDTDDTTU,si,,
0x717B0B2,0x717B0C0,14,ascii,DUUTUDeTUTTDEU,si,,
0x717B0C2,0x717B0D0,14,ascii,UDETTTEDDEETUU,si,,
0x717B0D2,0x717B0E0,14,ascii,TTUUUTUEUUEUUU,si,,
0x717B0E2,0x717B0F0,14,ascii,TUTUfEVEUUeTee,si,,
0x717B0F2,0x717B100,14,ascii,UUefUfffUUUVUV,si,,
0x717B102,0x717B110,14,ascii,UfUeUVVUeffUeU,si,,
0x717B112,0x717B120,14,ascii,ffffeVefVfffee,si,,
0x717B122,0x717B130,14,ascii,eUVfVeeUfUVefV,si,,
0x717B132,0x717B140,14,ascii,UUUeUeVUUUUUVU,si,,
0x717B142,0x717B150,14,ascii,UUVUUUUeUVEVeU,si,,
0x717B152,0x717B160,14,ascii,VUUUUUUUUTETUT,si,,
0x717B162,0x717B170,14,ascii,UETDDDDDDCDDD4,si,,
0x717B172,0x717B180,14,ascii,DEEEDCD444D4DE,si,,
0x717B182,0x717B190,14,ascii,DD33CDDT4D45CC,si,,
0x717B192,0x717B1A0,14,ascii,D44D4DD3DCD433,si,,
0x717B1A2,0x717B1B0,14,ascii,34DDCCDDCDD4DD,si,,
0x717B1B2,0x717B1C0,14,ascii,D3DDUDDEDDTTDD,si,,
0x717B1C2,0x717B1D0,14,ascii,CDCCTD3DSDDDD4,si,,
0x717B1D2,0x717B1E0,14,ascii,DEDDDDDDEEUTUU,si,,
0x717B1E2,0x717B1F0,14,ascii,EUEDTDUUUUTDTT,si,,
0x717B1F2,0x717B200,14,ascii,TTUUTEUDDUTDTT,si,,
0x717B202,0x717B210,14,ascii,UeUVUUUTVDTTTT,si,,
0x717B212,0x717B220,14,ascii,UEDTTTeVUUUUUE,si,,
0x717B222,0x717B230,14,ascii,EEUUeUEEUUTETD,si,,
0x717B232,0x717B240,14,ascii,UTVEDTDDDTDTTD,si,,
0x717B242,0x717B250,14,ascii,DDDDD44DC4DDD4,si,,
0x717B2D2,0x717B2E0,14,ascii,33323C33333323,si,,
0x717B302,0x717B310,14,ascii,44DDC3D4CCC444,si,,
0x717B312,0x717B320,14,ascii,CDCDD334C44334,si,,
0x717B322,0x717B330,14,ascii,CDCDC43C333C34,si,,
0x717B332,0x717B340,14,ascii,34C3CCC3343433,si,,
0x717B342,0x717B350,14,ascii,43344D33334C43,si,,
0x717B3A2,0x717B3B0,14,ascii,3433DD3D33CDCC,si,,
0x717B3B2,0x717B3C0,14,ascii,C4DC43CDD43CDC,si,,
0x717B3C2,0x717B3D0,14,ascii,D3C3DCDDDDCDDD,si,,
0x717B3D2,0x717B3E0,14,ascii,TDDDD4DDDDTDED,si,,
0x717B3E2,0x717B3F0,14,ascii,DTDEDDDTDTDDDD,si,,
0x717B3F2,0x717B400,14,ascii,DDDDDDDDTEDDUT,si,,
0x717B402,0x717B410,14,ascii,DDDEDDDD4C44D4,si,,
0x717B412,0x717B420,14,ascii,34CDD4D4DD4DDD,si,,
0x717B422,0x717B430,14,ascii,TD4DDDDDTCDDDE,si,,
0x717B432,0x717B440,14,ascii,TC4DEEDD4DDEDD,si,,
0x717B442,0x717B450,14,ascii,DTTDDDCD4D44DD,si,,
0x717B452,0x717B460,14,ascii,4DDD34DDC334D3,si,,
0x717B462,0x717B470,14,ascii,DCCD43C3CD4DDD,si,,
0x717B472,0x717B480,14,ascii,DCC3DDDDCDDDDD,si,,
0x717B482,0x717B490,14,ascii,DD4CCCDDDCD4DT,si,,
0x717B492,0x717B4A0,14,ascii,D44DCD4CCDD4C4,si,,
0x717B4A2,0x717B4B0,14,ascii,34D4C3DCDCD4CD,si,,
0x717B4B2,0x717B4C0,14,ascii,4443CDD3DD44DD,si,,
0x717B4C2,0x717B4D0,14,ascii,3434CDD43DDCC3,si,,
0x717B4D2,0x717B4E0,14,ascii,3CDDDD3DDD33C4,si,,
0x717B4E2,0x717B4F0,14,ascii,3D33C4DDD3344C,si,,
0x717B4F2,0x717B500,14,ascii,4D3CCDDC34CD4C,si,,
0x717B502,0x717B510,14,ascii,DCD3D333D4C433,si,,
0x717B512,0x717B520,14,ascii,34333DCD3C434D,si,,
0x717B522,0x717B530,14,ascii,3C3CD333334D43,si,,
0x717B542,0x717B550,14,ascii,3C333334CCDC3D,si,,
0x717B562,0x717B570,14,ascii,3333333C333323,si,,
0x717B642,0x717B650,14,ascii,"2""""222""""""""""""""!",si,,
0x717B715,0x717B720,11,ascii,"""""""""""""""!""""""",si,,
0x717B726,0x717B730,10,ascii,"""""""""""""!!""""",si,,
0x717B8C2,0x717B8D0,14,ascii,E4332D43DDD323,si,,
0x717B8D2,0x717B8E0,14,ascii,33CCDC44433DDE,si,,
0x717B8E2,0x717B8F0,14,ascii,D3CC3D343333CC,si,,
0x717C0E6,0x717C0F1,11,ascii,3UUCSTUCBC',si,,
0x7180E32,0x7180E40,14,ascii,4C3333C3433343,si,,
0x7180E52,0x7180E60,14,ascii,343333333233B3,si,,
0x7180E62,0x7180E70,14,ascii,33333333C333C3,si,,
0x7180E72,0x7180E80,14,ascii,33333343333333,si,,
0x7180E82,0x7180E90,14,ascii,3343C33333C333,si,,
0x7180E92,0x7180EA0,14,ascii,fVfdVVfUUVVUVV,si,,
0x7180EA2,0x7180EB0,14,ascii,333333C3333333,si,,
0x7180EB2,0x7180EC0,14,ascii,UTUUfVUVVUVUEe,si,,
0x7180EC2,0x7180ED0,14,ascii,UUUUEUUdeUUTUU,si,,
0x7180ED2,0x7180EE0,14,ascii,UDUTDUUTEUUUE4,si,,
0x7180EE2,0x7180EF0,14,ascii,U44DT533DD4D5C,si,,
0x7180EF2,0x7180F00,14,ascii,DCD4DCC3333243,si,,
0x71831A0,0x71831B6,22,ascii,"What's wrong, ma'am?  ",,,
0x71831C8,0x71831F2,42,ascii,"That man, he... he planted a bomb\nin here!",,si,
0x7183204,0x7183216,18,ascii,A bomb? Where?!   ,,si,
0x7183228,0x7183252,42,ascii,"Ma'am, if this is your idea of a\njoke.... ",,si,
0x7183264,0x718328E,42,ascii,He said to tell you it would go off\nsoon! ,,si,
0x71832A0,0x71832B2,18,ascii,This isn't good.  ,,si,
0x71832C4,0x71832DA,22,ascii,"He put it in my Elles,",,si,
0x71832EC,0x718330E,34,ascii,then placed it among all these.   ,,si,
0x7183320,0x718333E,30,ascii,Son of a bitch is buying time.,,si,
0x7183350,0x7183362,18,ascii,Where? Which bag? ,,si,
0x7183374,0x7183392,30,ascii,I was scared.  I didn't see.  ,,si,
0x71833A4,0x71833C2,30,ascii,There's just so many of them. ,,si,
0x71833D4,0x71833F6,34,ascii,He said you can't touch it either!,,si,
0x7183408,0x7183426,30,ascii,"God damn, of all the places.  ",,si,
0x7183438,0x718346E,54,ascii,You're telling us you don't\nrecognize your own bag?   ,,si,
0x7183480,0x71834AA,42,ascii,I don't know! I only bought it\nrecently.  ,,si,
0x71834BC,0x71834EE,50,ascii,This is just great.  Had to be an\nElles outlet.   ,,si,
0x7183500,0x7183522,34,ascii,No way we could check each one.   ,,si,
0x7183534,0x718354A,22,ascii,We'd never make it.   ,,si,
0x7184DD2,0x7184DE0,14,ascii,4DD4C3TEUUTUVe,si,,
0x7184DF2,0x7184E00,14,ascii,B33DUTUUUEDUTD,si,,
0x7186FB2,0x7186FBD,11,ascii,"""2R2!0Bo432",si,,
0x718A852,0x718A85C,10,ascii,DC105UT1A3,si,,
0x718AA42,0x718AA50,14,ascii,DC6cTf4FeSC3eB,si,,
0x71A6902,0x71A6910,14,ascii,"""""""23334C4C33""",si,,
0x71AF4A5,0x71AF4B0,11,ascii,"""""""!2""!!2""B",si,,
0x71C2292,0x71C22A0,14,ascii,664EDCVeFE3BRT,si,,
0x71E16C6,0x71E16D0,10,ascii,2ECDbBccEV,si,,
0x71E19E2,0x71E19F0,14,ascii,"D3E42""O33CDS3E",si,,
0x721BFF3,0x721BFFE,11,ascii,"B0A 0""""/O""A",,,
0x721C6D4,0x721C6DF,11,ascii,"""1!!0A/""0""1",si,,
0x72428A0,0x72428BA,26,ascii,"Is this your bag, ma'am?  ",,si,
0x72428CC,0x72428E6,26,ascii,"I told you, I didn't see. ",,si,
0x72428F8,0x724290A,18,ascii,It's your own bag!,,si,
0x724291C,0x724294A,46,ascii,I said I don't know! They all look\nlike mine. ,,si,
0x7244B52,0x7244B60,14,ascii,3SCDEEDDDDTDUT,si,,
0x7244B72,0x7244B80,14,ascii,"4C332""""""233333",si,,
0x7244B82,0x7244B90,14,ascii,C3333333343D33,si,,
0x7244BA6,0x7244BB0,10,ascii,"""""233CC43D",si,,
0x7248AA6,0x7248AB1,11,ascii,"0S1VWDE'2""D",si,,
0x724D4F7,0x724D501,10,ascii,"%1DB""C""5R,",si,,
0x724DBD2,0x724DBE0,14,ascii,5DD5cdE3C33CdS,si,,
0x72708A0,0x72708B6,22,ascii,What about this one?  ,,si,
0x72708C8,0x72708DE,22,ascii,"Please, I don't know! ",,,
0x72708F0,0x7270916,38,ascii,How many times do I have to tell\nyou? ,,si,
0x7270928,0x7270936,14,ascii,What do we do?,,si,
0x7270948,0x7270962,26,ascii,He'll be miles away soon. ,,si,
0x7270974,0x727099A,38,ascii,Guy knows how to improvise\nalright.   ,,si,
0x7272C35,0x7272C41,12,ascii,PDD32333333+,si,,
0x72912D5,0x72912E0,11,ascii,"CCN!!""Q?0O!",si,,
0x72A9A30,0x72A9A52,34,ascii,If we don't think of something....,,si,
0x72A9A64,0x72A9A92,46,ascii,"We all die.  Everyone in this block,\nanyway.  ",,si,
0x72A9AA4,0x72A9AC6,34,ascii,What?! My house is in this\nblock! ,,si,
0x72A9AD8,0x72A9AEA,18,ascii,Mine's nearby too.,,,
0x72A9AFC,0x72A9B36,58,ascii,We'll have to get the bomb squad\nto check all the bags.   ,,si,
0x72A9B48,0x72A9B62,26,ascii,There's no time for that. ,,si,
0x72A9B74,0x72A9BBA,70,ascii,"Come on, there's gotta be a way. \nIt's only one of them we're after.  ",,si,
0x72A9BCC,0x72A9BE6,26,ascii,"Tell me something, ma'am. ",,,
0x72A9BF8,0x72A9C12,26,ascii,Is your bag a real Elles? ,,si,
0x72A9C24,0x72A9C42,30,ascii,"In other words, not a fake?   ",,si,
0x72A9C54,0x72A9C6E,26,ascii,Of course my bag's real!  ,,si,
0x72A9C80,0x72A9CC6,70,ascii,I bought it at their main store last\nweek.  I still have the receipt. ,,si,
0x72A9CD8,0x72A9CFA,34,ascii,I think there just might be a way.,,si,
0x72A9D0C,0x72A9D1E,18,ascii,Ready for this?   ,,si,
0x72A9D30,0x72A9D4A,26,ascii,What? Some kinda sensor?  ,,si,
0x72B8E42,0x72B8E51,15,ascii,"DD!URA6R5Ec0p4,",si,,
0x72C02B2,0x72C02C0,14,ascii,SFC!SFeSUBf3bR,si,,
0x72CCA02,0x72CCA10,14,ascii,A2D5D365CB33T1,si,,
0x72CCE35,0x72CCE3F,10,ascii,2  /0.N1M ,,,
0x72D0EA7,0x72D0EB1,10,ascii,bQ6U1DT2!2,si,,
0x72DA0C3,0x72DA0CE,11,ascii,"1a ""573"" ?/",,,
0x72F19E2,0x72F19F0,14,ascii,""" ASSU35dUVRDS",,,
0x72F5476,0x72F5481,11,ascii,C23aA1BP5C+,si,,
0x7311DE7,0x7311DF1,10,ascii,"CP10 44. ,",,,
0x731DCB7,0x731DCC1,10,ascii,"QEF7V5'E"":",si,,
0x732EB16,0x732EB20,10,ascii,"!123""2434""",si,,
0x7331B16,0x7331B21,11,ascii,C!3E4422!.L,si,,
0x73428B0,0x73428E2,50,ascii,This store is a well-known Elles\ncounterfeiter.   ,,si,
0x73428F4,0x734290A,22,ascii,These are all fakes?  ,,si,
0x734291C,0x734294E,50,ascii,Pretty good ones too.  A lot of\ntourists from Home,,si,
0x7342960,0x734297E,30,ascii,buy them when they're here.   ,,si,
0x7342990,0x73429AE,30,ascii,They're not too happy later.  ,,si,
0x73429C0,0x73429CA,10,ascii,I get it. ,,si,
0x73429DC,0x73429F6,26,ascii,So all but one are bogus. ,,si,
0x7342A08,0x7342A22,26,ascii,Can you tell 'em apart?   ,,si,
0x7342A34,0x7342A4A,22,ascii,"Not me, I'm no expert.",,si,
0x7342A5C,0x7342A8A,46,ascii,And any serial numbers would be\non the inside.,,si,
0x7342A9C,0x7342AB2,22,ascii,We couldn't use those.,,si,
0x7342AC4,0x7342ADA,22,ascii,"What about you, ma'am?",,si,
0x7344A52,0x7344A60,14,ascii,3333333333333C,si,,
0x7344A62,0x7344A70,14,ascii,UDCUfF5DTdUUDT,si,,
0x7344A72,0x7344A80,14,ascii,VUeU4CC5DETCED,si,,
0x7344A92,0x7344AA0,14,ascii,VUC3D3C4BCUDC5,si,,
0x7345B15,0x7345B21,12,ascii,"cFBQUV""3G!03",si,,
0x73470B6,0x73470C1,11,ascii,ED33ETRcD24,si,,
0x7348E83,0x7348E8D,10,ascii,"15""24C45D4",si,,
0x735AAE7,0x735AAF1,10,ascii,"6A66ACBa0,",si,,
0x73803F2,0x73803FC,10,ascii,R!13T4VDD ,,,
0x73A3F67,0x73A3F71,10,ascii,"'RCeSD3DB,",si,,
0x73A8900,0x73A8922,34,ascii,"Like I said, it's still new to me.",,si,
0x73A8934,0x73A8966,50,ascii,Not like I've studied it carefully or\nanything.   ,,si,
0x73A8978,0x73A8992,26,ascii,What about the employees? ,,si,
0x73A89A4,0x73A89CE,42,ascii,They ran out the back when we\ncame inside.,,si,
0x73A89E0,0x73A89F2,18,ascii,There goes that.  ,,si,
0x73D2F45,0x73D2F50,11,ascii,"!""2E03""4cd5",si,,
0x73D32D2,0x73D32E1,15,ascii,"FC2Vc%6A1""UEbl+",si,,
0x73DA8A0,0x73DA8BA,26,ascii,So that's it? Game over?  ,,si,
0x73DA8CC,0x73DA8DA,14,ascii,"No, hang on.  ",,si,
0x73DA8EC,0x73DA912,38,ascii,"Real Elleses have one design,\nright?  ",,si,
0x73DA924,0x73DA946,34,ascii,"They only make one, don't they?   ",,si,
0x73DA970,0x73DA98E,30,ascii,One design wherever you go.   ,,si,
0x73DA9A0,0x73DA9BE,30,ascii,That's why everyone wants one.,,si,
0x73DA9D0,0x73DA9FA,42,ascii,"Every year they come out with a\nnew one,  ",,si,
0x73DAA0C,0x73DAA36,42,ascii,then get rid of it at the end of the\nyear.,,si,
0x73DAA48,0x73DAA6E,38,ascii,"So if we just had another real\nElles, ",,si,
0x73DAA80,0x73DAAB2,50,ascii,we'd be able to match it to the one\nwith the bomb.,,si,
0x73DAAC4,0x73DAAE6,34,ascii,"Right, since these are all fakes. ",,si,
0x73DAAF8,0x73DAB1E,38,ascii,We wouldn't even have to touch\nthem.  ,,si,
0x73DAB30,0x73DAB52,34,ascii,If only we had another one here.  ,,si,
0x73DAB64,0x73DAB7E,26,ascii,What are you getting at?  ,,si,
0x73DAB90,0x73DABD6,70,ascii,"Well, Anna has one, doesn't she?\nI saw it at your house the other\nday.",,si,
0x73DABE8,0x73DAC22,58,ascii,"You gave it to her for her\nbirthday or something, right?  ",,si,
0x73DAC4C,0x73DAC8A,62,ascii,So could you get in touch with\nher and have her bring it over?,,si,
0x73DAC9C,0x73DACBA,30,ascii,"Your house is nearby, right?  ",,si,
0x73DACCC,0x73DACDA,14,ascii,"Well, yeah....",,,
0x73DACEC,0x73DAD0E,34,ascii,What is it? You got another\nidea? ,,si,
0x73DAD20,0x73DAD46,38,ascii,"Thing is, Anna's at school right\nnow. ",,si,
0x73DAD58,0x73DAD76,30,ascii,"It's a bomb, for god's sake!  ",,si,
0x73DAD88,0x73DAD9E,22,ascii,"Yeah, that's true.... ",,,
0x73DADC8,0x73DADFE,54,ascii,If this place goes up your house\ncould be history too!,,si,
0x73DAE10,0x73DAE1A,10,ascii,Let's go! ,si,,
0x73DAE2C,0x73DAE3A,14,ascii,You see....   ,,si,
0x73DAE4C,0x73DAE7A,46,ascii,"Jesus, we can give it back when\nwe're done!   ",,si,
0x73DAE8C,0x73DAE9E,18,ascii,It's like this....,,si,
0x73DCF55,0x73DCF5F,10,ascii,"!""2P""C2Bd!",si,,
0x73E60B4,0x73E60C1,13,ascii,"2  / / ""3iQ-4",,,
0x7409A02,0x7409A0D,11,ascii,!SUDTeUE5S3,si,,
0x740E897,0x740E8A1,10,ascii,"""1Pc0eAdD%",si,,
0x7414573,0x741457F,12,ascii,141!11BP 233,,,
0x74379B2,0x74379BD,11,ascii,"SR350&3""5a1",si,,
0x744FD56,0x744FD60,10,ascii,"TfU3Cc1%""2",si,,
0x74581A5,0x74581AF,10,ascii,"P R!N 0 A""",,,
0x745DAD2,0x745DAE0,14,ascii,"!2""""3B232""""234",si,,
0x7460F52,0x7460F5C,10,ascii,o /aEff36!,,,
0x746DD82,0x746DD91,15,ascii,"BVUpaodACt.VDT,",si,,
0x7483092,0x748309C,10,ascii,4T1R1b1Ed5,si,,
0x748D5E4,0x748D5F1,13,ascii,"-M""BQT6EDVDTD",si,,
0x7496DC6,0x7496DD1,11,ascii,&RE3EeCTAD+,si,,
0x7497EB6,0x7497EC1,11,ascii,CQce3313BVE,si,,
0x74984E2,0x74984EC,10,ascii,!A'!ET6!bE,,si,
0x74BA5D5,0x74BA5DF,10,ascii,"?MPD""E2. M",,,
0x74BF822,0x74BF82C,10,ascii,AVC-DEBTeF,si,,
0x74C28E6,0x74C28F1,11,ascii,TN5BRTVdTUD,si,,
0x74C3FE3,0x74C3FED,10,ascii,eT6.6&AedC,si,,
0x74CA723,0x74CA72D,10,ascii,%ar6DnV62B,si,,
0x74DEE42,0x74DEE4C,10,ascii,"A""1C0!Q21B",si,,
0x74E59E0,0x74E59EE,14,ascii,What is it?   ,si,si,
0x74E5A00,0x74E5A16,22,ascii,We can't use her bag. ,,si,
0x74E5A28,0x74E5A46,30,ascii,What are you talking about?   ,,si,
0x74E5A58,0x74E5A76,30,ascii,Promise you won't tell Anna?  ,,si,
0x74E5A88,0x74E5ACA,66,ascii,"You see, I... I could never afford a\nreal Elles on my salary....  ",,si,
0x74E5ADC,0x74E5AE6,10,ascii,"Oh, no....",,si,
0x74E5AF8,0x74E5B0A,18,ascii,I bought it here. ,,si,
0x74E5B1C,0x74E5B32,22,ascii,"I'm sorry, Jonathan.  ",,,
0x74E5B44,0x74E5B56,18,ascii,"God dammit, Ed!   ",,,
0x74E5B68,0x74E5B8E,38,ascii,When the hell were you gonna tell\nme?!,,si,
0x74E5BA0,0x74E5BDA,58,ascii,What's a cop doing buying\ncounterfeit merchandise anyway! ,,,
0x74E5BEC,0x74E5BFE,18,ascii,I said I'm sorry! ,,,
0x74E5C10,0x74E5C2A,26,ascii,Now what are we gonna do?!,,si,
0x74E5C3C,0x74E5C4A,14,ascii,It's alright. ,,,
0x74E9762,0x74E976D,11,ascii,"4!bMA""""%1""""",si,,
0x74EB147,0x74EB151,10,ascii,"%Q!!2Q!22,",si,,
0x74F1744,0x74F1750,12,ascii,A1UTCUCUV335,si,,
0x74FF9D3,0x74FF9DE,11,ascii,2BDetC3BCTc,si,,
0x750DD82,0x750DD90,14,ascii,TFETBFDTeVUdDC,si,,
0x750DD92,0x750DDA0,14,ascii,5DUVUVDUCTVE5U,si,,
0x7514935,0x751493F,10,ascii,"!""""CDTC3C""",si,,
0x7529E15,0x7529E21,12,ascii,T5AcD3/1d41D,si,,
0x7532992,0x753299C,10,ascii,"""2B2223A1""",si,,
0x754BB94,0x754BB9E,10,ascii,!A2TT34RB!,si,,
0x755C0D0,0x755C0E6,22,ascii,This is a real Elles. ,,si,
0x755C0F8,0x755C116,30,ascii,What are you doing with one?  ,,si,
0x755C128,0x755C15E,54,ascii,Dave gave it to me.  Said I wasn't\nfeminine enough.   ,,si,
0x755C170,0x755C1B2,66,ascii,"It doesn't suit me, so it's been\nsitting in the car ever since.   ",,si,
0x755C1C4,0x755C1D2,14,ascii,"Thanks, Meryl.",,,
0x755C1E4,0x755C1FA,22,ascii,You can thank Dave.   ,,si,
0x755C20C,0x755C21E,18,ascii,Let's get going!  ,,,
0x7568C02,0x7568C10,14,ascii,E4CCCSD3233C3B,si,,
0x7568D32,0x7568D40,14,ascii,"""233D3""""2233""""",si,,
0x75696E2,0x75696F0,14,ascii,DU435UDReffVeU,si,,
0x7569762,0x7569770,14,ascii,"4333343332""!""""",si,,
0x7569772,0x756977E,12,ascii,"3fVE4323334""",si,,
0x75697D2,0x75697E0,14,ascii,3C33344323333C,si,,
0x7569E12,0x7569E20,14,ascii,DTUDCdU53CTfVE,si,,
0x7569E83,0x7569E90,13,ascii,"""""2D432""3TeTE",si,,
0x7569F22,0x7569F30,14,ascii,UVUfVUET4DDDTE,si,,
0x756A034,0x756A040,12,ascii,"""""""333333334",si,,
0x756A0F2,0x756A0FD,11,ascii,"D433""""23""""!",si,,
0x756A112,0x756A120,14,ascii,DU42DC4EUeUeTU,si,,
0x756A122,0x756A130,14,ascii,"3333""""333343CD",si,,
0x756A225,0x756A230,11,ascii,"""!""33333C33",si,,
0x756A386,0x756A391,11,ascii,"""2DEEE""2CD,",si,,
0x756A8E2,0x756A8F0,14,ascii,"""34333D43C4323",si,,
0x756A8F2,0x756A901,15,ascii,"3D3333333""2CC3,",si,,
0x756A946,0x756A950,10,ascii,"""3CDTfTD43",si,,
0x756A984,0x756A990,12,ascii,"""4CU4DC434DD",si,,
0x756A9E2,0x756A9F0,14,ascii,"3333DCD33""3333",si,,
0x756A9F2,0x756AA00,14,ascii,EdfVeffUUfefVD,si,,
0x756AA02,0x756AA10,14,ascii,DTTDTUeV533UTe,si,,
0x756AA12,0x756AA20,14,ascii,3CD3DD4333DD33,si,,
0x756AAC2,0x756AAD0,14,ascii,eeVUVefVfEEETU,si,,
0x756AAE2,0x756AAF0,14,ascii,UDFEUVVDDEDTUE,si,,
0x756AAF2,0x756AB00,14,ascii,UeUEDeDEVD5UUU,si,,
0x756AB02,0x756AB10,14,ascii,TTDUffffeD4TeE,si,,
0x756AB12,0x756AB20,14,ascii,"3232""""333CDCD3",si,,
0x756ABF2,0x756AC00,14,ascii,333343DD333333,si,,
0x756AC12,0x756AC20,14,ascii,C33C34C33DC444,si,,
0x756AC32,0x756AC40,14,ascii,UUVeVTTDUEUVef,si,,
0x756ACD2,0x756ACE0,14,ascii,"CD32""""433""""""12",si,,
0x756AD42,0x756AD50,14,ascii,CC343DDDTED3DT,si,,
0x756AD52,0x756AD60,14,ascii,D4DDDDDDTUUEDD,si,,
0x756AD62,0x756AD70,14,ascii,dUefVeUDDUUEUU,si,,
0x756AD72,0x756AD80,14,ascii,UUUFffffVffffV,si,,
0x756AD92,0x756ADA0,14,ascii,DD4DDDTDDF53TU,si,,
0x756ADA2,0x756ADB0,14,ascii,UTUDUDD3342C34,si,,
0x756ADB2,0x756ADC0,14,ascii,"""""""23""233C44D3",si,,
0x756AE32,0x756AE40,14,ascii,UDDEDTD53DTETU,si,,
0x756AE42,0x756AE50,14,ascii,D3DDCDTCDDDTUe,si,,
0x756AE52,0x756AE60,14,ascii,fTUEE3CE4DDCDC,si,,
0x756AE72,0x756AE80,14,ascii,"4CU44343C3""""""""",si,,
0x756AEC2,0x756AED0,14,ascii,"4C4""3C3442BCDU",si,,
0x756AEE2,0x756AEF0,14,ascii,TUUUUUfVVUVeUE,si,,
0x756AFA2,0x756AFB0,14,ascii,fUffeUUUefVUUV,si,,
0x756AFC2,0x756AFD0,14,ascii,"DD4CC44333333""",si,,
0x756AFD2,0x756AFE0,14,ascii,TUTUeUUFTUffee,si,,
0x756AFE2,0x756AFF0,14,ascii,eVTUeVUETDTTED,si,,
0x756B032,0x756B03D,11,ascii,feVUE4DD332,si,,
0x756B0C2,0x756B0CD,11,ascii,"CUUEDT42""""""",si,,
0x756B0E2,0x756B0ED,11,ascii,"""""""""23C32""""",si,,
0x756FE64,0x756FE70,12,ascii,"!""23CC""32443",si,,
0x7580EB2,0x7580EC0,14,ascii,"""3""234T432CUEV",si,,
0x7580F72,0x7580F80,14,ascii,DTUESUVDTUfVUE,si,,
0x7581312,0x7581320,14,ascii,3CETffVVUeUUVU,si,,
0x7581322,0x7581330,14,ascii,DUUE323dUDDDDE,si,,
0x7581332,0x7581340,14,ascii,DC43CCDDUUfeUV,si,,
0x7581362,0x7581370,14,ascii,ECUeffUUeUDU43,si,,
0x7581372,0x7581380,14,ascii,SUVE43CDD4434C,si,,
0x7581802,0x7581811,15,ascii,"C4444333""333DD,",si,,
0x75818F2,0x7581900,14,ascii,"33333DD3243""""""",si,,
0x7581CD2,0x7581CE0,14,ascii,"4C344333""3CDD4",si,,
0x7581CE2,0x7581CF1,15,ascii,"4333""2""""334332,",si,,
0x7581EF6,0x7581F00,10,ascii,"!33""""32DeT",si,,
0x75820A2,0x75820B0,14,ascii,"dTDDDSfVVD""2DD",si,,
0x75821D6,0x75821E0,10,ascii,"""""23CdeUfU",si,,
0x7582612,0x7582620,14,ascii,3D4333333333C4,si,,
0x7582A13,0x7582A20,13,ascii,"""3!2C3DE32DV5",si,,
0x7582A22,0x7582A30,14,ascii,TUDTDTCTUTfFDD,si,,
0x7582A32,0x7582A40,14,ascii,UdTUV33CC3D334,si,,
0x7582A42,0x7582A4E,12,ascii,"DD43""2C""""""""!",si,,
0x7582DE5,0x7582DF0,11,ascii,"""""4345DDUU5",si,,
0x7582E82,0x7582E90,14,ascii,VUUfVfETE3D3C2,si,,
0x75830C2,0x75830D1,15,ascii,"2CEDeU4TCETUED,",si,,
0x7583142,0x758314C,10,ascii,B432S4e4C3,si,,
0x758A1F2,0x758A200,14,ascii,333C333D333332,si,,
0x758A202,0x758A210,14,ascii,fUEUEDETDE52C4,si,,
0x758A3C2,0x758A3D0,14,ascii,4CTTD4DCUVVETU,si,,
0x758A4D2,0x758A4E0,14,ascii,UEDDDC4DE5TUDC,si,,
0x758A562,0x758A570,14,ascii,UffVUUUCUUDEEe,si,,
0x758AC22,0x758AC30,14,ascii,D4333333333333,si,,
0x758AD92,0x758ADA0,14,ascii,DSUVVfffVUffTU,si,,
0x758ADB2,0x758ADC0,14,ascii,DEUUUUEUDDTEDC,si,,
0x758B0A3,0x758B0B0,13,ascii,1!334C3DD44DD,si,,
0x758B0F2,0x758B100,14,ascii,33334333CC4333,si,,
0x758B262,0x758B270,14,ascii,3333DD4D3C4343,si,,
0x758B302,0x758B310,14,ascii,"33322CC4""332CU",si,,
0x758B312,0x758B320,14,ascii,UUD23S4UUfUfUU,si,,
0x7596522,0x7596530,14,ascii,"ECTeUfeVTDED5""",si,,
0x7596596,0x75965A0,10,ascii,"""2SeUEDdET",si,,
0x75965A2,0x75965B1,15,ascii,"3""""""""23""""23343,",si,,
0x75966B2,0x75966C0,14,ascii,D3C3DCCDUTDEeU,si,,
0x75966C2,0x75966D0,14,ascii,UE443DDDDTTUUU,si,,
0x75966E2,0x75966F0,14,ascii,SDTVeeeffeUUT4,si,,
0x7596702,0x7596710,14,ascii,UETD5CDCD434DD,si,,
0x75967A2,0x75967B0,14,ascii,3333C34DEED44C,si,,
0x75968A2,0x75968B0,14,ascii,D33D3TEUDDUTED,si,,
0x75968B2,0x75968C0,14,ascii,EDUUEUUDUEDDTU,si,,
0x75968C2,0x75968D0,14,ascii,ETEUEfeVUUUeVE,si,,
0x75968D2,0x75968E0,14,ascii,UUETeUDD4DTDTU,si,,
0x75968E2,0x75968F0,14,ascii,TEETETUUDDDEDD,si,,
0x75968F2,0x7596900,14,ascii,D34DD3CDC23DTD,si,,
0x7596902,0x7596910,14,ascii,DDCTETDCDDD333,si,,
0x75969A2,0x75969B0,14,ascii,"!!""2""222333333",si,,
0x75969B2,0x75969C0,14,ascii,33323CEDC3CD3D,si,,
0x75969C2,0x75969D0,14,ascii,4DDC433DC3DDD3,si,,
0x75969D2,0x75969E0,14,ascii,4DD43DDDDDEDCD,si,,
0x75969E2,0x75969F0,14,ascii,DDUEDDDTDDCETD,si,,
0x75969F2,0x7596A00,14,ascii,4DCDDDDDCCCDD4,si,,
0x7596A02,0x7596A10,14,ascii,CDDDCDDDDED44D,si,,
0x7596CB2,0x7596CC0,14,ascii,33333C34432344,si,,
0x7596CC2,0x7596CD0,14,ascii,43D3DDDD43DDDD,si,,
0x7596CD2,0x7596CE0,14,ascii,CDCCDDDD4DDDD4,si,,
0x7596CE2,0x7596CF0,14,ascii,CDDCD4DD4DC333,si,,
0x7596CF2,0x7596D00,14,ascii,DDCD43DD444DDC,si,,
0x7596D02,0x7596D10,14,ascii,43CDD343333333,si,,
0x7596D32,0x7596D3E,12,ascii,"""2""""""""""""""""""""",si,,
0x7596E12,0x7596E20,14,ascii,"!""""""""""""""!""""""""""",si,,
0x759B306,0x759B310,10,ascii,%a2-T?q1/4,si,,
0x759C332,0x759C33D,11,ascii,"TTECdDB3""3""",si,,
0x759CD14,0x759CD20,12,ascii,O!!S3PA O!  ,,,
0x75A08C2,0x75A08CC,10,ascii,TfVE433333,si,,
0x75A0945,0x75A0951,12,ascii,"!33CDCV4TC4,",si,,
0x75A0A72,0x75A0A80,14,ascii,eDCDTDE32SCCTf,si,,
0x75A0AE2,0x75A0AF0,14,ascii,CSESTEDD3UDUTV,si,,
0x75A0AF2,0x75A0B00,14,ascii,DEUSUeUUUDTDD4,si,,
0x75A0B32,0x75A0B40,14,ascii,3CC3D43334CTUT,si,,
0x75A0BD2,0x75A0BE0,14,ascii,EEVDCETDTT4CTT,si,,
0x75A0BE2,0x75A0BF0,14,ascii,TUT4DDDD4EUEDD,si,,
0x75A0BF2,0x75A0C00,14,ascii,DDUUUTECDD3C34,si,,
0x75A0C02,0x75A0C10,14,ascii,CUUE44D4EDDUUU,si,,
0x75A0C12,0x75A0C20,14,ascii,feUTDUUTUdTUUe,si,,
0x75A0C42,0x75A0C50,14,ascii,333333C4323333,si,,
0x75A0C62,0x75A0C70,14,ascii,feffUTUUVDDeUe,si,,
0x75A0C72,0x75A0C80,14,ascii,"C33333""333""333",si,,
0x75A0C82,0x75A0C90,14,ascii,fUTVUUDU4DU4DT,si,,
0x75A0D86,0x75A0D90,10,ascii,"""2""3CDD333",si,,
0x75A0DB2,0x75A0DC0,14,ascii,"""23C343D333322",si,,
0x75A0DC2,0x75A0DD0,14,ascii,efffeVUVDC34CU,si,,
0x75A0DF2,0x75A0E00,14,ascii,3333C43CD42234,si,,
0x75A0EC2,0x75A0ED0,14,ascii,eUUUVVDTUfffET,si,,
0x75A0ED2,0x75A0EE0,14,ascii,DUUEUUeVfeUE33,si,,
0x75A0EE2,0x75A0EF0,14,ascii,CTDEUUUDC3C3CB,si,,
0x75A0F62,0x75A0F70,14,ascii,232TDDD4DTUUUV,si,,
0x75A0F72,0x75A0F80,14,ascii,3333CD33334333,si,,
0x75A0FD2,0x75A0FE0,14,ascii,C4333C3CC33333,si,,
0x75A0FF2,0x75A1000,14,ascii,CC3DE432CDDDD3,si,,
0x75A1062,0x75A1070,14,ascii,4CC333CTEDDVEE,si,,
0x75A1072,0x75A1080,14,ascii,VTDE5TT34TE3UU,si,,
0x75A1082,0x75A1090,14,ascii,UUVTedUTUU333D,si,,
0x75A1092,0x75A10A0,14,ascii,EUUUTUUUUUDUCD,si,,
0x75A10A2,0x75A10B0,14,ascii,EDDDSDECC33DC4,si,,
0x75A10B2,0x75A10C0,14,ascii,4CD34E33DCC433,si,,
0x75A10E2,0x75A10F0,14,ascii,"444333""2332CC3",si,,
0x75A1122,0x75A1130,14,ascii,TTTUUTEUDUTUUV,si,,
0x75A1132,0x75A1140,14,ascii,3C33443334C334,si,,
0x75A1142,0x75A1150,14,ascii,33433333334CCC,si,,
0x75A1162,0x75A1170,14,ascii,3C333444D3C33D,si,,
0x75A11A2,0x75A11B0,14,ascii,UTUUTTD4DdEDDD,si,,
0x75A11B2,0x75A11C0,14,ascii,DEEED4DDDUdTeU,si,,
0x75A11C2,0x75A11D0,14,ascii,UVVDUDDDeUEUVV,si,,
0x75A1372,0x75A1380,14,ascii,TUTEDEDdUDDeeU,si,,
0x75A1382,0x75A1390,14,ascii,"3""32333333333C",si,,
0x75A1392,0x75A13A0,14,ascii,CCDC44DDDC3333,si,,
0x75A13A2,0x75A13B0,14,ascii,3323334D333333,si,,
0x75A13B2,0x75A13C0,14,ascii,VUVTefVfeUeVeU,si,,
0x75A13D2,0x75A13E0,14,ascii,eVUUUUeVUVffeV,si,,
0x75A13E2,0x75A13F0,14,ascii,eVEEVDTEDDD333,si,,
0x75A1442,0x75A1450,14,ascii,DEVVeTTTTDUUVf,si,,
0x75A14A2,0x75A14B0,14,ascii,VffffeVffVUUUF,si,,
0x75A14B2,0x75A14C0,14,ascii,"EEVUD43D443""3B",si,,
0x75A1532,0x75A1540,14,ascii,4DDUUU4BTUUeeF,si,,
0x75A15A2,0x75A15B0,14,ascii,333333333D3333,si,,
0x75A15B2,0x75A15C0,14,ascii,3333333C333333,si,,
0x75A16B2,0x75A16C0,14,ascii,DDTDfVUUVUeUVT,si,,
0x75A16C2,0x75A16D0,14,ascii,3233333C33333D,si,,
0x75A1712,0x75A1720,14,ascii,UeUffeUFUUVeUE,si,,
0x75A1722,0x75A1730,14,ascii,TDEVUUeTVVVEUD,si,,
0x75A1732,0x75A1740,14,ascii,UUDDDTDTDE4DDU,si,,
0x75A1742,0x75A1750,14,ascii,33C2CD4D33D4E4,si,,
0x75A1762,0x75A1770,14,ascii,4DTDD4DDDD3DTD,si,,
0x75A1772,0x75A1780,14,ascii,E443CDD3334CTE,si,,
0x75A1792,0x75A17A1,15,ascii,DD3DD44CTED443K,si,,
0x75A23A5,0x75A23B1,12,ascii,"""30102""D""2 '",,,
0x75A47F4,0x75A4800,12,ascii,"""3332C3D3333",si,,
0x75A4982,0x75A4990,14,ascii,"323C333333333""",si,,
0x75A49B2,0x75A49BE,12,ascii,"CSUDUD3DC""""""",si,,
0x75A4C22,0x75A4C30,14,ascii,C43C33C43C43C3,si,,
0x75A4DE2,0x75A4DED,11,ascii,"efVUD3C233""",si,,
0x75A4E42,0x75A4E50,14,ascii,"!""!""333UTE44UU",si,,
0x75A4F32,0x75A4F40,14,ascii,"fUUUECDD443""33",si,,
0x75A5002,0x75A5010,14,ascii,TCTE4DCUDDEDDU,si,,
0x75A5012,0x75A5020,14,ascii,DCSD5UUUFUUEEU,si,,
0x75A5152,0x75A5160,14,ascii,SED33DUTEDUeUf,si,,
0x75A51E2,0x75A51F0,14,ascii,54C4DEDUTEVVUU,si,,
0x75A51F2,0x75A5200,14,ascii,"3""333333334333",si,,
0x75A5212,0x75A5220,14,ascii,"334""""""23433D33",si,,
0x75A5302,0x75A5310,14,ascii,DDDD5EDDD3D3CD,si,,
0x75A53C2,0x75A53D0,14,ascii,C4D33C333333C4,si,,
0x75A5482,0x75A5490,14,ascii,CC433CDDE4CT4C,si,,
0x75A5492,0x75A54A0,14,ascii,3CCCTTeVUUTDTU,si,,
0x75A54A2,0x75A54B0,14,ascii,333C43DCDD433D,si,,
0x75A5522,0x75A5530,14,ascii,4CDDC3D3333333,si,,
0x75A5542,0x75A5550,14,ascii,4433333C333333,si,,
0x75A5552,0x75A5560,14,ascii,eEETUED3DDTUUU,si,,
0x75A5562,0x75A5570,14,ascii,3333DC3C3C4C33,si,,
0x75A5572,0x75A5580,14,ascii,VeeVfffUVEEVVe,si,,
0x75A5582,0x75A5590,14,ascii,ffUVUETTUUUVUD,si,,
0x75A5592,0x75A55A0,14,ascii,UETDDDCDTeUUUU,si,,
0x75A55A2,0x75A55B0,14,ascii,VVED43C4443C33,si,,
0x75A55B2,0x75A55C0,14,ascii,DDC423D333333C,si,,
0x75A5692,0x75A56A0,14,ascii,"233322""3CD3332",si,,
0x75A56B2,0x75A56C0,14,ascii,3C4DD4TDDEDUDC,si,,
0x75A56C2,0x75A56D0,14,ascii,EDDDDDDDD4D44D,si,,
0x75A57A2,0x75A57B0,14,ascii,"33""C3334D43C33",si,,
0x75A57B2,0x75A57C0,14,ascii,33D4D333CDDD4D,si,,
0x75A57C2,0x75A57D0,14,ascii,DD4CCDTDDDDEED,si,,
0x75A57D2,0x75A57E0,14,ascii,DCDDTTDDETTUUT,si,,
0x75A57E2,0x75A57F0,14,ascii,DDDD3DCDDDDDDD,si,,
0x75A57F2,0x75A5800,14,ascii,DTEUDDDDDCDTDD,si,,
0x75A5802,0x75A5810,14,ascii,DDUUDUUTDTETDT,si,,
0x75A5812,0x75A5820,14,ascii,DUUTUUUE4DDTDD,si,,
0x75A5822,0x75A5830,14,ascii,DDDT3DDD444C3D,si,,
0x75A5832,0x75A5840,14,ascii,"D33C3C3""233333",si,,
0x75A5912,0x75A5920,14,ascii,"3""""""2""""3333C33",si,,
0x75A5962,0x75A5970,14,ascii,"!""""""""""""""""!""!!""",si,,
0x75A59C2,0x75A59D0,14,ascii,"""3333""""3C3D333",si,,
0x75A59E2,0x75A59F0,14,ascii,"""""3CC333B33333",si,,
0x75A59F2,0x75A5A00,14,ascii,23CCCC33CD4433,si,,
0x75A5A02,0x75A5A10,14,ascii,3D33D3DC33CCDC,si,,
0x75A5A12,0x75A5A20,14,ascii,43CDDDD3D44CDD,si,,
0x75A5A22,0x75A5A30,14,ascii,C334D3CD3443C3,si,,
0x75A5AF6,0x75A5B01,11,ascii,"""""""333CD3"",",si,,
0x75A5B22,0x75A5B30,14,ascii,DUeVDDTTefUETU,si,,
0x75A5B62,0x75A5B70,14,ascii,eUTTTUUUEDDEDC,si,,
0x75A95B2,0x75A95C1,15,ascii,tPc6Sp6sUEwVn3+,si,,
0x75B92C2,0x75B92D0,14,ascii,eEeT4DTDUE43D4,si,,
0x75BB070,0x75BB09E,46,ascii,"Alright, Jonathan, better put your\nglasses on.",,si,
0x75BB0B0,0x75BB0CE,30,ascii,There's 21 bags here total.   ,,si,
0x75BB0E0,0x75BB10A,42,ascii,This is the real Elles we got from\nMeryl. ,,si,
0x75C34E2,0x75C34EE,12,ascii,DeFEGuDEDC3S,si,,
0x75DFDB5,0x75DFDC1,12,ascii,"0A""/PD2RU31D",si,,
0x75DFFD2,0x75DFFDF,13,ascii,K-dfeWgeTD5CC,si,,
0x75E4890,0x75E48BE,46,ascii,We're looking for the one that\nmatches this.  ,,si,
0x75E48D0,0x75E48F2,34,ascii,Just be sure to look carefully.   ,,si,
0x75E4904,0x75E493A,54,ascii,"A difference in design or size, no\nmatter how small,  ",,si,
0x75E494C,0x75E4972,38,ascii,means it's one of the store's fakes.  ,,si,
0x75E4984,0x75E49A2,30,ascii,We can move them no problem.  ,,si,
0x75E49B4,0x75E49FA,70,ascii,So we get rid of the knockoffs\nuntil we're left with the real deal.   ,,si,
0x75E4A0C,0x75E4A1E,18,ascii,That's step one.  ,,si,
0x75E4A48,0x75E4A63,27,ascii,But touch the real one and ,,si,
0x75E4A78,0x75E4A82,10,ascii,Kaboom!   ,,,
0x75E4A94,0x75E4AA2,14,ascii,Unfortunately.,si,,
0x75E4AB4,0x75E4AE2,46,ascii,"I hate to say it, but my life's in\nyour hands.",,si,
0x75E4AF4,0x75E4B22,46,ascii,Just promise you won't get mad if\nI blow it.  ,,si,
0x75E4B4C,0x75E4B82,54,ascii,What do you think's gonna happen\nif you screw this up?,,si,
0x75E4B94,0x75E4BAE,26,ascii,That's what worries me.   ,,si,
0x75E4BC0,0x75E4BEA,42,ascii,Spending this life AND the next\nwith you. ,,si,
0x75E4BFC,0x75E4C22,38,ascii,"Fine.  You go to Hell, I get\nHeaven.  ",,si,
0x75E4C34,0x75E4C6E,58,ascii,I highly doubt either of us is going\nanywhere but down.   ,,si,
0x75E4C98,0x75E4CB6,30,ascii,"live together, die together?  ",,,
0x75E4CC8,0x75E4CD6,14,ascii,Indubitably.  ,si,,
0x75E4CE8,0x75E4CFA,18,ascii,Shall we begin?   ,,si,
0x75F1542,0x75F154D,11,ascii,"ve3deUR""&B!",si,,
0x761D057,0x761D061,10,ascii,4PtauTDAT(,si,,
0x7644A45,0x7644A4F,10,ascii,"!A1""CQ?1""!",si,,
0x7663245,0x7663250,11,ascii,/b2bescVF1o,si,,
0x7665607,0x7665611,10,ascii,/24/0D115',si,,
0x7686822,0x768682C,10,ascii,/O11BB31! ,,,
0x768D1D5,0x768D1DF,10,ascii," S50/6f""13",,,
0x769AE57,0x769AE61,10,ascii,"""/a!1SQQ5&",si,,
0x769FCB5,0x769FCBF,10,ascii,"5%""BRSqBt3",si,,
0x76B58F0,0x76B591E,46,ascii,"Alright, let's pretend that never\nhappened.   ",,si,
0x76B5930,0x76B5952,34,ascii,"Just try to be more careful, okay?",,si,
0x76B5964,0x76B598A,38,ascii,We'll be fine this time.  Let's go.   ,,si,
0x76B599C,0x76B59B2,22,ascii,You sure about that?  ,,si,
0x76B59C4,0x76B59D2,14,ascii,Don't worry.  ,si,,
0x76B59E4,0x76B59F2,14,ascii,Don't worry?  ,si,,
0x76B5A04,0x76B5A16,18,ascii,"Yeah, don't worry.",,,
0x76B5A28,0x76B5A62,58,ascii,We already died once.  What's the\nworst that could happen?,,si,
0x76B5A74,0x76B5A7E,10,ascii,True....  ,,,
0x76CB176,0x76CB181,11,ascii,c1&fgS7UbUD,si,,
0x76FF990,0x76FF9BE,46,ascii,"Alright, let's pretend that never\nhappened.   ",,si,
0x76FF9D0,0x76FF9F2,34,ascii,"Just try to be more careful, okay?",,si,
0x76FFA04,0x76FFA2A,38,ascii,We'll be fine this time.  Let's go.   ,,si,
0x76FFA3C,0x76FFA52,22,ascii,You sure about that?  ,,si,
0x76FFA64,0x76FFA72,14,ascii,Don't worry.  ,si,,
0x76FFA84,0x76FFA92,14,ascii,Don't worry?  ,si,,
0x76FFAA4,0x76FFAB6,18,ascii,"Yeah, don't worry.",,,
0x76FFAC8,0x76FFB02,58,ascii,We already died once.  What's the\nworst that could happen?,,si,
0x76FFB14,0x76FFB1E,10,ascii,True....  ,,,
0x7714976,0x7714981,11,ascii,c1&fgS7UbUD,si,,
0x7748870,0x77488AE,62,ascii,We'll do it this time.  Pretty sure I\ngot the hang of it now. ,,si,
0x77488C0,0x77488E2,34,ascii,"Yeah, you mean how to set it off. ",,si,
0x77488F4,0x7748912,30,ascii,Isn't that what you do anyway?,,si,
0x7748924,0x774893E,26,ascii,After we're away from it. ,,si,
0x7748950,0x774895A,10,ascii,Smartass. ,,,
0x774896C,0x774897E,18,ascii,Let's get moving. ,,,
0x77503C6,0x77503D1,11,ascii,0C! B%CDESC,,,
0x7768E32,0x7768E3C,10,ascii,RR2ASbRTf1,si,,
0x7786057,0x7786061,10,ascii,DgeECSCBRC,si,,
0x778A9B0,0x778A9C2,18,ascii,So far so good.   ,,si,
0x778A9D4,0x778A9EA,22,ascii,Still in one piece.   ,,si,
0x778A9FC,0x778AA16,26,ascii,That takes care of you.   ,,si,
0x778AA28,0x778AA42,26,ascii,That's the first one gone.,,si,
0x778AA54,0x778AA6A,22,ascii,There goes number two.,,si,
0x778AA7C,0x778AA92,22,ascii,We got a long way yet.,,si,
0x778AAA4,0x778AAAE,10,ascii,Half done.,,,
0x778AAC0,0x778AACE,14,ascii,Half to go.   ,,si,
0x778AAE0,0x778AAEE,14,ascii,Almost there. ,,si,
0x778AB00,0x778AB1A,26,ascii,And then there were two.  ,,si,
0x778AB2C,0x778AB46,26,ascii,It all comes down to this.,,si,
0x778AB58,0x778AB6A,18,ascii,One or the other. ,,si,
0x778AB7C,0x778AB9A,30,ascii,We'll get it right this time. ,,si,
0x77F18C0,0x77F18EA,42,ascii,"I guess this would have to be it,\nright?  ",,si,
0x77F18FC,0x77F1936,58,ascii,That took too long.  We need to\nget this thing defused.   ,,si,
0x77F1948,0x77F1982,58,ascii,"That didn't take long, but who\nknows what the timer's at. ",,si,
0x7805963,0x7805971,14,ascii,G04VcE6DrB4A!4,si,,
0x7820320,0x782035A,58,ascii,So this is the genuine article.  Too\nbad the bomb is too. ,,si,
0x782036C,0x78203C2,86,ascii,Maybe we should just wait for the\nbomb squad.  This ain't the time to\nlearn the ropes.,,si,
0x78203D4,0x78203FE,42,ascii,You were the one who said\nthere's no time.,,si,
0x7820410,0x782041A,10,ascii,"Yeah, but ",,si,
0x7820430,0x782043A,10,ascii,Bad news! ,,,
0x782044C,0x782047A,46,ascii,Meryl? What are you doing? Get\nout of here!   ,,si,
0x782048C,0x782049C,16,ascii,No one's coming ,,si,
0x782049E,0x78204B6,24,ascii," not AP, the\nbomb squad ",,si,
0x78204B8,0x78204C2,10,ascii, no one.  ,,si,
0x78204D4,0x78204F2,30,ascii,What are you talking about?   ,,si,
0x7820504,0x782053A,54,ascii,I think we've been set up.  I can't\nget a hold of HQ. ,,si,
0x782054C,0x7820576,42,ascii,Plus the area's already been\ncordoned off.,,si,
0x78205A0,0x78205D6,54,ascii,you were in the bomb squad\nbefore we worked together. ,,si,
0x78205E8,0x7820606,30,ascii,"Please, that was 30 years ago!",,si,
0x7820618,0x7820636,30,ascii,"We've got no choice, chief.   ",,si,
0x7820648,0x782066E,38,ascii,We can't just let this thing go off!  ,,si,
0x7820680,0x78206B2,50,ascii,There's not gonna be any backup!\nThis was a trap! ,,si,
0x78206C4,0x78206F6,50,ascii,"You know you're the only one\nwho can stop it, Ed! ",,si,
0x7820708,0x782071A,18,ascii,Alright already!  ,,,
0x782072C,0x7820736,10,ascii,Alright.  ,si,,
0x7820748,0x782075E,22,ascii,My eyes are terrible. ,,si,
0x7820770,0x78207A2,50,ascii,I'll have to get you to follow my\ninstructions.   ,,si,
0x78207B4,0x78207DE,42,ascii,"Meryl, go move as many people as\nyou can. ",,si,
0x78207F0,0x782080A,26,ascii,And seal this place off!  ,,si,
0x782081C,0x782084A,46,ascii,"Grab the toolbox from the car\nfirst, will you?",,si,
0x782085C,0x782086A,14,ascii,No problem.   ,,si,
0x782087C,0x78208AA,46,ascii,"You guys are... something else,\nyou know that?",,si,
0x78208BC,0x78208D2,22,ascii,"God, don't jinx us.   ",,si,
0x7828437,0x7828441,10,ascii,1sBtdATFED,si,,
0x78BB8E7,0x78BB8F1,10,ascii,-. !.OOM E,,,
0x7918CB4,0x7918CBF,11,ascii,"SdSSUU45DC""",si,,
0x795A190,0x795A1A6,22,ascii,"Okay, we're all set.  ",,si,
0x795A1B8,0x795A1C2,10,ascii,You ready?,,si,
0x795A1D4,0x795A216,66,ascii,First we need to cut open the bag\nand take a look at this thing.  ,,si,
0x795A228,0x795A24E,38,ascii,He couldn't have been in here\nlong.   ,,si,
0x795A260,0x795A292,50,ascii,I highly doubt he booby-trapped\nthe bag itself.   ,,si,
0x795A2A4,0x795A2BA,22,ascii,"Alright, I'll open it.",,si,
0x795A2E4,0x795A306,34,ascii,It could have a vibration sensor. ,,si,
0x795A318,0x795A35E,70,ascii,We should cut off the top of the\nbag with the laser cutter instead.   ,,si,
0x795A370,0x795A386,22,ascii,No complaints here.   ,,si,
0x795A398,0x795A3CE,54,ascii,While we're at it let's go ahead\nand freeze it too.   ,,si,
0x79B94F7,0x79B9501,10,ascii,CR2SCT511D,si,,
0x79E20E0,0x79E20FE,30,ascii,We're on infrared lighting.   ,,si,
0x79E2110,0x79E212A,26,ascii,Now you can cut it open.  ,,si,
0x79E213C,0x79E214A,14,ascii,Here we go.   ,,si,
0x79E215C,0x79E2166,10,ascii,All done. ,,si,
0x79E2190,0x79E21A6,22,ascii,"Okay, nice and easy.  ",,si,
0x7A085C2,0x7A085CC,10,ascii,"20!OM!"" !0",,,
0x7A26870,0x7A26886,22,ascii,That took long enough.,,si,
0x7A26898,0x7A268AA,18,ascii,"Holy Jesus, look! ",,,
0x7A268BC,0x7A268E6,42,ascii,That box on the left is an optical\nsensor!,,si,
0x7A268F8,0x7A2692E,54,ascii,Maybe I should get some infrared\nlights for my place. ,,si,
0x7A2DFA7,0x7A2DFB1,10,ascii,AcTSeU333C,si,,
0x7A5C9C0,0x7A5C9E2,34,ascii,Would you please shut the fuck\nup!,,si,
0x7A5C9F4,0x7A5CA1E,42,ascii,This ain't gonna be as easy as I\nthought. ,,si,
0x7A5CA30,0x7A5CA4E,30,ascii,You can bet a pro did this.   ,,si,
0x7A5CA60,0x7A5CA8E,46,ascii,Maybe... maybe this wasn't such a\ngood idea.  ,,si,
0x7A5CAA0,0x7A5CAB6,22,ascii,Does it look familiar?,,si,
0x7A5CAF4,0x7A5CB22,46,ascii,We've seen it before. \nState-of-the-art stuff.,,si,
0x7A5CB48,0x7A5CB76,46,ascii,It's the same as the one Redwood\nshowed us.   ,,si,
0x7A5CB88,0x7A5CBCE,70,ascii,"A mechanical-chemical-electrical\nmix, with multiple safety\nmechanisms.",,si,
0x7A5CBE0,0x7A5CC12,50,ascii,At least we have a decent excuse\nif we mess up.   ,,si,
0x7A5CC24,0x7A5CC4A,38,ascii,We'll need to play this by the\nbook.  ,,si,
0x7A5CC5C,0x7A5CC72,22,ascii,What's our first move?,,si,
0x7A5CC9C,0x7A5CCB6,26,ascii,Might not be a bad idea.  ,,si,
0x7AE1FA2,0x7AE1FAC,10,ascii,%&BDe0!B&O,si,,
0x7AEC940,0x7AEC966,38,ascii,First cut the two wires on the left.  ,,si,
0x7AEC978,0x7AEC9AE,54,ascii,Don't touch anything else till\nthey're out the way.   ,,si,
0x7AEC9C0,0x7AEC9DE,30,ascii,All the tools are in the box. ,,si,
0x7AEC9F0,0x7AECA12,34,ascii,"To use a tool, just click on it.  ",,si,
0x7AECA24,0x7AECA62,62,ascii,You'll need the pliers to start. \nPress Confirm to use them.  ,,si,
0x7AECA74,0x7AECA8A,22,ascii,Think you can do it?  ,,si,
0x7AECA9C,0x7AECAB2,22,ascii,Do I have a choice?   ,,si,
0x7AECAC4,0x7AECAD6,18,ascii,Don't let me down.,,si,
0x7AF4462,0x7AF446C,10,ascii, cs4TrRB23,,,
0x7AFFDF4,0x7AFFE01,13,ascii,"!2""/Q0?! A3!%",,,
0x7B2A2E2,0x7B2A2ED,11,ascii,VE55D!D1! M,,,
0x7B33282,0x7B3328D,11,ascii,"aD3TR&5!""22",si,,
0x7B539C5,0x7B539CF,10,ascii," ""B%CUeTC4",,,
0x7B540A0,0x7B540DA,58,ascii,We better be careful how we\napproach the Redwood issue.   ,,si,
0x7B540EC,0x7B54112,38,ascii,I get the feeling we're on our\nown.   ,,si,
0x7B632A3,0x7B632AD,10,ascii,"AR1 1RA12""",,,
0x7B6E070,0x7B6E082,18,ascii,What about you?   ,,si,
0x7B6E094,0x7B6E09E,10,ascii,I'll pass.,,,
0x7B6E0B0,0x7B6E0E6,54,ascii,They're only targets! You gonna\nrun from this forever?,,si,
0x7B6E0F8,0x7B6E10E,22,ascii,I just can't do it.   ,,si,
0x7B6E120,0x7B6E132,18,ascii,"It's okay, man.   ",,,
0x7B7B986,0x7B7B991,11,ascii,A1Cfv&Fp5E%,si,,
0x7B89314,0x7B8931F,11,ascii, 02O?A1Q?22,si,,
0x7B95080,0x7B95096,22,ascii,Welcome to News Order.,,si,
0x7B9ECE2,0x7B9ECED,11,ascii,DCC342BED3E,si,,
0x7B9EE22,0x7B9EE30,14,ascii,C3TDUDeefDUEUE,si,,
0x7B9EEE2,0x7B9EEEC,10,ascii,"2333""""B334",si,,
0x7B9EEF2,0x7B9EEFD,11,ascii,"""S4""33eUE""D",si,,
0x7BA1080,0x7BA109A,26,ascii,Moving onto other news....,,,
0x7BAA070,0x7BAA082,18,ascii,In other news.... ,,si,
0x7BB1870,0x7BB188E,30,ascii,Returning to previous news....,,si,
0x7BB6C32,0x7BB6C40,14,ascii,UVEEEUEDDUD442,si,,
0x7BB9080,0x7BB90A2,34,ascii,Returning to a previous story.... ,,si,
0x7BC20F4,0x7BC2136,66,ascii,The number of Narc users on\nBeyond has reached an all-time\nhigh.  ,,si,
0x7BC2148,0x7BC216A,34,ascii,"In response, Beyond Coast Police  ",,si,
0x7BC217C,0x7BC21AA,46,ascii,has formed a special task force to\ninvestigate,,si,
0x7BC21D0,0x7BC21FA,42,ascii,possible trafficking routes from\nEarth.   ,,si,
0x7BEBBA2,0x7BEBBAD,11,ascii,!B2CCEC3C3c,si,,
0x7BF5930,0x7BF596E,62,ascii,"Narc is a semi-synthetic narcotic\nmade from black poppy opium,",,si,
0x7BF5980,0x7BF59D2,82,ascii,"combining the addictiveness of\nmorphine with the hallucinogenic\nproperties of LSD,",,si,
0x7BF59E4,0x7BF5A0E,42,ascii,and is space's most common illegal\ndrug.  ,,si,
0x7BF5A20,0x7BF5A5A,58,ascii,The International Space Promotion\nAgency estimates that   ,,si,
0x7BF5A6C,0x7BF5A9E,50,ascii,Narc is used by nearly a third of\nall individuals ,,si,
0x7BF5AB0,0x7BF5AD2,34,ascii,"involved with space development,  ",,si,
0x7BF5AE4,0x7BF5AFE,26,ascii,and it expects that number,,si,
0x7BF5B10,0x7BF5B26,22,ascii,to continue to rise.  ,,si,
0x7C1A872,0x7C1A880,14,ascii,"4V3D4RE""SFR2SR",si,,
0x7C1BB47,0x7C1BB51,10,ascii,"B2DSSRc0""+",si,,
0x7C1C185,0x7C1C191,12,ascii,"5 Efn""c2qE3,",,,
0x7C25442,0x7C2544D,11,ascii,"""23""333""3.%",si,,
0x7C33CA4,0x7C33CAF,11,ascii,"2!!20!A!A1""",si,,
0x7C47150,0x7C47182,50,ascii,The worldwide organ shortage\ncontinues to worsen. ,,si,
0x7C47194,0x7C471BA,38,ascii,"The numerous hazards of outer\nspace,  ",,si,
0x7C471CC,0x7C471F6,42,ascii,"such as weightlessness and\ncosmic rays,   ",,si,
0x7C47208,0x7C4723E,54,ascii,have fueled the rise in rates of\norgan abnormalities. ,,si,
0x7C47250,0x7C4727E,46,ascii,"This, of course, in turn reduces\nthe number   ",,si,
0x7C47290,0x7C472B6,38,ascii,of individuals eligible for donation. ,,si,
0x7C472C8,0x7C47316,78,ascii,The International Space Promotion\nAgency is calling for\ntransplant-developing ,,si,
0x7C47328,0x7C47356,46,ascii,nations on Earth to join the donor\nnetwork.   ,,si,
0x7C56D42,0x7C56D4F,13,ascii,"4""PCRNaQ""R2?1",si,,
0x7C629E3,0x7C629ED,10,ascii,RPV6bf4T62,si,,
0x7C6CD23,0x7C6CD2D,10,ascii,"A""R !3""!2!",,,
0x7C7CA62,0x7C7CA6C,10,ascii,"F333S45"".B",si,,
0x7C955D3,0x7C955E0,13,ascii,"!RbBC""A0eQOBS",si,,
0x7CA2922,0x7CA292D,11,ascii,35dBCa3 !3B,,,
0x7CAF1C0,0x7CAF202,66,ascii,Three employees of Gold Pictures\nhave been arrested for allegedly ,,si,
0x7CAF214,0x7CAF252,62,ascii,"producing and distributing\npornographic PVR software, or\nAVR. ",,si,
0x7CAF264,0x7CAF2A2,62,ascii,Two actresses starring in the\nsoftware have also been charged.,,si,
0x7CAF2B4,0x7CAF2DE,42,ascii,"The culmination of a long\ninvestigation,  ",,si,
0x7CAF2F0,0x7CAF32A,58,ascii,"Gold Pictures has to date released\nover fifty such titles,",,si,
0x7CAF33C,0x7CAF36A,46,ascii,with annual sales totaling over 5\nbillion yen.,,si,
0x7CAF37C,0x7CAF3C2,70,ascii,This marks the first time that AVR\nporn actresses have been\narrested. ,,si,
0x7CAF3E8,0x7CAF42A,66,ascii,"The driving force behind the\ncrackdown is its effect on minors,   ",,si,
0x7CAF43C,0x7CAF462,38,ascii,since AVR is easily used in the\nhome. ,,si,
0x7CAF474,0x7CAF4AA,54,ascii,Looks like VR porn's just as big a\nproblem out here.  ,,si,
0x7CB2CD6,0x7CB2CE1,11,ascii,dSS5CE'dAA),si,,
0x7CB6B54,0x7CB6B61,13,ascii,2!0BDc4V55UBE,si,,
0x7D161C2,0x7D161CE,12,ascii,0PQQA?Ss25oR,,si,
0x7D19DE5,0x7D19DF0,11,ascii,"""0l/VbF3U&3",si,,
0x7D1DF15,0x7D1DF20,11,ascii,"714RF""33434",si,,
0x7D3F930,0x7D3F93E,14,ascii,As the world  ,,si,
0x7D3F950,0x7D3F97E,46,ascii,"stops to mark Beyond Coast's 30th\nanniversary,",,si,
0x7D3F990,0x7D3F9C6,54,ascii,the colony continues to show\nsigns of deterioration.  ,,si,
0x7D3F9D8,0x7D3FA12,58,ascii,"The degradation of its mirrors is\nparticularly advanced,  ",,si,
0x7D3FA24,0x7D3FA6E,74,ascii,with officials fearing their\ngathering power will soon begin to\ndecline.  ,,si,
0x7D3FA80,0x7D3FABE,62,ascii,The International Space Promotion\nAgency says it is studying  ,,si,
0x7D3FAD0,0x7D3FB12,66,ascii,a possible 10-year plan for\nreplacing all of the colony's parts.  ,,si,
0x7D53617,0x7D53621,10,ascii,b/2 SCR 2+,,,
0x7D6E022,0x7D6E02D,11,ascii,"""""3D333343F",si,,
0x7D7AF34,0x7D7AF41,13,ascii,2A34%DSAC123+,si,,
0x7D7AF52,0x7D7AF5C,10,ascii,"""CPCFQRS C",,,
0x7D8A8A2,0x7D8A8AF,13,ascii,"BFS2bCUT4TT""E",si,,
0x7D97920,0x7D97952,50,ascii,A demonstration was held by\nrepatriatists today   ,,si,
0x7D97964,0x7D97992,46,ascii,"in the run-up to Beyond Coast's\nanniversary,  ",,si,
0x7D979A4,0x7D979EA,70,ascii,"where an estimated 10,000 people\ngathered at the Tokugawa\nBuilding.   ",,si,
0x7D979FC,0x7D97A1A,30,ascii,Scuffles between demonstrators,,,
0x7D97A2C,0x7D97A62,54,ascii,"and police did occur, but no\ninjuries were reported.  ",,si,
0x7D97A74,0x7D97A96,34,ascii,BCP is urging citizens to remain  ,,si,
0x7D97AA8,0x7D97AE6,62,ascii,vigilant through the anniversary\nagainst possible terrorism.  ,,si,
0x7D9C122,0x7D9C12D,11,ascii,"DDDDDD3332""",si,,
0x7DB35B3,0x7DB35BE,11,ascii,"&% SE22C2""!",,,
0x7DBCA22,0x7DBCA2D,11,ascii,DEUUUUEDD33,si,,
0x7DC5C05,0x7DC5C0F,10,ascii,"02""""A20""""!",si,,
0x7DE1FE5,0x7DE1FF0,11,ascii, Ao!S&&%BR!,si,,
0x7DEA170,0x7DEA1B2,66,ascii,Earth aid talks were held on\norbiting station Freedom II\nyesterday,,si,
0x7DEA1C4,0x7DEA1EA,38,ascii,between Beyond's foreign minister\nand ,,si,
0x7DEA1FC,0x7DEA20E,18,ascii,the director of   ,,si,
0x7DEA220,0x7DEA24A,42,ascii,the United Nations Environment\nProgram.   ,,si,
0x7DEA25C,0x7DEA292,54,ascii,"However, the meeting collapsed\nwhen Secretary Titov   ",,si,
0x7DEA2A4,0x7DEA2DE,58,ascii,proposed that Earth drop its aid to\nBeyond in response to ,,si,
0x7DEA304,0x7DEA33A,54,ascii,Mr. Finney's proposal to raise\nrequired aid to Earth  ,,si,
0x7DEA34C,0x7DEA356,10,ascii,by 60%.   ,,si,
0x7DEA368,0x7DEA382,26,ascii,Both officials declined to,,si,
0x7DEA394,0x7DEA3B2,30,ascii,comment on the conversation.  ,,si,
0x7E46682,0x7E4668E,12,ascii,"BA2B3?C12!""!",si,,
0x7E5D110,0x7E5D132,34,ascii,Another refugee ship from Earth   ,,si,
0x7E5D144,0x7E5D176,50,ascii,arrived at Beyond Coast Spaceport\nthis morning.   ,,si,
0x7E5D188,0x7E5D1A2,26,ascii,Most of its occupants were,,si,
0x7E5D1B4,0x7E5D1E2,46,ascii,day laborers from the Near and\nMiddle East.   ,,si,
0x7E5D1F4,0x7E5D236,66,ascii,All were granted asylum and sent\nto immigration for processing.   ,,si,
0x7E5D248,0x7E5D272,42,ascii,"Terrestrials who illegally enter\nBeyond,  ",,si,
0x7E5D284,0x7E5D29E,26,ascii,"known as neo immigrants,  ",,si,
0x7E5D2B0,0x7E5D2DA,42,ascii,are fast becoming a problem on\nthe colony.,,si,
0x7E62CB2,0x7E62CC1,15,ascii,"OboTE""PCSA%%B2,",si,,
0x7E62CD2,0x7E62CDD,11,ascii,"?PD""2""S4E!A",si,,
0x7E66065,0x7E6606F,10,ascii,"E.C""d4BG1c",si,,
0x7E81734,0x7E8173E,10,ascii,"""&C1d?%3CM",si,,
0x7E90623,0x7E90631,14,ascii,"GR%UpC35eCQQt,",si,,
0x7E926C7,0x7E926D1,10,ascii,"!""""""""""2&M4",si,,
0x7E9CC75,0x7E9CC7F,10,ascii,C 2B332411,,,
0x7EA77B3,0x7EA77BE,11,ascii,"""232!C2""""""""",si,,
0x7EA98E0,0x7EA9906,38,ascii,Now for today's solar flare\nforecast. ,,si,
0x7EA9918,0x7EA993E,38,ascii,"No large flares are expected\ntoday,   ",,si,
0x7EA9950,0x7EA998A,58,ascii,with only trace amounts of\nradiation throughout the day.  ,,si,
0x7EA999C,0x7EA99CA,46,ascii,"Furthermore, shield warnings\nhave been lifted,",,si,
0x7EA99DC,0x7EA9A06,42,ascii,so get outside and enjoy the nice\nweather!,,si,
0x7EC41A5,0x7EC41B0,11,ascii,S!M!/1./F S,,,
0x7ECD752,0x7ECD75D,11,ascii,UeVV23&2EdS,si,,
0x7EDAC72,0x7EDAC7C,10,ascii,sQ%&BEapDO,si,,
0x7EE4880,0x7EE48AA,42,ascii,This is Karen Hojo reporting for\nBBC News.,si,si,
0x7EF1880,0x7EF18AA,42,ascii,This is Karen Hojo reporting for\nBBC News.,si,si,
0x7EFED62,0x7EFED6F,13,ascii,qdTVdF%O%D141,si,,
0x7F07080,0x7F070AA,42,ascii,This is Karen Hojo reporting for\nBBC News.,si,si,
0x7F13080,0x7F130AA,42,ascii,This is Karen Hojo reporting for\nBBC News.,si,si,
0x7F28070,0x7F2808E,30,ascii,Thank you for your patience.  ,,si,Gracias por su paciencia.
0x7F280A0,0x7F280C2,34,ascii,"And now, our feature\npresentation.",,si,"Y ahora, nuestro acto\nprincipal."
0x7F43802,0x7F4380C,10,ascii,"D30B""6P625",si,,
0x7F47070,0x7F47082,18,ascii,Enjoy the show!   ,,si,Disfruta la obra!
0x7F49666,0x7F49670,10,ascii,!000 !110!,,,
0x7F4EA12,0x7F4EA1C,10,ascii,"41!D3R1P""/",si,,
0x7F570B2,0x7F570C0,14,ascii,D33C4D33333333,si,,
0x7F590C0,0x7F590CE,14,ascii,Bag's frozen. ,,,
0x7F590E0,0x7F590FE,30,ascii,Next comes the optical sensor.,,si,
0x7F59110,0x7F59142,50,ascii,It could have a sensor that reacts\nto white light.,,si,
0x7F59154,0x7F59166,18,ascii,Kill the lights.  ,,si,
0x7F5BAA7,0x7F5BAB1,10,ascii, UEDUWDBTC,,,
0x7F6D606,0x7F6D610,10,ascii,554RT6Cc5C,si,,
0x7F7E900,0x7F7E922,34,ascii,"Chris, we need to use your\nT-Gear.",,si,
0x7F7E934,0x7F7E94E,26,ascii,It's extremely important. ,,,
0x7F7E960,0x7F7E98A,42,ascii,Well... you have a warrant or\nanything?   ,,si,
0x7F7E99C,0x7F7E9AE,18,ascii,What do you think?,,si,
0x7F7E9C0,0x7F7E9E2,34,ascii,You mean you just expect me\nto...?,,si,
0x7F7E9F4,0x7F7EA12,30,ascii,Okay.  I never saw anything.  ,,,
0x7F7EA24,0x7F7EA32,14,ascii,"Thanks, Chris.",,,
0x7F7EA44,0x7F7EA56,18,ascii,Don't mention it. ,,si,
0x7F7EA68,0x7F7EA9A,50,ascii,You guys have brought back a lot\nof nice memories.,,si,
0x7F7EAAC,0x7F7EAC2,22,ascii,"I owe you, in a way.  ",,si,
0x7F7EAD4,0x7F7EAF6,34,ascii,Follow me.  I'll open the door.   ,,si,
0x7F860B2,0x7F860BD,11,ascii,"3""cfUe3S0RD",si,,
0x7F87033,0x7F87041,14,ascii,"""""cNP2223B2BCF",si,,
0x7F88772,0x7F8877D,11,ascii,"bR3CC&d?&b,",si,,
0x7F93135,0x7F93140,11,ascii,"OAL""1A!2 02",,,
0x7F98F12,0x7F98F20,14,ascii,"00""Rm1!3 R ""R1",,,
0x7F99A44,0x7F99A4E,10,ascii,C!3A323Qo1,si,,
0x7F9A586,0x7F9A590,10,ascii,"C""""001!Q/""",si,,
0x7FA59A2,0x7FA59B0,14,ascii,F%tgFoDVDgReRB,si,,
0x7FB5332,0x7FB533D,11,ascii,DD311bc/2CB,si,,
0x7FB91B2,0x7FB91BC,10,ascii,1 3 A/ 1 N,,,
0x7FC9414,0x7FC941E,10,ascii,31P13!B2BA,si,,
0x7FC9B03,0x7FC9B10,13,ascii,%31C1BA31R04b,si,,
0x7FCA202,0x7FCA20C,10,ascii,"""T12244B""5",si,,
0x7FCDA96,0x7FCDAA1,11,ascii,0sT24SUS4c',si,,
0x7FD64A5,0x7FD64B1,12,ascii,POqFs31/sSb+,si,,
0x7FE9027,0x7FE9031,10,ascii,C2C33RACO+,si,,
0x7FEA556,0x7FEA561,11,ascii,E2WDfTV4U0+,si,,
0x7FEE4E7,0x7FEE4F1,10,ascii,"e""BT/b+TE,",si,,
0x7FF3920,0x7FF3946,38,ascii,Where'd the guy in the bike suit\ngo?  ,,si,
0x7FF3958,0x7FF3982,42,ascii,He ran into the next car.  What did\nhe do?,,si,
0x7FF3994,0x7FF39C2,46,ascii,He was speeding... and ran a\nbunch of lights. ,,si,
0x7FF39D4,0x7FF39DE,10,ascii,Speeding? ,,,
0x7FF39F0,0x7FF3A0E,30,ascii,He didn't buy a ticket either.,,si,
0x7FF3A20,0x7FF3A3E,30,ascii,And he disrespects his elders.,,si,
0x7FF3A68,0x7FF3A82,26,ascii,That matches the blood.   ,,si,
0x7FF3A94,0x7FF3AB2,30,ascii,I say he's telling the truth. ,,si,
0x7FF5614,0x7FF5620,12,ascii,"!!""233CDEUUf",si,,
0x800C7B6,0x800C7C1,11,ascii,"""BB""""C3""!""&",si,,
0x800C936,0x800C941,11,ascii,!1EDTUvtU5F,si,,
0x800D692,0x800D69C,10,ascii,""""" E"""" """"!",,,
0x8019CD7,0x8019CE1,10,ascii,"""DT54UeF3&",si,,
0x803D090,0x803D09E,14,ascii,There he is!  ,si,si,
0x803D0B0,0x803D0C2,18,ascii,You're mine....   ,,,
0x805CE23,0x805CE2D,10,ascii,MP05q3eSE2,si,,
0x805D8E6,0x805D8F0,10,ascii,"!""2""233CDC",si,,
0x805D952,0x805D960,14,ascii,53DTETVFVUUeTV,si,,
0x805DA25,0x805DA30,11,ascii,"!2""3DDTTTTd",si,,
0x805DA62,0x805DA70,14,ascii,DTTUEUUVfVUfVU,si,,
0x805DA93,0x805DAA0,13,ascii,!!2B344STBECE,si,,
0x805DAA2,0x805DAB0,14,ascii,CTTeUeeUUUEEUU,si,,
0x805DAD2,0x805DAE0,14,ascii,4C3CUCUTTTETEV,si,,
0x805DAE2,0x805DAF0,14,ascii,"UeFDFEE4DC43""""",si,,
0x805DB12,0x805DB20,14,ascii,E4UTETUEUUUTEE,si,,
0x805DB43,0x805DB50,13,ascii,"!""""""34CC4UdEE",si,,
0x805DB52,0x805DB60,14,ascii,EDVUffVUeeUED5,si,,
0x805DB92,0x805DBA0,14,ascii,FcUEETDDECDD52,si,,
0x805DC02,0x805DC10,14,ascii,4DD4CTUTEETUfS,si,,
0x805DC12,0x805DC20,14,ascii,EUUEESESTEUT4T,si,,
0x805DC82,0x805DC90,14,ascii,434T4TDDETDTTU,si,,
0x805DCC2,0x805DCD0,14,ascii,3D5CB4EUDEETFE,si,,
0x805DCD2,0x805DCE0,14,ascii,UTUVTTUeSTEDDD,si,,
0x805DD02,0x805DD10,14,ascii,C3C4443DDTUDEC,si,,
0x805DD12,0x805DD20,14,ascii,EDEEEDETETEDDC,si,,
0x805DD52,0x805DD60,14,ascii,D54CTDEF4DEUF5,si,,
0x805DD92,0x805DDA0,14,ascii,C4DTUUedVTeUUV,si,,
0x805DDA2,0x805DDB0,14,ascii,TDTT4EDET3C3CS,si,,
0x805DDD2,0x805DDE0,14,ascii,T3DD3ECDEdEVUU,si,,
0x805DDE2,0x805DDF0,14,ascii,DdUEVTEUTcTT4C,si,,
0x805DE22,0x805DE30,14,ascii,TSCDUTDETSECCU,si,,
0x805DE62,0x805DE70,14,ascii,DD34TDCDD5UEDU,si,,
0x805DE72,0x805DE80,14,ascii,UTTDT4FUEEDUDD,si,,
0x805DEB2,0x805DEC0,14,ascii,5EUFEEDUVTUEVU,si,,
0x805DF02,0x805DF10,14,ascii,VDCCDU4TEEED4D,si,,
0x805DF42,0x805DF50,14,ascii,S45D2D34T5EdUU,si,,
0x805DF52,0x805DF60,14,ascii,TUUDUVDdTETDC4,si,,
0x805DF62,0x805DF70,14,ascii,"TE55D34443""334",si,,
0x805DFA2,0x805DFB0,14,ascii,TEFEEUF4DTTD5C,si,,
0x805DFF2,0x805E000,14,ascii,EUDDDDD4DCC344,si,,
0x805E042,0x805E050,14,ascii,DDEfUEEETTTTD3,si,,
0x805E092,0x805E0A0,14,ascii,4BECC4CS4TC3CC,si,,
0x805E0E2,0x805E0F0,14,ascii,35E4DETTETUSDU,si,,
0x805E142,0x805E150,14,ascii,3DDDC4DUCDCT44,si,,
0x805E192,0x805E1A0,14,ascii,33C4DDCU3UTUDT,si,,
0x805E1A2,0x805E1B0,14,ascii,Td33D3DT344333,si,,
0x805E1E6,0x805E1F0,10,ascii,3CC34TD44E,si,,
0x805E1F2,0x805E200,14,ascii,DDDEUDEETDDDTF,si,,
0x805E2A2,0x805E2B0,14,ascii,333C3334BETDEd,si,,
0x805E2B2,0x805E2C0,14,ascii,DTDUDDDDCCDUED,si,,
0x8063110,0x806311E,14,ascii,It stopped!   ,,si,
0x8063130,0x806313E,14,ascii,It's over.... ,,si,
0x8063150,0x8063166,22,ascii,"You know, Jonathan,   ",,si,
0x8063178,0x80631AE,54,ascii,I think you'd make a fine addition\nto our bomb squad. ,,si,
0x80631C0,0x80631CA,10,ascii,"Ha, yeah. ",,,
0x80631DC,0x806320A,46,ascii,How long before your hair starts\nfalling out? ,,si,
0x806321C,0x806324E,50,ascii,Those 25 years are gonna catch\nup to you anyway.  ,,si,
0x8063260,0x806327E,30,ascii,Just like ol' Uroshami Tora.  ,,si,
0x8088816,0x8088821,11,ascii,2312322C3!3,si,,
0x80888A3,0x80888AF,12,ascii,dVTdeVuvW4TD,si,,
0x80A4003,0x80A400E,11,ascii,"!UUT""EES44""",si,,
0x80A4226,0x80A4231,11,ascii,ACu4FSSDfE%,si,,
0x80AE0A0,0x80AE0BA,26,ascii,Nice of them to turn up.  ,,si,
0x80AE0CC,0x80AE102,54,ascii,It's like they were waiting to see\nwhat would happen. ,,si,
0x80AE12C,0x80AE14A,30,ascii,Dave's body has disappeared!  ,,si,
0x80AE15C,0x80AE186,42,ascii,You sure the paramedics didn't\nmove him?  ,,si,
0x80AE198,0x80AE1B6,30,ascii,"Yeah, they followed me here.  ",,si,
0x80AE1C8,0x80AE1EE,38,ascii,When we got here he was already\ngone. ,,si,
0x80C5FB5,0x80C5FC1,12,ascii," ,A1A22A?N/3",si,,
0x80D1106,0x80D1111,11,ascii,Ura%WVf6423,si,,
0x80E9AB0,0x80E9ACE,30,ascii,You at gymnastics practice?   ,,si,
0x80E9AE0,0x80E9B02,34,ascii,This is my new uniform.  Like it? ,,si,
0x80E9B14,0x80E9B32,30,ascii,"A little revealing, isn't it? ",,si,
0x80E9B44,0x80E9B76,50,ascii,"Blah, blah, blah.  It's the material\nthat counts. ",,si,
0x80E9B88,0x80E9BDE,86,ascii,It's made from that new\nall-natural compound fabric.  It's\ngreat at absorbing sweat!  ,,si,
0x80E9BF0,0x80E9C22,50,ascii,I'm more interested in what's\nunder the uniform.  ,,si,
0x80E9C34,0x80E9C56,34,ascii,Jonathan! This is my baby girl.   ,,si,
0x80E9C68,0x80E9C82,26,ascii,"Who's this, Dad? A guest? ",,si,
0x80E9C94,0x80E9CCA,54,ascii,"Yeah, your dad's brought along an\nold friend today.   ",,si,
0x80E9CDC,0x80E9CFE,34,ascii,Will we have enough for dinner?   ,,si,
0x80E9D10,0x80E9D42,50,ascii,"Sure.  I usually make too much\nanyway, remember?  ",,,
0x80E9D54,0x80E9D82,46,ascii,"Besides, we can always give him\nsome of yours!",,si,
0x80E9D94,0x80E9DAE,26,ascii,Just do what you gotta do.,,si,
0x80E9DC0,0x80E9DDA,26,ascii,I'm Anna.  And you are?   ,,si,
0x80E9DEC,0x80E9E0A,30,ascii,Jonathan.  Jonathan Ingram.   ,,,
0x80E9E1C,0x80E9E26,10,ascii,Charmed.  ,,,
0x80E9E38,0x80E9E76,62,ascii,Jonathan? You're Jonathan? Dad\ntalks about you all the time.  ,,si,
0x80E9E88,0x80E9EBE,54,ascii,Marc? Aren't you gonna say hello\nto Uncle Jonathan?   ,,si,
0x80E9EE4,0x80E9EFE,26,ascii,Don't take it personally. ,,si,
0x80E9F10,0x80E9F56,70,ascii,Marc has a mental disorder.  He\ndoesn't talk.  It's kinda like autism.,,si,
0x80E9F68,0x80E9FA6,62,ascii,"Alright, Anna, why don't you get\nchanged and start on dinner? ",,si,
0x80E9FB8,0x80E9FEA,50,ascii,I suppose this is a little heavy for\n1G anyway.   ,,si,
0x80E9FFC,0x80EA01A,30,ascii,"Oh, you have to take it off?  ",,si,
0x80EA02C,0x80EA046,26,ascii,I see Jonathan likes it.  ,,si,
0x80EA058,0x80EA06A,18,ascii,Anna! Just do it! ,,si,
0x80EA07C,0x80EA08A,14,ascii,"Okay, okay.   ",,,
0x80EA09C,0x80EA0CA,46,ascii,Ever hear anyone talk to their dad\nthat way?  ,,si,
0x80EC675,0x80EC681,12,ascii,"P4""TfEF%6V!B",si,,
0x80F2372,0x80F2380,14,ascii,ED5UFEDTTSTSCE,si,,
0x80F2382,0x80F2390,14,ascii,EETTDU5ED2CD34,si,,
0x80F23A6,0x80F23B0,10,ascii,"2""2DE4DCCE",si,,
0x80F23B2,0x80F23C0,14,ascii,SUDTETDDD4D4DC,si,,
0x80F2AB2,0x80F2AC0,14,ascii,334C3C34332233,si,,
0x80F2AC2,0x80F2AD0,14,ascii,333C34C3334323,si,,
0x80F2AD2,0x80F2AE0,14,ascii,FVUfFVEEVUE45T,si,,
0x80F32A2,0x80F32B0,14,ascii,EfUUfUfUfVffff,si,,
0x80F3922,0x80F3930,14,ascii,333233333CC3C4,si,,
0x80F3932,0x80F3940,14,ascii,"2CC333""3333333",si,,
0x80F3962,0x80F3970,14,ascii,UDSDCTEDTFD444,si,,
0x80F3972,0x80F3980,14,ascii,DES4DDE54EdC6D,si,,
0x80F3982,0x80F3990,14,ascii,3C2333343C4343,si,,
0x80F3992,0x80F39A0,14,ascii,333CC33C43433C,si,,
0x80F39D2,0x80F39E0,14,ascii,3CCDDDD3333333,si,,
0x80F39E2,0x80F39F0,14,ascii,233333C44C43C3,si,,
0x80FC0B5,0x80FC0C0,11,ascii,"4TT""BBDfDEe",si,,
0x80FC572,0x80FC57C,10,ascii,"VVUTVeFD""!",si,,
0x80FC812,0x80FC81F,13,ascii,"V5!""1cUTfCU3C",si,,
0x80FF2F4,0x80FF301,13,ascii,"""223fdTdgVUcE",si,,
0x81008E2,0x81008EC,10,ascii,"!""BD%64?e0",si,,
0x810A6D7,0x810A6E1,10,ascii,"3CC/4mc""4J",si,,
0x81165E7,0x81165F1,10,ascii,NLACECB2!G,si,,
0x81168B2,0x81168BC,10,ascii,"C2C""""22R32",si,,
0x8119043,0x811904E,11,ascii,C!0D2R3B3B4,si,,
0x811B874,0x811B87F,11,ascii,V2AD2TF4CA5,si,,
0x811D952,0x811D960,14,ascii," ""EU2CCE5U334T",si,,
0x811D992,0x811D99D,11,ascii,"""BC3D3""!!""!",si,,
0x8123FE2,0x8123FED,11,ascii,"TCD534E33C""",si,,
0x81244F2,0x8124500,14,ascii,"43333""233334C3",si,,
0x8124512,0x8124520,14,ascii,333333CDC3CCC3,si,,
0x8124972,0x8124980,14,ascii,"43333332""33222",si,,
0x8124982,0x8124990,14,ascii,UUVTEEDDeUEE5T,si,,
0x8124A12,0x8124A20,14,ascii,22T43BUUDTE4TF,si,,
0x8125862,0x8125870,14,ascii,C3C33C33C4D333,si,,
0x81258D2,0x81258E0,14,ascii,DETDSE4EEEECED,si,,
0x81258E2,0x81258F0,14,ascii,UVf5DDCDBDEETC,si,,
0x81258F2,0x8125900,14,ascii,CEEDT3CDD4UUFT,si,,
0x8126072,0x8126080,14,ascii,DdTUUUUTEEUffV,si,,
0x8126272,0x8126280,14,ascii,33433333333332,si,,
0x8126732,0x8126740,14,ascii,UUeUVUF5CC4UTD,si,,
0x8126742,0x8126750,14,ascii,TTdEVTUeUDDSTE,si,,
0x8126752,0x8126760,14,ascii,UeUTDTDDdD5eTU,si,,
0x8126762,0x8126770,14,ascii,UUfdFFCSCDECVD,si,,
0x8126772,0x8126780,14,ascii,eUETTe4CSDEUFV,si,,
0x8126E22,0x8126E30,14,ascii,VVfeET5UfTDUEd,si,,
0x8126E32,0x8126E40,14,ascii,TDE4B43DdEB4B3,si,,
0x8126E42,0x8126E50,14,ascii,3CC4CTDDDTD3D4,si,,
0x8126E82,0x8126E90,14,ascii,2B344S3TED5CCT,si,,
0x8126E92,0x8126EA0,14,ascii,DEfDDEDDC43D3C,si,,
0x8126EA2,0x8126EB0,14,ascii,C32CBCDEDSTETU,si,,
0x8126EC2,0x8126ED0,14,ascii,4TEfEUEVTedUTE,si,,
0x8126EF2,0x8126F00,14,ascii,3334C4DD4D4DDC,si,,
0x8126F22,0x8126F30,14,ascii,3333C343333433,si,,
0x812EC22,0x812EC30,14,ascii,44D443C2333333,si,,
0x812EC32,0x812EC40,14,ascii,fEFVUEDETT34C3,si,,
0x812F252,0x812F260,14,ascii,343CC3C333C43C,si,,
0x812FAE2,0x812FAF0,14,ascii,UUVEUU5ddTEDTE,si,,
0x812FAF2,0x812FAFC,10,ascii,"DEDD3""22""2",si,,
0x812FB62,0x812FB70,14,ascii,4B53CCBeTETUED,si,,
0x8130232,0x8130240,14,ascii,UUTDDDD4CUTTeF,si,,
0x8130242,0x8130250,14,ascii,V6eSfUDDT4CDUU,si,,
0x8130252,0x8130260,14,ascii,UffUFDDTSUVUET,si,,
0x8130282,0x8130290,14,ascii,"3C333343""43334",si,,
0x8130292,0x81302A0,14,ascii,3333334C34D433,si,,
0x81302A2,0x81302B0,14,ascii,34343443C33333,si,,
0x81308F2,0x8130900,14,ascii,DFTSDTdD42143C,si,,
0x8130912,0x8130920,14,ascii,"4D3CSUCDU4""3C3",si,,
0x8130922,0x8130930,14,ascii,4T4E5EUUTUE334,si,,
0x8130982,0x8130990,14,ascii,eVVUTTVefUedfU,si,,
0x8130992,0x81309A0,14,ascii,eUeFTDE3D6DTEV,si,,
0x81309A2,0x81309B0,14,ascii,eEUEDDT2D4D4CD,si,,
0x8130A22,0x8130A30,14,ascii,"23""23C3D443CC3",si,,
0x81310F2,0x81310FC,10,ascii,%ARc30PTC%,si,,
0x81344C7,0x81344D1,10,ascii,BDgFDUE33B,si,,
0x8144162,0x8144170,14,ascii,UETeUUED5UcUEU,si,,
0x8144172,0x8144180,14,ascii,UUDET5CDTEEeFD,si,,
0x81445A6,0x81445B0,10,ascii," 3""2""2CBD2",,,
0x81445E2,0x81445F0,14,ascii,4EDDDTDEVVVeUe,si,,
0x81445F2,0x8144600,14,ascii,UfUUeTEdUfUUTU,si,,
0x8144A32,0x8144A40,14,ascii,eUUUEFUFTVfUfe,si,,
0x8144A52,0x8144A60,14,ascii,UDESddUDEEDDDT,si,,
0x8144A62,0x8144A70,14,ascii,UUeSeUDUUVUDTU,si,,
0x8144E32,0x8144E40,14,ascii,"C3333""3234CC43",si,,
0x8144E52,0x8144E60,14,ascii,ECC44D54DTTUeT,si,,
0x8144ED2,0x8144EE0,14,ascii,VDVTeFVETDD4D4,si,,
0x8144F12,0x8144F20,14,ascii,34CDUVeEEUTTDD,si,,
0x8144F22,0x8144F30,14,ascii,CCCDDDEVeFDEUD,si,,
0x81450F2,0x8145100,14,ascii,fUVTD6CSC54UUE,si,,
0x8145102,0x8145110,14,ascii,"U4D3C4DDSC22""C",si,,
0x8145142,0x8145150,14,ascii,DEDDDE432BCD43,si,,
0x81455A2,0x81455B0,14,ascii,"3D3333""2""23D33",si,,
0x81455B2,0x81455C0,14,ascii,UFDTDDEUFcTDC4,si,,
0x8145643,0x8145650,13,ascii,"!2""2B""2CCC4DD",si,,
0x8145832,0x8145840,14,ascii,fVffffVUEfUTCU,si,,
0x8145C02,0x8145C10,14,ascii,eUUefUEDEDTDUD,si,,
0x8145C22,0x8145C30,14,ascii,VUEVTeeVUUE5TU,si,,
0x8145C32,0x8145C40,14,ascii,33334D33333323,si,,
0x8145C42,0x8145C50,14,ascii,5UUVfUfUVUUET4,si,,
0x8145C52,0x8145C60,14,ascii,EDfVUVUFEDDD34,si,,
0x8145C72,0x8145C80,14,ascii,D3CCE5ETDDUCCT,si,,
0x8145CE2,0x8145CF0,14,ascii,23D4DDDDC4DECE,si,,
0x8145CF2,0x8145D00,14,ascii,TUT43DS2C4CSCS,si,,
0x8145D32,0x8145D40,14,ascii,23324333333C34,si,,
0x8145DB2,0x8145DC0,14,ascii,333333C333233C,si,,
0x8145DC2,0x8145DD0,14,ascii,333343333CC333,si,,
0x8146002,0x8146010,14,ascii,3C333333C3333C,si,,
0x81460D2,0x81460E0,14,ascii,2C333333323333,si,,
0x81463B2,0x81463C0,14,ascii,433C3C3D333333,si,,
0x81463D2,0x81463E0,14,ascii,33333CCC322323,si,,
0x81463E2,0x81463F1,15,ascii,"UfVUVVUTTTTTTf,",si,,
0x81464A2,0x81464B0,14,ascii,UUUE5DDCC3D4DD,si,,
0x8146503,0x8146510,13,ascii,"""323B44DDd4D6",si,,
0x8146512,0x8146520,14,ascii,UEUUVDEdeUfUUF,si,,
0x8146532,0x8146540,14,ascii,"C343""223233DD4",si,,
0x8146BF2,0x8146C00,14,ascii,"""""""2333333334C",si,,
0x8146C62,0x8146C70,14,ascii,UEUUEVEDUTEdde,si,,
0x8146C72,0x8146C80,14,ascii,VTTEVTDUVVVTee,si,,
0x8146C92,0x8146CA0,14,ascii,VefVFTDd5UdTDU,si,,
0x8146CB2,0x8146CC0,14,ascii,3DC34CD34C3C3D,si,,
0x81507A4,0x81507AF,11,ascii,"""RRE5dcT56""",si,,
0x8154ED4,0x8154EDE,10,ascii,"U3BcBT53""4",si,,
0x815AC52,0x815AC60,14,ascii,C4CD3333343332,si,,
0x815AE32,0x815AE40,14,ascii,dDEECDDTeVTD43,si,,
0x815AE62,0x815AE70,14,ascii,DEUdfVEeEUDEEC,si,,
0x815AE72,0x815AE80,14,ascii,eVVFDCUEEEUUDE,si,,
0x815AE92,0x815AEA0,14,ascii,fUfVTDUTDDCTSB,si,,
0x815AEE2,0x815AEF0,14,ascii,CECTSUE%332D4B,si,,
0x815AF32,0x815AF40,14,ascii,33B23C33333333,si,,
0x815AF52,0x815AF60,14,ascii,UeeEUEUDTDDEUU,si,,
0x815AF62,0x815AF70,14,ascii,EdEeUdDSECEEBD,si,,
0x815B012,0x815B020,14,ascii,UUTTDddUVUeVef,si,,
0x815B022,0x815B030,14,ascii,3C433333333333,si,,
0x815B062,0x815B070,14,ascii,DDEDSEEETDTDDS,si,,
0x815B112,0x815B120,14,ascii,224D4D3C%342D4,si,,
0x815B142,0x815B150,14,ascii,"3""3C3D3DED4DTE",si,,
0x815B152,0x815B160,14,ascii,"23""""2232334343",si,,
0x815B172,0x815B180,14,ascii,3C4344C34343D3,si,,
0x815C742,0x815C750,14,ascii,"44333""CDC33332",si,,
0x815C942,0x815C950,14,ascii,34433323233333,si,,
0x815C952,0x815C960,14,ascii,eeUTDdeUTDTUdE,si,,
0x815CE52,0x815CE60,14,ascii,EDEdTUVVfeUUT4,si,,
0x815CE62,0x815CE70,14,ascii,FUVeUTeVeeeeVF,si,,
0x8186CF5,0x8186CFF,10,ascii,444A!13NAR,si,,
0x81A02C2,0x81A02D0,14,ascii,"""""22CDDD433233",si,,
0x81A2733,0x81A273E,11,ascii,"AQ 125!S""/5",,,
0x81AD206,0x81AD211,11,ascii,"%235AC"""" A,",,,
0x81B2862,0x81B286C,10,ascii,B223DSD551,si,,
0x81B3CE2,0x81B3CEF,13,ascii,fVfUUDDDDDDDU,si,,
0x81B5CE2,0x81B5CF0,14,ascii,3CDCDDUC44DDDD,si,,
0x81B5D02,0x81B5D10,14,ascii,C3C3433CC44DC4,si,,
0x81B8556,0x81B8560,10,ascii,"4C""31""""""33",si,,
0x81D9CB6,0x81D9CC0,10,ascii,"N""/.!3 AN%",,si,
0x81DBEB2,0x81DBEBC,10,ascii,TDTfFC2TES,si,,
0x81DBF12,0x81DBF20,14,ascii,B2BDDCUEDC44D2,si,,
0x81E29A7,0x81E29B1,10,ascii,"A .2D!1""""+",,,
0x81E9B62,0x81E9B70,14,ascii,dD4DEECEDdeUDU,si,,
0x81E9B72,0x81E9B80,14,ascii,VED4TTD4S4EDUe,si,,
0x81E9DB2,0x81E9DC0,14,ascii,fVVVfDTDEDC4DD,si,,
0x81E9EF2,0x81E9F00,14,ascii,DUDTUfFfTETVUD,si,,
0x81EA272,0x81EA280,14,ascii,TVUUUTTUDUDeFU,si,,
0x81EA292,0x81EA2A0,14,ascii,UEEEDDEETECTUd,si,,
0x81EA2B2,0x81EA2C0,14,ascii,D4432333333333,si,,
0x81EA302,0x81EA310,14,ascii,4C3333332B33DD,si,,
0x81EA322,0x81EA330,14,ascii,VVVfUUeffVUVUU,si,,
0x81EA332,0x81EA340,14,ascii,VEECTUEDD54DTD,si,,
0x81EA392,0x81EA3A0,14,ascii,%cEEDDTTE4TDET,si,,
0x81EA582,0x81EA590,14,ascii,3D33C33B3C4D23,si,,
0x81EA5A2,0x81EA5B0,14,ascii,eTedDddUSTEDDU,si,,
0x81EA662,0x81EA670,14,ascii,"3343333333""333",si,,
0x81EA672,0x81EA680,14,ascii,3332343333B332,si,,
0x81EA682,0x81EA690,14,ascii,EFUVEUT5FEUVfU,si,,
0x81EA992,0x81EA9A0,14,ascii,33D3D333333333,si,,
0x81EA9A2,0x81EA9B0,14,ascii,"3CC3C33""""""""333",si,,
0x81EAA12,0x81EAA20,14,ascii,D33D3343333333,si,,
0x81EAA22,0x81EAA30,14,ascii,eEVUTV5BB44D4d,si,,
0x81EAA32,0x81EAA40,14,ascii,EDFES342E33T4D,si,,
0x81EAA42,0x81EAA50,14,ascii,3D32C322323C23,si,,
0x81EAAB2,0x81EAAC0,14,ascii,DTDEDCUUeET4UT,si,,
0x81EB142,0x81EB150,14,ascii,FUTDEDDTDEeUU6,si,,
0x81EB152,0x81EB160,14,ascii,VDDC4TTDDDUEDC,si,,
0x81EB162,0x81EB170,14,ascii,4DTDTeTDEeFTDD,si,,
0x81EB172,0x81EB180,14,ascii,UdVDDTcEDDEEVD,si,,
0x81EB182,0x81EB190,14,ascii,VTTEEDDDDD33CD,si,,
0x81EB192,0x81EB1A0,14,ascii,UFVeUUUUTUTUeV,si,,
0x81EB1B2,0x81EB1C0,14,ascii,4DC43332233333,si,,
0x81EB1C2,0x81EB1D0,14,ascii,TDeUEDEeFUUUUf,si,,
0x81EB842,0x81EB850,14,ascii,334333DDCCDDC4,si,,
0x81EB862,0x81EB870,14,ascii,443233C3D33333,si,,
0x81EB962,0x81EB970,14,ascii,DT4DEECEEdUefU,si,,
0x81EC002,0x81EC010,14,ascii,23234433333332,si,,
0x81EC082,0x81EC090,14,ascii,"""333333C34D433",si,,
0x81EC0E2,0x81EC0F0,14,ascii,33433343333333,si,,
0x81EC0F2,0x81EC100,14,ascii,eUEDVVeDD4DDDD,si,,
0x81EC102,0x81EC110,14,ascii,E4EDDDTUEDUUTd,si,,
0x81F4EB2,0x81F4EBD,11,ascii,E1BU2s4Eu33,si,,
0x8208465,0x8208470,11,ascii,"""!!!32EUFTC",si,,
0x8208616,0x8208621,11,ascii,"23213""2CD3,",si,,
